[0.000000] (-) TimerEvent: {}
[0.000485] (robot_grasping) JobQueued: {'identifier': 'robot_grasping', 'dependencies': OrderedDict()}
[0.000636] (robot_grasping) JobStarted: {'identifier': 'robot_grasping'}
[0.098547] (-) TimerEvent: {}
[0.199430] (-) TimerEvent: {}
[0.300129] (-) TimerEvent: {}
[0.400784] (-) TimerEvent: {}
[0.501485] (-) TimerEvent: {}
[0.602348] (-) TimerEvent: {}
[0.703076] (-) TimerEvent: {}
[0.803804] (-) TimerEvent: {}
[0.904475] (-) TimerEvent: {}
[1.005118] (-) TimerEvent: {}
[1.105895] (-) TimerEvent: {}
[1.206601] (-) TimerEvent: {}
[1.307321] (-) TimerEvent: {}
[1.342962] (robot_grasping) Command: {'cmd': ['/usr/bin/python3', '-W', 'ignore:setup.py install is deprecated', '-W', 'ignore:easy_install command is deprecated', 'setup.py', 'egg_info', '--egg-base', 'build/robot_grasping', 'build', '--build-base', '/home/jetson/vmf/build/robot_grasping/build', 'install', '--record', '/home/jetson/vmf/build/robot_grasping/install.log', '--single-version-externally-managed', 'install_data'], 'cwd': '/home/jetson/vmf', 'env': {'LESSOPEN': '| /usr/bin/lesspipe %s', 'USER': 'jetson', 'XDG_SESSION_TYPE': 'x11', 'SHLVL': '1', 'LD_LIBRARY_PATH': '/opt/ros/humble/opt/rviz_ogre_vendor/lib:/opt/ros/humble/lib/aarch64-linux-gnu:/opt/ros/humble/lib:/usr/local/cuda-12.6/lib64:', 'HOME': '/home/jetson', 'OLDPWD': '/home/jetson', 'DESKTOP_SESSION': 'ubuntu', 'ROS_PYTHON_VERSION': '3', 'GNOME_SHELL_SESSION_MODE': 'ubuntu', 'GTK_MODULES': 'gail:atk-bridge', 'SYSTEMD_EXEC_PID': '2548', 'DBUS_SESSION_BUS_ADDRESS': 'unix:path=/run/user/1000/bus', 'COLORTERM': 'truecolor', 'IM_CONFIG_PHASE': '1', 'ROS_DISTRO': 'humble', 'GTK_IM_MODULE': 'ibus', 'LOGNAME': 'jetson', '_': '/usr/bin/colcon', 'ROS_VERSION': '2', 'XDG_SESSION_CLASS': 'user', 'USERNAME': 'jetson', 'TERM': 'xterm-256color', 'GNOME_DESKTOP_SESSION_ID': 'this-is-deprecated', 'ROS_LOCALHOST_ONLY': '0', 'WINDOWPATH': '2', 'PATH': '/opt/ros/humble/bin:/usr/local/cuda/bin:/home/jetson/.local/bin:/usr/local/sbin:/usr/local/bin:/usr/sbin:/usr/bin:/sbin:/bin:/usr/games:/usr/local/games:/snap/bin:/snap/bin', 'SESSION_MANAGER': 'local/ubuntu:@/tmp/.ICE-unix/2525,unix/ubuntu:/tmp/.ICE-unix/2525', 'XDG_MENU_PREFIX': 'gnome-', 'GNOME_TERMINAL_SCREEN': '/org/gnome/Terminal/screen/19a91d76_ec4f_4598_b4d7_7a7bb884e080', 'XDG_RUNTIME_DIR': '/run/user/1000', 'DISPLAY': ':1', 'LANG': 'en_US.UTF-8', 'XDG_CURRENT_DESKTOP': 'ubuntu:GNOME', 'RMW_IMPLEMENTATION': 'rmw_cyclonedds_cpp', 'XMODIFIERS': '@im=ibus', 'XDG_SESSION_DESKTOP': 'ubuntu', 'XAUTHORITY': '/run/user/1000/gdm/Xauthority', 'LS_COLORS': 'rs=0:di=01;34:ln=01;36:mh=00:pi=40;33:so=01;35:do=01;35:bd=40;33;01:cd=40;33;01:or=40;31;01:mi=00:su=37;41:sg=30;43:ca=30;41:tw=30;42:ow=34;42:st=37;44:ex=01;32:*.tar=01;31:*.tgz=01;31:*.arc=01;31:*.arj=01;31:*.taz=01;31:*.lha=01;31:*.lz4=01;31:*.lzh=01;31:*.lzma=01;31:*.tlz=01;31:*.txz=01;31:*.tzo=01;31:*.t7z=01;31:*.zip=01;31:*.z=01;31:*.dz=01;31:*.gz=01;31:*.lrz=01;31:*.lz=01;31:*.lzo=01;31:*.xz=01;31:*.zst=01;31:*.tzst=01;31:*.bz2=01;31:*.bz=01;31:*.tbz=01;31:*.tbz2=01;31:*.tz=01;31:*.deb=01;31:*.rpm=01;31:*.jar=01;31:*.war=01;31:*.ear=01;31:*.sar=01;31:*.rar=01;31:*.alz=01;31:*.ace=01;31:*.zoo=01;31:*.cpio=01;31:*.7z=01;31:*.rz=01;31:*.cab=01;31:*.wim=01;31:*.swm=01;31:*.dwm=01;31:*.esd=01;31:*.jpg=01;35:*.jpeg=01;35:*.mjpg=01;35:*.mjpeg=01;35:*.gif=01;35:*.bmp=01;35:*.pbm=01;35:*.pgm=01;35:*.ppm=01;35:*.tga=01;35:*.xbm=01;35:*.xpm=01;35:*.tif=01;35:*.tiff=01;35:*.png=01;35:*.svg=01;35:*.svgz=01;35:*.mng=01;35:*.pcx=01;35:*.mov=01;35:*.mpg=01;35:*.mpeg=01;35:*.m2v=01;35:*.mkv=01;35:*.webm=01;35:*.webp=01;35:*.ogm=01;35:*.mp4=01;35:*.m4v=01;35:*.mp4v=01;35:*.vob=01;35:*.qt=01;35:*.nuv=01;35:*.wmv=01;35:*.asf=01;35:*.rm=01;35:*.rmvb=01;35:*.flc=01;35:*.avi=01;35:*.fli=01;35:*.flv=01;35:*.gl=01;35:*.dl=01;35:*.xcf=01;35:*.xwd=01;35:*.yuv=01;35:*.cgm=01;35:*.emf=01;35:*.ogv=01;35:*.ogx=01;35:*.aac=00;36:*.au=00;36:*.flac=00;36:*.m4a=00;36:*.mid=00;36:*.midi=00;36:*.mka=00;36:*.mp3=00;36:*.mpc=00;36:*.ogg=00;36:*.ra=00;36:*.wav=00;36:*.oga=00;36:*.opus=00;36:*.spx=00;36:*.xspf=00;36:', 'GNOME_TERMINAL_SERVICE': ':1.90', 'SSH_AGENT_LAUNCHER': 'gnome-keyring', 'SSH_AUTH_SOCK': '/run/user/1000/keyring/ssh', 'ROS_DOMAIN_ID': '0', 'AMENT_PREFIX_PATH': '/opt/ros/humble', 'SHELL': '/bin/bash', 'QT_ACCESSIBILITY': '1', 'GDMSESSION': 'ubuntu', 'LESSCLOSE': '/usr/bin/lesspipe %s %s', 'GPG_AGENT_INFO': '/run/user/1000/gnupg/S.gpg-agent:0:1', 'QT_IM_MODULE': 'ibus', 'PWD': '/home/jetson/vmf/build/robot_grasping', 'LC_ALL': 'en_US.UTF-8', 'XDG_CONFIG_DIRS': '/etc/xdg/xdg-ubuntu:/etc/xdg', 'XDG_DATA_DIRS': '/usr/share/ubuntu:/usr/share/gnome:/usr/local/share/:/usr/share/:/var/lib/snapd/desktop', 'PYTHONPATH': '/home/jetson/vmf/build/robot_grasping/prefix_override:/usr/lib/python3/dist-packages/colcon_core/task/python/colcon_distutils_commands:/home/jetson/vmf/install/robot_grasping/lib/python3.10/site-packages:/opt/ros/humble/lib/python3.10/site-packages:/opt/ros/humble/local/lib/python3.10/dist-packages', 'COLCON': '1', 'VTE_VERSION': '6800'}, 'shell': False}
[1.407436] (-) TimerEvent: {}
[1.507912] (-) TimerEvent: {}
[1.608382] (-) TimerEvent: {}
[1.708906] (-) TimerEvent: {}
[1.809486] (-) TimerEvent: {}
[1.827922] (robot_grasping) StdoutLine: {'line': b'running egg_info\n'}
[1.828933] (robot_grasping) StdoutLine: {'line': b'creating build/robot_grasping/robot_grasping.egg-info\n'}
[1.829441] (robot_grasping) StdoutLine: {'line': b'writing build/robot_grasping/robot_grasping.egg-info/PKG-INFO\n'}
[1.829902] (robot_grasping) StdoutLine: {'line': b'writing dependency_links to build/robot_grasping/robot_grasping.egg-info/dependency_links.txt\n'}
[1.832391] (robot_grasping) StdoutLine: {'line': b'writing entry points to build/robot_grasping/robot_grasping.egg-info/entry_points.txt\n'}
[1.832753] (robot_grasping) StdoutLine: {'line': b'writing requirements to build/robot_grasping/robot_grasping.egg-info/requires.txt\n'}
[1.833089] (robot_grasping) StdoutLine: {'line': b'writing top-level names to build/robot_grasping/robot_grasping.egg-info/top_level.txt\n'}
[1.833395] (robot_grasping) StdoutLine: {'line': b"writing manifest file 'build/robot_grasping/robot_grasping.egg-info/SOURCES.txt'\n"}
[1.851821] (robot_grasping) StdoutLine: {'line': b"reading manifest file 'build/robot_grasping/robot_grasping.egg-info/SOURCES.txt'\n"}
[1.857042] (robot_grasping) StdoutLine: {'line': b"writing manifest file 'build/robot_grasping/robot_grasping.egg-info/SOURCES.txt'\n"}
[1.857436] (robot_grasping) StdoutLine: {'line': b'running build\n'}
[1.857890] (robot_grasping) StdoutLine: {'line': b'running build_py\n'}
[1.858416] (robot_grasping) StdoutLine: {'line': b'creating /home/jetson/vmf/build/robot_grasping/build\n'}
[1.858834] (robot_grasping) StdoutLine: {'line': b'creating /home/jetson/vmf/build/robot_grasping/build/lib\n'}
[1.859186] (robot_grasping) StdoutLine: {'line': b'creating /home/jetson/vmf/build/robot_grasping/build/lib/active_grasp\n'}
[1.859538] (robot_grasping) StdoutLine: {'line': b'copying active_grasp/baselines.py -> /home/jetson/vmf/build/robot_grasping/build/lib/active_grasp\n'}
[1.859842] (robot_grasping) StdoutLine: {'line': b'copying active_grasp/timer.py -> /home/jetson/vmf/build/robot_grasping/build/lib/active_grasp\n'}
[1.860081] (robot_grasping) StdoutLine: {'line': b'copying active_grasp/policy.py -> /home/jetson/vmf/build/robot_grasping/build/lib/active_grasp\n'}
[1.860372] (robot_grasping) StdoutLine: {'line': b'copying active_grasp/networks.py -> /home/jetson/vmf/build/robot_grasping/build/lib/active_grasp\n'}
[1.860697] (robot_grasping) StdoutLine: {'line': b'copying active_grasp/spatial.py -> /home/jetson/vmf/build/robot_grasping/build/lib/active_grasp\n'}
[1.860934] (robot_grasping) StdoutLine: {'line': b'copying active_grasp/bbox.py -> /home/jetson/vmf/build/robot_grasping/build/lib/active_grasp\n'}
[1.861252] (robot_grasping) StdoutLine: {'line': b'copying active_grasp/nbv.py -> /home/jetson/vmf/build/robot_grasping/build/lib/active_grasp\n'}
[1.861531] (robot_grasping) StdoutLine: {'line': b'copying active_grasp/vlm_policy.py -> /home/jetson/vmf/build/robot_grasping/build/lib/active_grasp\n'}
[1.861755] (robot_grasping) StdoutLine: {'line': b'copying active_grasp/perception.py -> /home/jetson/vmf/build/robot_grasping/build/lib/active_grasp\n'}
[1.862063] (robot_grasping) StdoutLine: {'line': b'copying active_grasp/__init__.py -> /home/jetson/vmf/build/robot_grasping/build/lib/active_grasp\n'}
[1.862347] (robot_grasping) StdoutLine: {'line': b'creating /home/jetson/vmf/build/robot_grasping/build/lib/vmf_contact_main\n'}
[1.862578] (robot_grasping) StdoutLine: {'line': b'copying vmf_contact_main/train.py -> /home/jetson/vmf/build/robot_grasping/build/lib/vmf_contact_main\n'}
[1.862883] (robot_grasping) StdoutLine: {'line': b'copying vmf_contact_main/test.py -> /home/jetson/vmf/build/robot_grasping/build/lib/vmf_contact_main\n'}
[1.863212] (robot_grasping) StdoutLine: {'line': b'copying vmf_contact_main/remote_agent.py -> /home/jetson/vmf/build/robot_grasping/build/lib/vmf_contact_main\n'}
[1.863498] (robot_grasping) StdoutLine: {'line': b'copying vmf_contact_main/__init__.py -> /home/jetson/vmf/build/robot_grasping/build/lib/vmf_contact_main\n'}
[1.863782] (robot_grasping) StdoutLine: {'line': b'creating /home/jetson/vmf/build/robot_grasping/build/lib/ros2_nodes\n'}
[1.864066] (robot_grasping) StdoutLine: {'line': b'copying ros2_nodes/camera_utils.py -> /home/jetson/vmf/build/robot_grasping/build/lib/ros2_nodes\n'}
[1.864377] (robot_grasping) StdoutLine: {'line': b'copying ros2_nodes/utils_camera.py -> /home/jetson/vmf/build/robot_grasping/build/lib/ros2_nodes\n'}
[1.864658] (robot_grasping) StdoutLine: {'line': b'copying ros2_nodes/inference_node_vlm.py -> /home/jetson/vmf/build/robot_grasping/build/lib/ros2_nodes\n'}
[1.864934] (robot_grasping) StdoutLine: {'line': b'copying ros2_nodes/inference_node_data.py -> /home/jetson/vmf/build/robot_grasping/build/lib/ros2_nodes\n'}
[1.865212] (robot_grasping) StdoutLine: {'line': b'copying ros2_nodes/test_frame_saver.py -> /home/jetson/vmf/build/robot_grasping/build/lib/ros2_nodes\n'}
[1.865483] (robot_grasping) StdoutLine: {'line': b'copying ros2_nodes/inference_node_giga_active.py -> /home/jetson/vmf/build/robot_grasping/build/lib/ros2_nodes\n'}
[1.865756] (robot_grasping) StdoutLine: {'line': b'copying ros2_nodes/inference_node_vmf.py -> /home/jetson/vmf/build/robot_grasping/build/lib/ros2_nodes\n'}
[1.866073] (robot_grasping) StdoutLine: {'line': b'copying ros2_nodes/utils_node.py -> /home/jetson/vmf/build/robot_grasping/build/lib/ros2_nodes\n'}
[1.866320] (robot_grasping) StdoutLine: {'line': b'copying ros2_nodes/test_visualization_node.py -> /home/jetson/vmf/build/robot_grasping/build/lib/ros2_nodes\n'}
[1.866642] (robot_grasping) StdoutLine: {'line': b'copying ros2_nodes/inference_node_base.py -> /home/jetson/vmf/build/robot_grasping/build/lib/ros2_nodes\n'}
[1.866949] (robot_grasping) StdoutLine: {'line': b'copying ros2_nodes/inference_node_giga.py -> /home/jetson/vmf/build/robot_grasping/build/lib/ros2_nodes\n'}
[1.867232] (robot_grasping) StdoutLine: {'line': b'copying ros2_nodes/__init__.py -> /home/jetson/vmf/build/robot_grasping/build/lib/ros2_nodes\n'}
[1.867550] (robot_grasping) StdoutLine: {'line': b'creating /home/jetson/vmf/build/robot_grasping/build/lib/openpoints\n'}
[1.867846] (robot_grasping) StdoutLine: {'line': b'copying openpoints/__init__.py -> /home/jetson/vmf/build/robot_grasping/build/lib/openpoints\n'}
[1.868127] (robot_grasping) StdoutLine: {'line': b'creating /home/jetson/vmf/build/robot_grasping/build/lib/vmf_contact_main/vmf_contact\n'}
[1.868403] (robot_grasping) StdoutLine: {'line': b'copying vmf_contact_main/vmf_contact/__init__.py -> /home/jetson/vmf/build/robot_grasping/build/lib/vmf_contact_main/vmf_contact\n'}
[1.868711] (robot_grasping) StdoutLine: {'line': b'creating /home/jetson/vmf/build/robot_grasping/build/lib/vmf_contact_main/openpoints\n'}
[1.869002] (robot_grasping) StdoutLine: {'line': b'copying vmf_contact_main/openpoints/__init__.py -> /home/jetson/vmf/build/robot_grasping/build/lib/vmf_contact_main/openpoints\n'}
[1.869287] (robot_grasping) StdoutLine: {'line': b'creating /home/jetson/vmf/build/robot_grasping/build/lib/vmf_contact_main/vmf_contact/datasets\n'}
[1.869545] (robot_grasping) StdoutLine: {'line': b'copying vmf_contact_main/vmf_contact/datasets/pointcloud_process.py -> /home/jetson/vmf/build/robot_grasping/build/lib/vmf_contact_main/vmf_contact/datasets\n'}
[1.869821] (robot_grasping) StdoutLine: {'line': b'copying vmf_contact_main/vmf_contact/datasets/dataset.py -> /home/jetson/vmf/build/robot_grasping/build/lib/vmf_contact_main/vmf_contact/datasets\n'}
[1.870138] (robot_grasping) StdoutLine: {'line': b'copying vmf_contact_main/vmf_contact/datasets/mgn.py -> /home/jetson/vmf/build/robot_grasping/build/lib/vmf_contact_main/vmf_contact/datasets\n'}
[1.870425] (robot_grasping) StdoutLine: {'line': b'copying vmf_contact_main/vmf_contact/datasets/__init__.py -> /home/jetson/vmf/build/robot_grasping/build/lib/vmf_contact_main/vmf_contact/datasets\n'}
[1.870699] (robot_grasping) StdoutLine: {'line': b'creating /home/jetson/vmf/build/robot_grasping/build/lib/vmf_contact_main/vmf_contact/metrics\n'}
[1.871012] (robot_grasping) StdoutLine: {'line': b'copying vmf_contact_main/vmf_contact/metrics/ausc_ause.py -> /home/jetson/vmf/build/robot_grasping/build/lib/vmf_contact_main/vmf_contact/metrics\n'}
[1.871287] (robot_grasping) StdoutLine: {'line': b'copying vmf_contact_main/vmf_contact/metrics/aucpr.py -> /home/jetson/vmf/build/robot_grasping/build/lib/vmf_contact_main/vmf_contact/metrics\n'}
[1.871519] (robot_grasping) StdoutLine: {'line': b'copying vmf_contact_main/vmf_contact/metrics/brier.py -> /home/jetson/vmf/build/robot_grasping/build/lib/vmf_contact_main/vmf_contact/metrics\n'}
[1.871830] (robot_grasping) StdoutLine: {'line': b'copying vmf_contact_main/vmf_contact/metrics/__init__.py -> /home/jetson/vmf/build/robot_grasping/build/lib/vmf_contact_main/vmf_contact/metrics\n'}
[1.872109] (robot_grasping) StdoutLine: {'line': b'creating /home/jetson/vmf/build/robot_grasping/build/lib/vmf_contact_main/vmf_contact/model\n'}
[1.872390] (robot_grasping) StdoutLine: {'line': b'copying vmf_contact_main/vmf_contact/model/estimator.py -> /home/jetson/vmf/build/robot_grasping/build/lib/vmf_contact_main/vmf_contact/model\n'}
[1.872670] (robot_grasping) StdoutLine: {'line': b'copying vmf_contact_main/vmf_contact/model/lightning_module_flow.py -> /home/jetson/vmf/build/robot_grasping/build/lib/vmf_contact_main/vmf_contact/model\n'}
[1.872943] (robot_grasping) StdoutLine: {'line': b'copying vmf_contact_main/vmf_contact/model/lightning_module.py -> /home/jetson/vmf/build/robot_grasping/build/lib/vmf_contact_main/vmf_contact/model\n'}
[1.873250] (robot_grasping) StdoutLine: {'line': b'copying vmf_contact_main/vmf_contact/model/grasp_buffer.py -> /home/jetson/vmf/build/robot_grasping/build/lib/vmf_contact_main/vmf_contact/model\n'}
[1.873536] (robot_grasping) StdoutLine: {'line': b'copying vmf_contact_main/vmf_contact/model/utils.py -> /home/jetson/vmf/build/robot_grasping/build/lib/vmf_contact_main/vmf_contact/model\n'}
[1.873810] (robot_grasping) StdoutLine: {'line': b'copying vmf_contact_main/vmf_contact/model/__init__.py -> /home/jetson/vmf/build/robot_grasping/build/lib/vmf_contact_main/vmf_contact/model\n'}
[1.874085] (robot_grasping) StdoutLine: {'line': b'creating /home/jetson/vmf/build/robot_grasping/build/lib/vmf_contact_main/vmf_contact/nn\n'}
[1.874352] (robot_grasping) StdoutLine: {'line': b'copying vmf_contact_main/vmf_contact/nn/position_encodings.py -> /home/jetson/vmf/build/robot_grasping/build/lib/vmf_contact_main/vmf_contact/nn\n'}
[1.874656] (robot_grasping) StdoutLine: {'line': b'copying vmf_contact_main/vmf_contact/nn/util.py -> /home/jetson/vmf/build/robot_grasping/build/lib/vmf_contact_main/vmf_contact/nn\n'}
[1.874973] (robot_grasping) StdoutLine: {'line': b'copying vmf_contact_main/vmf_contact/nn/attention.py -> /home/jetson/vmf/build/robot_grasping/build/lib/vmf_contact_main/vmf_contact/nn\n'}
[1.875279] (robot_grasping) StdoutLine: {'line': b'copying vmf_contact_main/vmf_contact/nn/scaler.py -> /home/jetson/vmf/build/robot_grasping/build/lib/vmf_contact_main/vmf_contact/nn\n'}
[1.875562] (robot_grasping) StdoutLine: {'line': b'copying vmf_contact_main/vmf_contact/nn/network.py -> /home/jetson/vmf/build/robot_grasping/build/lib/vmf_contact_main/vmf_contact/nn\n'}
[1.875901] (robot_grasping) StdoutLine: {'line': b'copying vmf_contact_main/vmf_contact/nn/uncertainty_estimator.py -> /home/jetson/vmf/build/robot_grasping/build/lib/vmf_contact_main/vmf_contact/nn\n'}
[1.876175] (robot_grasping) StdoutLine: {'line': b'copying vmf_contact_main/vmf_contact/nn/loss.py -> /home/jetson/vmf/build/robot_grasping/build/lib/vmf_contact_main/vmf_contact/nn\n'}
[1.876453] (robot_grasping) StdoutLine: {'line': b'copying vmf_contact_main/vmf_contact/nn/pointr.py -> /home/jetson/vmf/build/robot_grasping/build/lib/vmf_contact_main/vmf_contact/nn\n'}
[1.876721] (robot_grasping) StdoutLine: {'line': b'copying vmf_contact_main/vmf_contact/nn/multihead_custom_attention.py -> /home/jetson/vmf/build/robot_grasping/build/lib/vmf_contact_main/vmf_contact/nn\n'}
[1.877038] (robot_grasping) StdoutLine: {'line': b'copying vmf_contact_main/vmf_contact/nn/__init__.py -> /home/jetson/vmf/build/robot_grasping/build/lib/vmf_contact_main/vmf_contact/nn\n'}
[1.877270] (robot_grasping) StdoutLine: {'line': b'creating /home/jetson/vmf/build/robot_grasping/build/lib/vmf_contact_main/vmf_contact/datasets/_utils\n'}
[1.877583] (robot_grasping) StdoutLine: {'line': b'copying vmf_contact_main/vmf_contact/datasets/_utils/transforms.py -> /home/jetson/vmf/build/robot_grasping/build/lib/vmf_contact_main/vmf_contact/datasets/_utils\n'}
[1.877853] (robot_grasping) StdoutLine: {'line': b'copying vmf_contact_main/vmf_contact/datasets/_utils/_registry.py -> /home/jetson/vmf/build/robot_grasping/build/lib/vmf_contact_main/vmf_contact/datasets/_utils\n'}
[1.878129] (robot_grasping) StdoutLine: {'line': b'copying vmf_contact_main/vmf_contact/datasets/_utils/split.py -> /home/jetson/vmf/build/robot_grasping/build/lib/vmf_contact_main/vmf_contact/datasets/_utils\n'}
[1.878444] (robot_grasping) StdoutLine: {'line': b'copying vmf_contact_main/vmf_contact/datasets/_utils/_base.py -> /home/jetson/vmf/build/robot_grasping/build/lib/vmf_contact_main/vmf_contact/datasets/_utils\n'}
[1.878716] (robot_grasping) StdoutLine: {'line': b'copying vmf_contact_main/vmf_contact/datasets/_utils/__init__.py -> /home/jetson/vmf/build/robot_grasping/build/lib/vmf_contact_main/vmf_contact/datasets/_utils\n'}
[1.878988] (robot_grasping) StdoutLine: {'line': b'creating /home/jetson/vmf/build/robot_grasping/build/lib/vmf_contact_main/vmf_contact/nn/output\n'}
[1.879308] (robot_grasping) StdoutLine: {'line': b'copying vmf_contact_main/vmf_contact/nn/output/normal.py -> /home/jetson/vmf/build/robot_grasping/build/lib/vmf_contact_main/vmf_contact/nn/output\n'}
[1.879589] (robot_grasping) StdoutLine: {'line': b'copying vmf_contact_main/vmf_contact/nn/output/ps.py -> /home/jetson/vmf/build/robot_grasping/build/lib/vmf_contact_main/vmf_contact/nn/output\n'}
[1.879865] (robot_grasping) StdoutLine: {'line': b'copying vmf_contact_main/vmf_contact/nn/output/normal_multi.py -> /home/jetson/vmf/build/robot_grasping/build/lib/vmf_contact_main/vmf_contact/nn/output\n'}
[1.880133] (robot_grasping) StdoutLine: {'line': b'copying vmf_contact_main/vmf_contact/nn/output/_base.py -> /home/jetson/vmf/build/robot_grasping/build/lib/vmf_contact_main/vmf_contact/nn/output\n'}
[1.880438] (robot_grasping) StdoutLine: {'line': b'copying vmf_contact_main/vmf_contact/nn/output/vmf.py -> /home/jetson/vmf/build/robot_grasping/build/lib/vmf_contact_main/vmf_contact/nn/output\n'}
[1.880710] (robot_grasping) StdoutLine: {'line': b'copying vmf_contact_main/vmf_contact/nn/output/__init__.py -> /home/jetson/vmf/build/robot_grasping/build/lib/vmf_contact_main/vmf_contact/nn/output\n'}
[1.880985] (robot_grasping) StdoutLine: {'line': b'creating /home/jetson/vmf/build/robot_grasping/build/lib/vmf_contact_main/openpoints/cpp\n'}
[1.881254] (robot_grasping) StdoutLine: {'line': b'copying vmf_contact_main/openpoints/cpp/__init__.py -> /home/jetson/vmf/build/robot_grasping/build/lib/vmf_contact_main/openpoints/cpp\n'}
[1.881516] (robot_grasping) StdoutLine: {'line': b'creating /home/jetson/vmf/build/robot_grasping/build/lib/vmf_contact_main/openpoints/transforms\n'}
[1.881850] (robot_grasping) StdoutLine: {'line': b'copying vmf_contact_main/openpoints/transforms/transforms_factory.py -> /home/jetson/vmf/build/robot_grasping/build/lib/vmf_contact_main/openpoints/transforms\n'}
[1.882128] (robot_grasping) StdoutLine: {'line': b'copying vmf_contact_main/openpoints/transforms/point_transform_cpu.py -> /home/jetson/vmf/build/robot_grasping/build/lib/vmf_contact_main/openpoints/transforms\n'}
[1.882385] (robot_grasping) StdoutLine: {'line': b'copying vmf_contact_main/openpoints/transforms/point_transformer_gpu.py -> /home/jetson/vmf/build/robot_grasping/build/lib/vmf_contact_main/openpoints/transforms\n'}
[1.882645] (robot_grasping) StdoutLine: {'line': b'copying vmf_contact_main/openpoints/transforms/__init__.py -> /home/jetson/vmf/build/robot_grasping/build/lib/vmf_contact_main/openpoints/transforms\n'}
[1.882978] (robot_grasping) StdoutLine: {'line': b'creating /home/jetson/vmf/build/robot_grasping/build/lib/vmf_contact_main/openpoints/utils\n'}
[1.883311] (robot_grasping) StdoutLine: {'line': b'copying vmf_contact_main/openpoints/utils/wandb.py -> /home/jetson/vmf/build/robot_grasping/build/lib/vmf_contact_main/openpoints/utils\n'}
[1.883597] (robot_grasping) StdoutLine: {'line': b'copying vmf_contact_main/openpoints/utils/dist_utils.py -> /home/jetson/vmf/build/robot_grasping/build/lib/vmf_contact_main/openpoints/utils\n'}
[1.883863] (robot_grasping) StdoutLine: {'line': b'copying vmf_contact_main/openpoints/utils/registry.py -> /home/jetson/vmf/build/robot_grasping/build/lib/vmf_contact_main/openpoints/utils\n'}
[1.884176] (robot_grasping) StdoutLine: {'line': b'copying vmf_contact_main/openpoints/utils/metrics.py -> /home/jetson/vmf/build/robot_grasping/build/lib/vmf_contact_main/openpoints/utils\n'}
[1.884453] (robot_grasping) StdoutLine: {'line': b'copying vmf_contact_main/openpoints/utils/config.py -> /home/jetson/vmf/build/robot_grasping/build/lib/vmf_contact_main/openpoints/utils\n'}
[1.884728] (robot_grasping) StdoutLine: {'line': b'copying vmf_contact_main/openpoints/utils/ckpt_util.py -> /home/jetson/vmf/build/robot_grasping/build/lib/vmf_contact_main/openpoints/utils\n'}
[1.885003] (robot_grasping) StdoutLine: {'line': b'copying vmf_contact_main/openpoints/utils/random.py -> /home/jetson/vmf/build/robot_grasping/build/lib/vmf_contact_main/openpoints/utils\n'}
[1.885321] (robot_grasping) StdoutLine: {'line': b'copying vmf_contact_main/openpoints/utils/str2bool.py -> /home/jetson/vmf/build/robot_grasping/build/lib/vmf_contact_main/openpoints/utils\n'}
[1.885598] (robot_grasping) StdoutLine: {'line': b'copying vmf_contact_main/openpoints/utils/__init__.py -> /home/jetson/vmf/build/robot_grasping/build/lib/vmf_contact_main/openpoints/utils\n'}
[1.885864] (robot_grasping) StdoutLine: {'line': b'copying vmf_contact_main/openpoints/utils/logger.py -> /home/jetson/vmf/build/robot_grasping/build/lib/vmf_contact_main/openpoints/utils\n'}
[1.886143] (robot_grasping) StdoutLine: {'line': b'creating /home/jetson/vmf/build/robot_grasping/build/lib/vmf_contact_main/openpoints/models\n'}
[1.886418] (robot_grasping) StdoutLine: {'line': b'copying vmf_contact_main/openpoints/models/build.py -> /home/jetson/vmf/build/robot_grasping/build/lib/vmf_contact_main/openpoints/models\n'}
[1.886734] (robot_grasping) StdoutLine: {'line': b'copying vmf_contact_main/openpoints/models/registry.py -> /home/jetson/vmf/build/robot_grasping/build/lib/vmf_contact_main/openpoints/models\n'}
[1.887047] (robot_grasping) StdoutLine: {'line': b'copying vmf_contact_main/openpoints/models/__init__.py -> /home/jetson/vmf/build/robot_grasping/build/lib/vmf_contact_main/openpoints/models\n'}
[1.887307] (robot_grasping) StdoutLine: {'line': b'creating /home/jetson/vmf/build/robot_grasping/build/lib/vmf_contact_main/openpoints/scheduler\n'}
[1.887613] (robot_grasping) StdoutLine: {'line': b'copying vmf_contact_main/openpoints/scheduler/multistep_lr.py -> /home/jetson/vmf/build/robot_grasping/build/lib/vmf_contact_main/openpoints/scheduler\n'}
[1.887918] (robot_grasping) StdoutLine: {'line': b'copying vmf_contact_main/openpoints/scheduler/step_lr.py -> /home/jetson/vmf/build/robot_grasping/build/lib/vmf_contact_main/openpoints/scheduler\n'}
[1.888145] (robot_grasping) StdoutLine: {'line': b'copying vmf_contact_main/openpoints/scheduler/poly_lr.py -> /home/jetson/vmf/build/robot_grasping/build/lib/vmf_contact_main/openpoints/scheduler\n'}
[1.888455] (robot_grasping) StdoutLine: {'line': b'copying vmf_contact_main/openpoints/scheduler/plateau_lr.py -> /home/jetson/vmf/build/robot_grasping/build/lib/vmf_contact_main/openpoints/scheduler\n'}
[1.888732] (robot_grasping) StdoutLine: {'line': b'copying vmf_contact_main/openpoints/scheduler/scheduler_factory.py -> /home/jetson/vmf/build/robot_grasping/build/lib/vmf_contact_main/openpoints/scheduler\n'}
[1.888996] (robot_grasping) StdoutLine: {'line': b'copying vmf_contact_main/openpoints/scheduler/cosine_lr.py -> /home/jetson/vmf/build/robot_grasping/build/lib/vmf_contact_main/openpoints/scheduler\n'}
[1.889301] (robot_grasping) StdoutLine: {'line': b'copying vmf_contact_main/openpoints/scheduler/scheduler.py -> /home/jetson/vmf/build/robot_grasping/build/lib/vmf_contact_main/openpoints/scheduler\n'}
[1.889580] (robot_grasping) StdoutLine: {'line': b'copying vmf_contact_main/openpoints/scheduler/tanh_lr.py -> /home/jetson/vmf/build/robot_grasping/build/lib/vmf_contact_main/openpoints/scheduler\n'}
[1.889858] (robot_grasping) StdoutLine: {'line': b'copying vmf_contact_main/openpoints/scheduler/__init__.py -> /home/jetson/vmf/build/robot_grasping/build/lib/vmf_contact_main/openpoints/scheduler\n'}
[1.890165] (robot_grasping) StdoutLine: {'line': b'creating /home/jetson/vmf/build/robot_grasping/build/lib/vmf_contact_main/openpoints/loss\n'}
[1.890445] (robot_grasping) StdoutLine: {'line': b'copying vmf_contact_main/openpoints/loss/cross_entropy.py -> /home/jetson/vmf/build/robot_grasping/build/lib/vmf_contact_main/openpoints/loss\n'}
[1.890703] (robot_grasping) StdoutLine: {'line': b'copying vmf_contact_main/openpoints/loss/build.py -> /home/jetson/vmf/build/robot_grasping/build/lib/vmf_contact_main/openpoints/loss\n'}
[1.891113] (robot_grasping) StdoutLine: {'line': b'copying vmf_contact_main/openpoints/loss/distill_loss.py -> /home/jetson/vmf/build/robot_grasping/build/lib/vmf_contact_main/openpoints/loss\n'}
[1.891436] (robot_grasping) StdoutLine: {'line': b'copying vmf_contact_main/openpoints/loss/__init__.py -> /home/jetson/vmf/build/robot_grasping/build/lib/vmf_contact_main/openpoints/loss\n'}
[1.891727] (robot_grasping) StdoutLine: {'line': b'creating /home/jetson/vmf/build/robot_grasping/build/lib/vmf_contact_main/openpoints/dataset\n'}
[1.891954] (robot_grasping) StdoutLine: {'line': b'copying vmf_contact_main/openpoints/dataset/dataset_base.py -> /home/jetson/vmf/build/robot_grasping/build/lib/vmf_contact_main/openpoints/dataset\n'}
[1.892271] (robot_grasping) StdoutLine: {'line': b'copying vmf_contact_main/openpoints/dataset/build.py -> /home/jetson/vmf/build/robot_grasping/build/lib/vmf_contact_main/openpoints/dataset\n'}
[1.892541] (robot_grasping) StdoutLine: {'line': b'copying vmf_contact_main/openpoints/dataset/data_util.py -> /home/jetson/vmf/build/robot_grasping/build/lib/vmf_contact_main/openpoints/dataset\n'}
[1.892864] (robot_grasping) StdoutLine: {'line': b'copying vmf_contact_main/openpoints/dataset/vis2d.py -> /home/jetson/vmf/build/robot_grasping/build/lib/vmf_contact_main/openpoints/dataset\n'}
[1.893127] (robot_grasping) StdoutLine: {'line': b'copying vmf_contact_main/openpoints/dataset/grid_sample.py -> /home/jetson/vmf/build/robot_grasping/build/lib/vmf_contact_main/openpoints/dataset\n'}
[1.893410] (robot_grasping) StdoutLine: {'line': b'copying vmf_contact_main/openpoints/dataset/vis3d.py -> /home/jetson/vmf/build/robot_grasping/build/lib/vmf_contact_main/openpoints/dataset\n'}
[1.893730] (robot_grasping) StdoutLine: {'line': b'copying vmf_contact_main/openpoints/dataset/datalist.py -> /home/jetson/vmf/build/robot_grasping/build/lib/vmf_contact_main/openpoints/dataset\n'}
[1.894030] (robot_grasping) StdoutLine: {'line': b'copying vmf_contact_main/openpoints/dataset/__init__.py -> /home/jetson/vmf/build/robot_grasping/build/lib/vmf_contact_main/openpoints/dataset\n'}
[1.894298] (robot_grasping) StdoutLine: {'line': b'creating /home/jetson/vmf/build/robot_grasping/build/lib/vmf_contact_main/openpoints/optim\n'}
[1.894572] (robot_grasping) StdoutLine: {'line': b'copying vmf_contact_main/openpoints/optim/radam.py -> /home/jetson/vmf/build/robot_grasping/build/lib/vmf_contact_main/openpoints/optim\n'}
[1.894935] (robot_grasping) StdoutLine: {'line': b'copying vmf_contact_main/openpoints/optim/adafactor.py -> /home/jetson/vmf/build/robot_grasping/build/lib/vmf_contact_main/openpoints/optim\n'}
[1.895226] (robot_grasping) StdoutLine: {'line': b'copying vmf_contact_main/openpoints/optim/adamw.py -> /home/jetson/vmf/build/robot_grasping/build/lib/vmf_contact_main/openpoints/optim\n'}
[1.895502] (robot_grasping) StdoutLine: {'line': b'copying vmf_contact_main/openpoints/optim/sgdp.py -> /home/jetson/vmf/build/robot_grasping/build/lib/vmf_contact_main/openpoints/optim\n'}
[1.895777] (robot_grasping) StdoutLine: {'line': b'copying vmf_contact_main/openpoints/optim/rmsprop_tf.py -> /home/jetson/vmf/build/robot_grasping/build/lib/vmf_contact_main/openpoints/optim\n'}
[1.896064] (robot_grasping) StdoutLine: {'line': b'copying vmf_contact_main/openpoints/optim/optim_factory.py -> /home/jetson/vmf/build/robot_grasping/build/lib/vmf_contact_main/openpoints/optim\n'}
[1.896387] (robot_grasping) StdoutLine: {'line': b'copying vmf_contact_main/openpoints/optim/lars.py -> /home/jetson/vmf/build/robot_grasping/build/lib/vmf_contact_main/openpoints/optim\n'}
[1.896654] (robot_grasping) StdoutLine: {'line': b'copying vmf_contact_main/openpoints/optim/adahessian.py -> /home/jetson/vmf/build/robot_grasping/build/lib/vmf_contact_main/openpoints/optim\n'}
[1.896912] (robot_grasping) StdoutLine: {'line': b'copying vmf_contact_main/openpoints/optim/lookahead.py -> /home/jetson/vmf/build/robot_grasping/build/lib/vmf_contact_main/openpoints/optim\n'}
[1.897187] (robot_grasping) StdoutLine: {'line': b'copying vmf_contact_main/openpoints/optim/nadam.py -> /home/jetson/vmf/build/robot_grasping/build/lib/vmf_contact_main/openpoints/optim\n'}
[1.897508] (robot_grasping) StdoutLine: {'line': b'copying vmf_contact_main/openpoints/optim/adamp.py -> /home/jetson/vmf/build/robot_grasping/build/lib/vmf_contact_main/openpoints/optim\n'}
[1.897787] (robot_grasping) StdoutLine: {'line': b'copying vmf_contact_main/openpoints/optim/adabelief.py -> /home/jetson/vmf/build/robot_grasping/build/lib/vmf_contact_main/openpoints/optim\n'}
[1.898060] (robot_grasping) StdoutLine: {'line': b'copying vmf_contact_main/openpoints/optim/lamb.py -> /home/jetson/vmf/build/robot_grasping/build/lib/vmf_contact_main/openpoints/optim\n'}
[1.898376] (robot_grasping) StdoutLine: {'line': b'copying vmf_contact_main/openpoints/optim/__init__.py -> /home/jetson/vmf/build/robot_grasping/build/lib/vmf_contact_main/openpoints/optim\n'}
[1.898612] (robot_grasping) StdoutLine: {'line': b'copying vmf_contact_main/openpoints/optim/madgrad.py -> /home/jetson/vmf/build/robot_grasping/build/lib/vmf_contact_main/openpoints/optim\n'}
[1.898965] (robot_grasping) StdoutLine: {'line': b'copying vmf_contact_main/openpoints/optim/nvnovograd.py -> /home/jetson/vmf/build/robot_grasping/build/lib/vmf_contact_main/openpoints/optim\n'}
[1.899204] (robot_grasping) StdoutLine: {'line': b'creating /home/jetson/vmf/build/robot_grasping/build/lib/vmf_contact_main/openpoints/cpp/emd\n'}
[1.899551] (robot_grasping) StdoutLine: {'line': b'copying vmf_contact_main/openpoints/cpp/emd/setup.py -> /home/jetson/vmf/build/robot_grasping/build/lib/vmf_contact_main/openpoints/cpp/emd\n'}
[1.899878] (robot_grasping) StdoutLine: {'line': b'copying vmf_contact_main/openpoints/cpp/emd/test_emd_loss.py -> /home/jetson/vmf/build/robot_grasping/build/lib/vmf_contact_main/openpoints/cpp/emd\n'}
[1.900115] (robot_grasping) StdoutLine: {'line': b'copying vmf_contact_main/openpoints/cpp/emd/emd.py -> /home/jetson/vmf/build/robot_grasping/build/lib/vmf_contact_main/openpoints/cpp/emd\n'}
[1.900408] (robot_grasping) StdoutLine: {'line': b'copying vmf_contact_main/openpoints/cpp/emd/__init__.py -> /home/jetson/vmf/build/robot_grasping/build/lib/vmf_contact_main/openpoints/cpp/emd\n'}
[1.900685] (robot_grasping) StdoutLine: {'line': b'creating /home/jetson/vmf/build/robot_grasping/build/lib/vmf_contact_main/openpoints/cpp/chamfer_dist\n'}
[1.900995] (robot_grasping) StdoutLine: {'line': b'copying vmf_contact_main/openpoints/cpp/chamfer_dist/setup.py -> /home/jetson/vmf/build/robot_grasping/build/lib/vmf_contact_main/openpoints/cpp/chamfer_dist\n'}
[1.901285] (robot_grasping) StdoutLine: {'line': b'copying vmf_contact_main/openpoints/cpp/chamfer_dist/test.py -> /home/jetson/vmf/build/robot_grasping/build/lib/vmf_contact_main/openpoints/cpp/chamfer_dist\n'}
[1.901567] (robot_grasping) StdoutLine: {'line': b'copying vmf_contact_main/openpoints/cpp/chamfer_dist/__init__.py -> /home/jetson/vmf/build/robot_grasping/build/lib/vmf_contact_main/openpoints/cpp/chamfer_dist\n'}
[1.901882] (robot_grasping) StdoutLine: {'line': b'creating /home/jetson/vmf/build/robot_grasping/build/lib/vmf_contact_main/openpoints/cpp/pointops\n'}
[1.902163] (robot_grasping) StdoutLine: {'line': b'copying vmf_contact_main/openpoints/cpp/pointops/setup.py -> /home/jetson/vmf/build/robot_grasping/build/lib/vmf_contact_main/openpoints/cpp/pointops\n'}
[1.902439] (robot_grasping) StdoutLine: {'line': b'copying vmf_contact_main/openpoints/cpp/pointops/__init__.py -> /home/jetson/vmf/build/robot_grasping/build/lib/vmf_contact_main/openpoints/cpp/pointops\n'}
[1.902753] (robot_grasping) StdoutLine: {'line': b'creating /home/jetson/vmf/build/robot_grasping/build/lib/vmf_contact_main/openpoints/cpp/pointnet2_batch\n'}
[1.903055] (robot_grasping) StdoutLine: {'line': b'copying vmf_contact_main/openpoints/cpp/pointnet2_batch/setup.py -> /home/jetson/vmf/build/robot_grasping/build/lib/vmf_contact_main/openpoints/cpp/pointnet2_batch\n'}
[1.903341] (robot_grasping) StdoutLine: {'line': b'copying vmf_contact_main/openpoints/cpp/pointnet2_batch/__init__.py -> /home/jetson/vmf/build/robot_grasping/build/lib/vmf_contact_main/openpoints/cpp/pointnet2_batch\n'}
[1.903613] (robot_grasping) StdoutLine: {'line': b'creating /home/jetson/vmf/build/robot_grasping/build/lib/vmf_contact_main/openpoints/cpp/pointops/functions\n'}
[1.903838] (robot_grasping) StdoutLine: {'line': b'copying vmf_contact_main/openpoints/cpp/pointops/functions/pointops.py -> /home/jetson/vmf/build/robot_grasping/build/lib/vmf_contact_main/openpoints/cpp/pointops/functions\n'}
[1.904128] (robot_grasping) StdoutLine: {'line': b'copying vmf_contact_main/openpoints/cpp/pointops/functions/__init__.py -> /home/jetson/vmf/build/robot_grasping/build/lib/vmf_contact_main/openpoints/cpp/pointops/functions\n'}
[1.904410] (robot_grasping) StdoutLine: {'line': b'creating /home/jetson/vmf/build/robot_grasping/build/lib/vmf_contact_main/openpoints/cpp/pointops/src\n'}
[1.904732] (robot_grasping) StdoutLine: {'line': b'copying vmf_contact_main/openpoints/cpp/pointops/src/__init__.py -> /home/jetson/vmf/build/robot_grasping/build/lib/vmf_contact_main/openpoints/cpp/pointops/src\n'}
[1.904969] (robot_grasping) StdoutLine: {'line': b'creating /home/jetson/vmf/build/robot_grasping/build/lib/vmf_contact_main/openpoints/models/reconstruction\n'}
[1.905294] (robot_grasping) StdoutLine: {'line': b'copying vmf_contact_main/openpoints/models/reconstruction/maskedpoint.py -> /home/jetson/vmf/build/robot_grasping/build/lib/vmf_contact_main/openpoints/models/reconstruction\n'}
[1.905598] (robot_grasping) StdoutLine: {'line': b'copying vmf_contact_main/openpoints/models/reconstruction/base_recontruct.py -> /home/jetson/vmf/build/robot_grasping/build/lib/vmf_contact_main/openpoints/models/reconstruction\n'}
[1.905825] (robot_grasping) StdoutLine: {'line': b'copying vmf_contact_main/openpoints/models/reconstruction/nodeshuffle.py -> /home/jetson/vmf/build/robot_grasping/build/lib/vmf_contact_main/openpoints/models/reconstruction\n'}
[1.906170] (robot_grasping) StdoutLine: {'line': b'copying vmf_contact_main/openpoints/models/reconstruction/maskedpointvit.py -> /home/jetson/vmf/build/robot_grasping/build/lib/vmf_contact_main/openpoints/models/reconstruction\n'}
[1.906446] (robot_grasping) StdoutLine: {'line': b'copying vmf_contact_main/openpoints/models/reconstruction/maskedpointgroup.py -> /home/jetson/vmf/build/robot_grasping/build/lib/vmf_contact_main/openpoints/models/reconstruction\n'}
[1.908704] (robot_grasping) StdoutLine: {'line': b'copying vmf_contact_main/openpoints/models/reconstruction/__init__.py -> /home/jetson/vmf/build/robot_grasping/build/lib/vmf_contact_main/openpoints/models/reconstruction\n'}
[1.909180] (robot_grasping) StdoutLine: {'line': b'creating /home/jetson/vmf/build/robot_grasping/build/lib/vmf_contact_main/openpoints/models/grasp\n'}
[1.909493] (-) TimerEvent: {}
[1.909915] (robot_grasping) StdoutLine: {'line': b'copying vmf_contact_main/openpoints/models/grasp/vit_grasp.py -> /home/jetson/vmf/build/robot_grasping/build/lib/vmf_contact_main/openpoints/models/grasp\n'}
[1.910265] (robot_grasping) StdoutLine: {'line': b'copying vmf_contact_main/openpoints/models/grasp/base_grasp.py -> /home/jetson/vmf/build/robot_grasping/build/lib/vmf_contact_main/openpoints/models/grasp\n'}
[1.910614] (robot_grasping) StdoutLine: {'line': b'copying vmf_contact_main/openpoints/models/grasp/__init__.py -> /home/jetson/vmf/build/robot_grasping/build/lib/vmf_contact_main/openpoints/models/grasp\n'}
[1.910957] (robot_grasping) StdoutLine: {'line': b'creating /home/jetson/vmf/build/robot_grasping/build/lib/vmf_contact_main/openpoints/models/classification\n'}
[1.911255] (robot_grasping) StdoutLine: {'line': b'copying vmf_contact_main/openpoints/models/classification/cls_base.py -> /home/jetson/vmf/build/robot_grasping/build/lib/vmf_contact_main/openpoints/models/classification\n'}
[1.911587] (robot_grasping) StdoutLine: {'line': b'copying vmf_contact_main/openpoints/models/classification/point_bert.py -> /home/jetson/vmf/build/robot_grasping/build/lib/vmf_contact_main/openpoints/models/classification\n'}
[1.911887] (robot_grasping) StdoutLine: {'line': b'copying vmf_contact_main/openpoints/models/classification/__init__.py -> /home/jetson/vmf/build/robot_grasping/build/lib/vmf_contact_main/openpoints/models/classification\n'}
[1.912171] (robot_grasping) StdoutLine: {'line': b'creating /home/jetson/vmf/build/robot_grasping/build/lib/vmf_contact_main/openpoints/models/layers\n'}
[1.912450] (robot_grasping) StdoutLine: {'line': b'copying vmf_contact_main/openpoints/models/layers/graph_conv.py -> /home/jetson/vmf/build/robot_grasping/build/lib/vmf_contact_main/openpoints/models/layers\n'}
[1.912724] (robot_grasping) StdoutLine: {'line': b'copying vmf_contact_main/openpoints/models/layers/attention.py -> /home/jetson/vmf/build/robot_grasping/build/lib/vmf_contact_main/openpoints/models/layers\n'}
[1.912993] (robot_grasping) StdoutLine: {'line': b'copying vmf_contact_main/openpoints/models/layers/weight_init.py -> /home/jetson/vmf/build/robot_grasping/build/lib/vmf_contact_main/openpoints/models/layers\n'}
[1.913309] (robot_grasping) StdoutLine: {'line': b'copying vmf_contact_main/openpoints/models/layers/patch_embed.py -> /home/jetson/vmf/build/robot_grasping/build/lib/vmf_contact_main/openpoints/models/layers\n'}
[1.913546] (robot_grasping) StdoutLine: {'line': b'copying vmf_contact_main/openpoints/models/layers/local_aggregation.py -> /home/jetson/vmf/build/robot_grasping/build/lib/vmf_contact_main/openpoints/models/layers\n'}
[1.913862] (robot_grasping) StdoutLine: {'line': b'copying vmf_contact_main/openpoints/models/layers/knn.py -> /home/jetson/vmf/build/robot_grasping/build/lib/vmf_contact_main/openpoints/models/layers\n'}
[1.914356] (robot_grasping) StdoutLine: {'line': b'copying vmf_contact_main/openpoints/models/layers/activation.py -> /home/jetson/vmf/build/robot_grasping/build/lib/vmf_contact_main/openpoints/models/layers\n'}
[1.914690] (robot_grasping) StdoutLine: {'line': b'copying vmf_contact_main/openpoints/models/layers/helpers.py -> /home/jetson/vmf/build/robot_grasping/build/lib/vmf_contact_main/openpoints/models/layers\n'}
[1.915079] (robot_grasping) StdoutLine: {'line': b'copying vmf_contact_main/openpoints/models/layers/registry.py -> /home/jetson/vmf/build/robot_grasping/build/lib/vmf_contact_main/openpoints/models/layers\n'}
[1.915374] (robot_grasping) StdoutLine: {'line': b'copying vmf_contact_main/openpoints/models/layers/group_embed.py -> /home/jetson/vmf/build/robot_grasping/build/lib/vmf_contact_main/openpoints/models/layers\n'}
[1.915659] (robot_grasping) StdoutLine: {'line': b'copying vmf_contact_main/openpoints/models/layers/padding.py -> /home/jetson/vmf/build/robot_grasping/build/lib/vmf_contact_main/openpoints/models/layers\n'}
[1.915983] (robot_grasping) StdoutLine: {'line': b'copying vmf_contact_main/openpoints/models/layers/group.py -> /home/jetson/vmf/build/robot_grasping/build/lib/vmf_contact_main/openpoints/models/layers\n'}
[1.916221] (robot_grasping) StdoutLine: {'line': b'copying vmf_contact_main/openpoints/models/layers/norm.py -> /home/jetson/vmf/build/robot_grasping/build/lib/vmf_contact_main/openpoints/models/layers\n'}
[1.916545] (robot_grasping) StdoutLine: {'line': b'copying vmf_contact_main/openpoints/models/layers/mlp.py -> /home/jetson/vmf/build/robot_grasping/build/lib/vmf_contact_main/openpoints/models/layers\n'}
[1.916822] (robot_grasping) StdoutLine: {'line': b'copying vmf_contact_main/openpoints/models/layers/conv.py -> /home/jetson/vmf/build/robot_grasping/build/lib/vmf_contact_main/openpoints/models/layers\n'}
[1.917146] (robot_grasping) StdoutLine: {'line': b'copying vmf_contact_main/openpoints/models/layers/subsample.py -> /home/jetson/vmf/build/robot_grasping/build/lib/vmf_contact_main/openpoints/models/layers\n'}
[1.917434] (robot_grasping) StdoutLine: {'line': b'copying vmf_contact_main/openpoints/models/layers/kmeans.py -> /home/jetson/vmf/build/robot_grasping/build/lib/vmf_contact_main/openpoints/models/layers\n'}
[1.917746] (robot_grasping) StdoutLine: {'line': b'copying vmf_contact_main/openpoints/models/layers/upsampling.py -> /home/jetson/vmf/build/robot_grasping/build/lib/vmf_contact_main/openpoints/models/layers\n'}
[1.918032] (robot_grasping) StdoutLine: {'line': b'copying vmf_contact_main/openpoints/models/layers/__init__.py -> /home/jetson/vmf/build/robot_grasping/build/lib/vmf_contact_main/openpoints/models/layers\n'}
[1.918341] (robot_grasping) StdoutLine: {'line': b'copying vmf_contact_main/openpoints/models/layers/drop.py -> /home/jetson/vmf/build/robot_grasping/build/lib/vmf_contact_main/openpoints/models/layers\n'}
[1.918621] (robot_grasping) StdoutLine: {'line': b'creating /home/jetson/vmf/build/robot_grasping/build/lib/vmf_contact_main/openpoints/models/backbone\n'}
[1.918940] (robot_grasping) StdoutLine: {'line': b'copying vmf_contact_main/openpoints/models/backbone/spotr.py -> /home/jetson/vmf/build/robot_grasping/build/lib/vmf_contact_main/openpoints/models/backbone\n'}
[1.919275] (robot_grasping) StdoutLine: {'line': b'copying vmf_contact_main/openpoints/models/backbone/Stratified_transformer.py -> /home/jetson/vmf/build/robot_grasping/build/lib/vmf_contact_main/openpoints/models/backbone\n'}
[1.919563] (robot_grasping) StdoutLine: {'line': b'copying vmf_contact_main/openpoints/models/backbone/graphvit3d.py -> /home/jetson/vmf/build/robot_grasping/build/lib/vmf_contact_main/openpoints/models/backbone\n'}
[1.919810] (robot_grasping) StdoutLine: {'line': b'copying vmf_contact_main/openpoints/models/backbone/randlenet.py -> /home/jetson/vmf/build/robot_grasping/build/lib/vmf_contact_main/openpoints/models/backbone\n'}
[1.920209] (robot_grasping) StdoutLine: {'line': b'copying vmf_contact_main/openpoints/models/backbone/simpleview.py -> /home/jetson/vmf/build/robot_grasping/build/lib/vmf_contact_main/openpoints/models/backbone\n'}
[1.920487] (robot_grasping) StdoutLine: {'line': b'copying vmf_contact_main/openpoints/models/backbone/baafnet.py -> /home/jetson/vmf/build/robot_grasping/build/lib/vmf_contact_main/openpoints/models/backbone\n'}
[1.920766] (robot_grasping) StdoutLine: {'line': b'copying vmf_contact_main/openpoints/models/backbone/deepgcn.py -> /home/jetson/vmf/build/robot_grasping/build/lib/vmf_contact_main/openpoints/models/backbone\n'}
[1.921113] (robot_grasping) StdoutLine: {'line': b'copying vmf_contact_main/openpoints/models/backbone/grouppointnet.py -> /home/jetson/vmf/build/robot_grasping/build/lib/vmf_contact_main/openpoints/models/backbone\n'}
[1.921402] (robot_grasping) StdoutLine: {'line': b'copying vmf_contact_main/openpoints/models/backbone/simpleview_util.py -> /home/jetson/vmf/build/robot_grasping/build/lib/vmf_contact_main/openpoints/models/backbone\n'}
[1.921668] (robot_grasping) StdoutLine: {'line': b'copying vmf_contact_main/openpoints/models/backbone/pointvit.py -> /home/jetson/vmf/build/robot_grasping/build/lib/vmf_contact_main/openpoints/models/backbone\n'}
[1.921937] (robot_grasping) StdoutLine: {'line': b'copying vmf_contact_main/openpoints/models/backbone/dgcnn.py -> /home/jetson/vmf/build/robot_grasping/build/lib/vmf_contact_main/openpoints/models/backbone\n'}
[1.922291] (robot_grasping) StdoutLine: {'line': b'copying vmf_contact_main/openpoints/models/backbone/ball_dgcnn.py -> /home/jetson/vmf/build/robot_grasping/build/lib/vmf_contact_main/openpoints/models/backbone\n'}
[1.922572] (robot_grasping) StdoutLine: {'line': b'copying vmf_contact_main/openpoints/models/backbone/pointnextPyG.py -> /home/jetson/vmf/build/robot_grasping/build/lib/vmf_contact_main/openpoints/models/backbone\n'}
[1.922865] (robot_grasping) StdoutLine: {'line': b'copying vmf_contact_main/openpoints/models/backbone/pointvit_inv_old.py -> /home/jetson/vmf/build/robot_grasping/build/lib/vmf_contact_main/openpoints/models/backbone\n'}
[1.923187] (robot_grasping) StdoutLine: {'line': b'copying vmf_contact_main/openpoints/models/backbone/pointvector.py -> /home/jetson/vmf/build/robot_grasping/build/lib/vmf_contact_main/openpoints/models/backbone\n'}
[1.923421] (robot_grasping) StdoutLine: {'line': b'copying vmf_contact_main/openpoints/models/backbone/pointmlp.py -> /home/jetson/vmf/build/robot_grasping/build/lib/vmf_contact_main/openpoints/models/backbone\n'}
[1.923740] (robot_grasping) StdoutLine: {'line': b'copying vmf_contact_main/openpoints/models/backbone/pointnet.py -> /home/jetson/vmf/build/robot_grasping/build/lib/vmf_contact_main/openpoints/models/backbone\n'}
[1.924009] (robot_grasping) StdoutLine: {'line': b'copying vmf_contact_main/openpoints/models/backbone/pct.py -> /home/jetson/vmf/build/robot_grasping/build/lib/vmf_contact_main/openpoints/models/backbone\n'}
[1.924324] (robot_grasping) StdoutLine: {'line': b'copying vmf_contact_main/openpoints/models/backbone/debug_invvit.py -> /home/jetson/vmf/build/robot_grasping/build/lib/vmf_contact_main/openpoints/models/backbone\n'}
[1.924607] (robot_grasping) StdoutLine: {'line': b'copying vmf_contact_main/openpoints/models/backbone/pointnext.py -> /home/jetson/vmf/build/robot_grasping/build/lib/vmf_contact_main/openpoints/models/backbone\n'}
[1.924855] (robot_grasping) StdoutLine: {'line': b'copying vmf_contact_main/openpoints/models/backbone/curvenet.py -> /home/jetson/vmf/build/robot_grasping/build/lib/vmf_contact_main/openpoints/models/backbone\n'}
[1.925182] (robot_grasping) StdoutLine: {'line': b'copying vmf_contact_main/openpoints/models/backbone/pointtransformer.py -> /home/jetson/vmf/build/robot_grasping/build/lib/vmf_contact_main/openpoints/models/backbone\n'}
[1.925501] (robot_grasping) StdoutLine: {'line': b'copying vmf_contact_main/openpoints/models/backbone/resnet.py -> /home/jetson/vmf/build/robot_grasping/build/lib/vmf_contact_main/openpoints/models/backbone\n'}
[1.925792] (robot_grasping) StdoutLine: {'line': b'copying vmf_contact_main/openpoints/models/backbone/pointnetv2.py -> /home/jetson/vmf/build/robot_grasping/build/lib/vmf_contact_main/openpoints/models/backbone\n'}
[1.926073] (robot_grasping) StdoutLine: {'line': b'copying vmf_contact_main/openpoints/models/backbone/__init__.py -> /home/jetson/vmf/build/robot_grasping/build/lib/vmf_contact_main/openpoints/models/backbone\n'}
[1.926385] (robot_grasping) StdoutLine: {'line': b'copying vmf_contact_main/openpoints/models/backbone/pointvit_inv.py -> /home/jetson/vmf/build/robot_grasping/build/lib/vmf_contact_main/openpoints/models/backbone\n'}
[1.926695] (robot_grasping) StdoutLine: {'line': b'creating /home/jetson/vmf/build/robot_grasping/build/lib/vmf_contact_main/openpoints/models/segmentation\n'}
[1.927014] (robot_grasping) StdoutLine: {'line': b'copying vmf_contact_main/openpoints/models/segmentation/base_seg.py -> /home/jetson/vmf/build/robot_grasping/build/lib/vmf_contact_main/openpoints/models/segmentation\n'}
[1.927343] (robot_grasping) StdoutLine: {'line': b'copying vmf_contact_main/openpoints/models/segmentation/vit_seg.py -> /home/jetson/vmf/build/robot_grasping/build/lib/vmf_contact_main/openpoints/models/segmentation\n'}
[1.927626] (robot_grasping) StdoutLine: {'line': b'copying vmf_contact_main/openpoints/models/segmentation/__init__.py -> /home/jetson/vmf/build/robot_grasping/build/lib/vmf_contact_main/openpoints/models/segmentation\n'}
[1.927911] (robot_grasping) StdoutLine: {'line': b'creating /home/jetson/vmf/build/robot_grasping/build/lib/vmf_contact_main/openpoints/dataset/pcqm4m\n'}
[1.928185] (robot_grasping) StdoutLine: {'line': b'copying vmf_contact_main/openpoints/dataset/pcqm4m/data.py -> /home/jetson/vmf/build/robot_grasping/build/lib/vmf_contact_main/openpoints/dataset/pcqm4m\n'}
[1.928501] (robot_grasping) StdoutLine: {'line': b'copying vmf_contact_main/openpoints/dataset/pcqm4m/__init__.py -> /home/jetson/vmf/build/robot_grasping/build/lib/vmf_contact_main/openpoints/dataset/pcqm4m\n'}
[1.928766] (robot_grasping) StdoutLine: {'line': b'creating /home/jetson/vmf/build/robot_grasping/build/lib/vmf_contact_main/openpoints/dataset/graph_dataset\n'}
[1.929041] (robot_grasping) StdoutLine: {'line': b'copying vmf_contact_main/openpoints/dataset/graph_dataset/svd_encodings_dataset.py -> /home/jetson/vmf/build/robot_grasping/build/lib/vmf_contact_main/openpoints/dataset/graph_dataset\n'}
[1.929316] (robot_grasping) StdoutLine: {'line': b'copying vmf_contact_main/openpoints/dataset/graph_dataset/structural_dataset.py -> /home/jetson/vmf/build/robot_grasping/build/lib/vmf_contact_main/openpoints/dataset/graph_dataset\n'}
[1.929585] (robot_grasping) StdoutLine: {'line': b'copying vmf_contact_main/openpoints/dataset/graph_dataset/stack_with_pad.py -> /home/jetson/vmf/build/robot_grasping/build/lib/vmf_contact_main/openpoints/dataset/graph_dataset\n'}
[1.929889] (robot_grasping) StdoutLine: {'line': b'copying vmf_contact_main/openpoints/dataset/graph_dataset/graph_dataset.py -> /home/jetson/vmf/build/robot_grasping/build/lib/vmf_contact_main/openpoints/dataset/graph_dataset\n'}
[1.930210] (robot_grasping) StdoutLine: {'line': b'copying vmf_contact_main/openpoints/dataset/graph_dataset/__init__.py -> /home/jetson/vmf/build/robot_grasping/build/lib/vmf_contact_main/openpoints/dataset/graph_dataset\n'}
[1.930501] (robot_grasping) StdoutLine: {'line': b'creating /home/jetson/vmf/build/robot_grasping/build/lib/vmf_contact_main/openpoints/dataset/pcqm4mv2\n'}
[1.930838] (robot_grasping) StdoutLine: {'line': b'copying vmf_contact_main/openpoints/dataset/pcqm4mv2/data.py -> /home/jetson/vmf/build/robot_grasping/build/lib/vmf_contact_main/openpoints/dataset/pcqm4mv2\n'}
[1.931133] (robot_grasping) StdoutLine: {'line': b'copying vmf_contact_main/openpoints/dataset/pcqm4mv2/__init__.py -> /home/jetson/vmf/build/robot_grasping/build/lib/vmf_contact_main/openpoints/dataset/pcqm4mv2\n'}
[1.931418] (robot_grasping) StdoutLine: {'line': b'creating /home/jetson/vmf/build/robot_grasping/build/lib/vmf_contact_main/openpoints/dataset/atom3d\n'}
[1.931730] (robot_grasping) StdoutLine: {'line': b'copying vmf_contact_main/openpoints/dataset/atom3d/psr.py -> /home/jetson/vmf/build/robot_grasping/build/lib/vmf_contact_main/openpoints/dataset/atom3d\n'}
[1.931960] (robot_grasping) StdoutLine: {'line': b'copying vmf_contact_main/openpoints/dataset/atom3d/__init__.py -> /home/jetson/vmf/build/robot_grasping/build/lib/vmf_contact_main/openpoints/dataset/atom3d\n'}
[1.932279] (robot_grasping) StdoutLine: {'line': b'creating /home/jetson/vmf/build/robot_grasping/build/lib/vmf_contact_main/openpoints/dataset/s3dis\n'}
[1.932551] (robot_grasping) StdoutLine: {'line': b'copying vmf_contact_main/openpoints/dataset/s3dis/s3dis.py -> /home/jetson/vmf/build/robot_grasping/build/lib/vmf_contact_main/openpoints/dataset/s3dis\n'}
[1.932829] (robot_grasping) StdoutLine: {'line': b'copying vmf_contact_main/openpoints/dataset/s3dis/s3dis_sphere.py -> /home/jetson/vmf/build/robot_grasping/build/lib/vmf_contact_main/openpoints/dataset/s3dis\n'}
[1.933148] (robot_grasping) StdoutLine: {'line': b'copying vmf_contact_main/openpoints/dataset/s3dis/s3dis_block.py -> /home/jetson/vmf/build/robot_grasping/build/lib/vmf_contact_main/openpoints/dataset/s3dis\n'}
[1.933426] (robot_grasping) StdoutLine: {'line': b'copying vmf_contact_main/openpoints/dataset/s3dis/__init__.py -> /home/jetson/vmf/build/robot_grasping/build/lib/vmf_contact_main/openpoints/dataset/s3dis\n'}
[1.933702] (robot_grasping) StdoutLine: {'line': b'creating /home/jetson/vmf/build/robot_grasping/build/lib/vmf_contact_main/openpoints/dataset/shapenetpart\n'}
[1.934015] (robot_grasping) StdoutLine: {'line': b'copying vmf_contact_main/openpoints/dataset/shapenetpart/shapenetpart.py -> /home/jetson/vmf/build/robot_grasping/build/lib/vmf_contact_main/openpoints/dataset/shapenetpart\n'}
[1.934299] (robot_grasping) StdoutLine: {'line': b'copying vmf_contact_main/openpoints/dataset/shapenetpart/shapenet55.py -> /home/jetson/vmf/build/robot_grasping/build/lib/vmf_contact_main/openpoints/dataset/shapenetpart\n'}
[1.934615] (robot_grasping) StdoutLine: {'line': b'copying vmf_contact_main/openpoints/dataset/shapenetpart/__init__.py -> /home/jetson/vmf/build/robot_grasping/build/lib/vmf_contact_main/openpoints/dataset/shapenetpart\n'}
[1.934932] (robot_grasping) StdoutLine: {'line': b'creating /home/jetson/vmf/build/robot_grasping/build/lib/vmf_contact_main/openpoints/dataset/modelnet\n'}
[1.935163] (robot_grasping) StdoutLine: {'line': b'copying vmf_contact_main/openpoints/dataset/modelnet/modelnet40_normal_resampled_loader.py -> /home/jetson/vmf/build/robot_grasping/build/lib/vmf_contact_main/openpoints/dataset/modelnet\n'}
[1.935487] (robot_grasping) StdoutLine: {'line': b'copying vmf_contact_main/openpoints/dataset/modelnet/modelnet40_ply_2048_loader.py -> /home/jetson/vmf/build/robot_grasping/build/lib/vmf_contact_main/openpoints/dataset/modelnet\n'}
[1.935761] (robot_grasping) StdoutLine: {'line': b'copying vmf_contact_main/openpoints/dataset/modelnet/__init__.py -> /home/jetson/vmf/build/robot_grasping/build/lib/vmf_contact_main/openpoints/dataset/modelnet\n'}
[1.936004] (robot_grasping) StdoutLine: {'line': b'creating /home/jetson/vmf/build/robot_grasping/build/lib/vmf_contact_main/openpoints/dataset/shapenet\n'}
[1.936329] (robot_grasping) StdoutLine: {'line': b'copying vmf_contact_main/openpoints/dataset/shapenet/shapenetpart.py -> /home/jetson/vmf/build/robot_grasping/build/lib/vmf_contact_main/openpoints/dataset/shapenet\n'}
[1.936649] (robot_grasping) StdoutLine: {'line': b'copying vmf_contact_main/openpoints/dataset/shapenet/shapenet55.py -> /home/jetson/vmf/build/robot_grasping/build/lib/vmf_contact_main/openpoints/dataset/shapenet\n'}
[1.936912] (robot_grasping) StdoutLine: {'line': b'copying vmf_contact_main/openpoints/dataset/shapenet/__init__.py -> /home/jetson/vmf/build/robot_grasping/build/lib/vmf_contact_main/openpoints/dataset/shapenet\n'}
[1.937225] (robot_grasping) StdoutLine: {'line': b'creating /home/jetson/vmf/build/robot_grasping/build/lib/vmf_contact_main/openpoints/dataset/matterport3d\n'}
[1.937507] (robot_grasping) StdoutLine: {'line': b'copying vmf_contact_main/openpoints/dataset/matterport3d/matterport3d_dataprocessing.py -> /home/jetson/vmf/build/robot_grasping/build/lib/vmf_contact_main/openpoints/dataset/matterport3d\n'}
[1.937812] (robot_grasping) StdoutLine: {'line': b'copying vmf_contact_main/openpoints/dataset/matterport3d/__init__.py -> /home/jetson/vmf/build/robot_grasping/build/lib/vmf_contact_main/openpoints/dataset/matterport3d\n'}
[1.938091] (robot_grasping) StdoutLine: {'line': b'copying vmf_contact_main/openpoints/dataset/matterport3d/matterport3d.py -> /home/jetson/vmf/build/robot_grasping/build/lib/vmf_contact_main/openpoints/dataset/matterport3d\n'}
[1.938327] (robot_grasping) StdoutLine: {'line': b'creating /home/jetson/vmf/build/robot_grasping/build/lib/vmf_contact_main/openpoints/dataset/semantic_kitti\n'}
[1.938568] (robot_grasping) StdoutLine: {'line': b'copying vmf_contact_main/openpoints/dataset/semantic_kitti/semantickitti.py -> /home/jetson/vmf/build/robot_grasping/build/lib/vmf_contact_main/openpoints/dataset/semantic_kitti\n'}
[1.939158] (robot_grasping) StdoutLine: {'line': b'copying vmf_contact_main/openpoints/dataset/semantic_kitti/helper_tool.py -> /home/jetson/vmf/build/robot_grasping/build/lib/vmf_contact_main/openpoints/dataset/semantic_kitti\n'}
[1.939417] (robot_grasping) StdoutLine: {'line': b'copying vmf_contact_main/openpoints/dataset/semantic_kitti/__init__.py -> /home/jetson/vmf/build/robot_grasping/build/lib/vmf_contact_main/openpoints/dataset/semantic_kitti\n'}
[1.939630] (robot_grasping) StdoutLine: {'line': b'creating /home/jetson/vmf/build/robot_grasping/build/lib/vmf_contact_main/openpoints/dataset/molpcba\n'}
[1.939860] (robot_grasping) StdoutLine: {'line': b'copying vmf_contact_main/openpoints/dataset/molpcba/data.py -> /home/jetson/vmf/build/robot_grasping/build/lib/vmf_contact_main/openpoints/dataset/molpcba\n'}
[1.940072] (robot_grasping) StdoutLine: {'line': b'copying vmf_contact_main/openpoints/dataset/molpcba/__init__.py -> /home/jetson/vmf/build/robot_grasping/build/lib/vmf_contact_main/openpoints/dataset/molpcba\n'}
[1.940290] (robot_grasping) StdoutLine: {'line': b'creating /home/jetson/vmf/build/robot_grasping/build/lib/vmf_contact_main/openpoints/dataset/scanobjectnn\n'}
[1.940679] (robot_grasping) StdoutLine: {'line': b'copying vmf_contact_main/openpoints/dataset/scanobjectnn/scanobjectnn.py -> /home/jetson/vmf/build/robot_grasping/build/lib/vmf_contact_main/openpoints/dataset/scanobjectnn\n'}
[1.940978] (robot_grasping) StdoutLine: {'line': b'copying vmf_contact_main/openpoints/dataset/scanobjectnn/__init__.py -> /home/jetson/vmf/build/robot_grasping/build/lib/vmf_contact_main/openpoints/dataset/scanobjectnn\n'}
[1.941240] (robot_grasping) StdoutLine: {'line': b'creating /home/jetson/vmf/build/robot_grasping/build/lib/vmf_contact_main/openpoints/dataset/molhiv\n'}
[1.941511] (robot_grasping) StdoutLine: {'line': b'copying vmf_contact_main/openpoints/dataset/molhiv/data.py -> /home/jetson/vmf/build/robot_grasping/build/lib/vmf_contact_main/openpoints/dataset/molhiv\n'}
[1.941833] (robot_grasping) StdoutLine: {'line': b'copying vmf_contact_main/openpoints/dataset/molhiv/__init__.py -> /home/jetson/vmf/build/robot_grasping/build/lib/vmf_contact_main/openpoints/dataset/molhiv\n'}
[1.942063] (robot_grasping) StdoutLine: {'line': b'creating /home/jetson/vmf/build/robot_grasping/build/lib/vmf_contact_main/openpoints/dataset/parsers\n'}
[1.942331] (robot_grasping) StdoutLine: {'line': b'copying vmf_contact_main/openpoints/dataset/parsers/parser_factory.py -> /home/jetson/vmf/build/robot_grasping/build/lib/vmf_contact_main/openpoints/dataset/parsers\n'}
[1.942692] (robot_grasping) StdoutLine: {'line': b'copying vmf_contact_main/openpoints/dataset/parsers/parser_image_tar.py -> /home/jetson/vmf/build/robot_grasping/build/lib/vmf_contact_main/openpoints/dataset/parsers\n'}
[1.943028] (robot_grasping) StdoutLine: {'line': b'copying vmf_contact_main/openpoints/dataset/parsers/parser_tfds.py -> /home/jetson/vmf/build/robot_grasping/build/lib/vmf_contact_main/openpoints/dataset/parsers\n'}
[1.943313] (robot_grasping) StdoutLine: {'line': b'copying vmf_contact_main/openpoints/dataset/parsers/parser_image_folder.py -> /home/jetson/vmf/build/robot_grasping/build/lib/vmf_contact_main/openpoints/dataset/parsers\n'}
[1.943482] (robot_grasping) StdoutLine: {'line': b'copying vmf_contact_main/openpoints/dataset/parsers/parser_image_in_tar.py -> /home/jetson/vmf/build/robot_grasping/build/lib/vmf_contact_main/openpoints/dataset/parsers\n'}
[1.943613] (robot_grasping) StdoutLine: {'line': b'copying vmf_contact_main/openpoints/dataset/parsers/constants.py -> /home/jetson/vmf/build/robot_grasping/build/lib/vmf_contact_main/openpoints/dataset/parsers\n'}
[1.943715] (robot_grasping) StdoutLine: {'line': b'copying vmf_contact_main/openpoints/dataset/parsers/parser.py -> /home/jetson/vmf/build/robot_grasping/build/lib/vmf_contact_main/openpoints/dataset/parsers\n'}
[1.943843] (robot_grasping) StdoutLine: {'line': b'copying vmf_contact_main/openpoints/dataset/parsers/class_map.py -> /home/jetson/vmf/build/robot_grasping/build/lib/vmf_contact_main/openpoints/dataset/parsers\n'}
[1.943945] (robot_grasping) StdoutLine: {'line': b'copying vmf_contact_main/openpoints/dataset/parsers/__init__.py -> /home/jetson/vmf/build/robot_grasping/build/lib/vmf_contact_main/openpoints/dataset/parsers\n'}
[1.944062] (robot_grasping) StdoutLine: {'line': b'creating /home/jetson/vmf/build/robot_grasping/build/lib/vmf_contact_main/openpoints/dataset/scannetv2\n'}
[1.944189] (robot_grasping) StdoutLine: {'line': b'copying vmf_contact_main/openpoints/dataset/scannetv2/scannet.py -> /home/jetson/vmf/build/robot_grasping/build/lib/vmf_contact_main/openpoints/dataset/scannetv2\n'}
[1.944296] (robot_grasping) StdoutLine: {'line': b'copying vmf_contact_main/openpoints/dataset/scannetv2/__init__.py -> /home/jetson/vmf/build/robot_grasping/build/lib/vmf_contact_main/openpoints/dataset/scannetv2\n'}
[1.944428] (robot_grasping) StdoutLine: {'line': b'creating /home/jetson/vmf/build/robot_grasping/build/lib/openpoints/cpp\n'}
[1.944531] (robot_grasping) StdoutLine: {'line': b'copying openpoints/cpp/__init__.py -> /home/jetson/vmf/build/robot_grasping/build/lib/openpoints/cpp\n'}
[1.944629] (robot_grasping) StdoutLine: {'line': b'creating /home/jetson/vmf/build/robot_grasping/build/lib/openpoints/transforms\n'}
[1.944758] (robot_grasping) StdoutLine: {'line': b'copying openpoints/transforms/transforms_factory.py -> /home/jetson/vmf/build/robot_grasping/build/lib/openpoints/transforms\n'}
[1.944861] (robot_grasping) StdoutLine: {'line': b'copying openpoints/transforms/point_transform_cpu.py -> /home/jetson/vmf/build/robot_grasping/build/lib/openpoints/transforms\n'}
[1.944970] (robot_grasping) StdoutLine: {'line': b'copying openpoints/transforms/point_transformer_gpu.py -> /home/jetson/vmf/build/robot_grasping/build/lib/openpoints/transforms\n'}
[1.945140] (robot_grasping) StdoutLine: {'line': b'copying openpoints/transforms/__init__.py -> /home/jetson/vmf/build/robot_grasping/build/lib/openpoints/transforms\n'}
[1.945243] (robot_grasping) StdoutLine: {'line': b'creating /home/jetson/vmf/build/robot_grasping/build/lib/openpoints/utils\n'}
[1.945366] (robot_grasping) StdoutLine: {'line': b'copying openpoints/utils/wandb.py -> /home/jetson/vmf/build/robot_grasping/build/lib/openpoints/utils\n'}
[1.945495] (robot_grasping) StdoutLine: {'line': b'copying openpoints/utils/dist_utils.py -> /home/jetson/vmf/build/robot_grasping/build/lib/openpoints/utils\n'}
[1.945648] (robot_grasping) StdoutLine: {'line': b'copying openpoints/utils/registry.py -> /home/jetson/vmf/build/robot_grasping/build/lib/openpoints/utils\n'}
[1.945890] (robot_grasping) StdoutLine: {'line': b'copying openpoints/utils/metrics.py -> /home/jetson/vmf/build/robot_grasping/build/lib/openpoints/utils\n'}
[1.946094] (robot_grasping) StdoutLine: {'line': b'copying openpoints/utils/config.py -> /home/jetson/vmf/build/robot_grasping/build/lib/openpoints/utils\n'}
[1.946368] (robot_grasping) StdoutLine: {'line': b'copying openpoints/utils/ckpt_util.py -> /home/jetson/vmf/build/robot_grasping/build/lib/openpoints/utils\n'}
[1.946605] (robot_grasping) StdoutLine: {'line': b'copying openpoints/utils/random.py -> /home/jetson/vmf/build/robot_grasping/build/lib/openpoints/utils\n'}
[1.946906] (robot_grasping) StdoutLine: {'line': b'copying openpoints/utils/str2bool.py -> /home/jetson/vmf/build/robot_grasping/build/lib/openpoints/utils\n'}
[1.947165] (robot_grasping) StdoutLine: {'line': b'copying openpoints/utils/__init__.py -> /home/jetson/vmf/build/robot_grasping/build/lib/openpoints/utils\n'}
[1.947439] (robot_grasping) StdoutLine: {'line': b'copying openpoints/utils/logger.py -> /home/jetson/vmf/build/robot_grasping/build/lib/openpoints/utils\n'}
[1.947690] (robot_grasping) StdoutLine: {'line': b'creating /home/jetson/vmf/build/robot_grasping/build/lib/openpoints/models\n'}
[1.947945] (robot_grasping) StdoutLine: {'line': b'copying openpoints/models/build.py -> /home/jetson/vmf/build/robot_grasping/build/lib/openpoints/models\n'}
[1.948151] (robot_grasping) StdoutLine: {'line': b'copying openpoints/models/registry.py -> /home/jetson/vmf/build/robot_grasping/build/lib/openpoints/models\n'}
[1.948437] (robot_grasping) StdoutLine: {'line': b'copying openpoints/models/__init__.py -> /home/jetson/vmf/build/robot_grasping/build/lib/openpoints/models\n'}
[1.948684] (robot_grasping) StdoutLine: {'line': b'creating /home/jetson/vmf/build/robot_grasping/build/lib/openpoints/scheduler\n'}
[1.948927] (robot_grasping) StdoutLine: {'line': b'copying openpoints/scheduler/multistep_lr.py -> /home/jetson/vmf/build/robot_grasping/build/lib/openpoints/scheduler\n'}
[1.949176] (robot_grasping) StdoutLine: {'line': b'copying openpoints/scheduler/step_lr.py -> /home/jetson/vmf/build/robot_grasping/build/lib/openpoints/scheduler\n'}
[1.949447] (robot_grasping) StdoutLine: {'line': b'copying openpoints/scheduler/poly_lr.py -> /home/jetson/vmf/build/robot_grasping/build/lib/openpoints/scheduler\n'}
[1.949693] (robot_grasping) StdoutLine: {'line': b'copying openpoints/scheduler/plateau_lr.py -> /home/jetson/vmf/build/robot_grasping/build/lib/openpoints/scheduler\n'}
[1.949901] (robot_grasping) StdoutLine: {'line': b'copying openpoints/scheduler/scheduler_factory.py -> /home/jetson/vmf/build/robot_grasping/build/lib/openpoints/scheduler\n'}
[1.950095] (robot_grasping) StdoutLine: {'line': b'copying openpoints/scheduler/cosine_lr.py -> /home/jetson/vmf/build/robot_grasping/build/lib/openpoints/scheduler\n'}
[1.950376] (robot_grasping) StdoutLine: {'line': b'copying openpoints/scheduler/scheduler.py -> /home/jetson/vmf/build/robot_grasping/build/lib/openpoints/scheduler\n'}
[1.950609] (robot_grasping) StdoutLine: {'line': b'copying openpoints/scheduler/tanh_lr.py -> /home/jetson/vmf/build/robot_grasping/build/lib/openpoints/scheduler\n'}
[1.950859] (robot_grasping) StdoutLine: {'line': b'copying openpoints/scheduler/__init__.py -> /home/jetson/vmf/build/robot_grasping/build/lib/openpoints/scheduler\n'}
[1.951122] (robot_grasping) StdoutLine: {'line': b'creating /home/jetson/vmf/build/robot_grasping/build/lib/openpoints/loss\n'}
[1.951362] (robot_grasping) StdoutLine: {'line': b'copying openpoints/loss/cross_entropy.py -> /home/jetson/vmf/build/robot_grasping/build/lib/openpoints/loss\n'}
[1.951636] (robot_grasping) StdoutLine: {'line': b'copying openpoints/loss/build.py -> /home/jetson/vmf/build/robot_grasping/build/lib/openpoints/loss\n'}
[1.951877] (robot_grasping) StdoutLine: {'line': b'copying openpoints/loss/distill_loss.py -> /home/jetson/vmf/build/robot_grasping/build/lib/openpoints/loss\n'}
[1.952128] (robot_grasping) StdoutLine: {'line': b'copying openpoints/loss/__init__.py -> /home/jetson/vmf/build/robot_grasping/build/lib/openpoints/loss\n'}
[1.952376] (robot_grasping) StdoutLine: {'line': b'creating /home/jetson/vmf/build/robot_grasping/build/lib/openpoints/dataset\n'}
[1.952625] (robot_grasping) StdoutLine: {'line': b'copying openpoints/dataset/dataset_base.py -> /home/jetson/vmf/build/robot_grasping/build/lib/openpoints/dataset\n'}
[1.952946] (robot_grasping) StdoutLine: {'line': b'copying openpoints/dataset/build.py -> /home/jetson/vmf/build/robot_grasping/build/lib/openpoints/dataset\n'}
[1.953202] (robot_grasping) StdoutLine: {'line': b'copying openpoints/dataset/data_util.py -> /home/jetson/vmf/build/robot_grasping/build/lib/openpoints/dataset\n'}
[1.953472] (robot_grasping) StdoutLine: {'line': b'copying openpoints/dataset/vis2d.py -> /home/jetson/vmf/build/robot_grasping/build/lib/openpoints/dataset\n'}
[1.953708] (robot_grasping) StdoutLine: {'line': b'copying openpoints/dataset/grid_sample.py -> /home/jetson/vmf/build/robot_grasping/build/lib/openpoints/dataset\n'}
[1.954034] (robot_grasping) StdoutLine: {'line': b'copying openpoints/dataset/vis3d.py -> /home/jetson/vmf/build/robot_grasping/build/lib/openpoints/dataset\n'}
[1.954273] (robot_grasping) StdoutLine: {'line': b'copying openpoints/dataset/datalist.py -> /home/jetson/vmf/build/robot_grasping/build/lib/openpoints/dataset\n'}
[1.954501] (robot_grasping) StdoutLine: {'line': b'copying openpoints/dataset/__init__.py -> /home/jetson/vmf/build/robot_grasping/build/lib/openpoints/dataset\n'}
[1.954684] (robot_grasping) StdoutLine: {'line': b'creating /home/jetson/vmf/build/robot_grasping/build/lib/openpoints/optim\n'}
[1.954897] (robot_grasping) StdoutLine: {'line': b'copying openpoints/optim/radam.py -> /home/jetson/vmf/build/robot_grasping/build/lib/openpoints/optim\n'}
[1.955131] (robot_grasping) StdoutLine: {'line': b'copying openpoints/optim/adafactor.py -> /home/jetson/vmf/build/robot_grasping/build/lib/openpoints/optim\n'}
[1.955357] (robot_grasping) StdoutLine: {'line': b'copying openpoints/optim/adamw.py -> /home/jetson/vmf/build/robot_grasping/build/lib/openpoints/optim\n'}
[1.955583] (robot_grasping) StdoutLine: {'line': b'copying openpoints/optim/sgdp.py -> /home/jetson/vmf/build/robot_grasping/build/lib/openpoints/optim\n'}
[1.955749] (robot_grasping) StdoutLine: {'line': b'copying openpoints/optim/rmsprop_tf.py -> /home/jetson/vmf/build/robot_grasping/build/lib/openpoints/optim\n'}
[1.955895] (robot_grasping) StdoutLine: {'line': b'copying openpoints/optim/optim_factory.py -> /home/jetson/vmf/build/robot_grasping/build/lib/openpoints/optim\n'}
[1.956004] (robot_grasping) StdoutLine: {'line': b'copying openpoints/optim/lars.py -> /home/jetson/vmf/build/robot_grasping/build/lib/openpoints/optim\n'}
[1.956115] (robot_grasping) StdoutLine: {'line': b'copying openpoints/optim/adahessian.py -> /home/jetson/vmf/build/robot_grasping/build/lib/openpoints/optim\n'}
[1.956262] (robot_grasping) StdoutLine: {'line': b'copying openpoints/optim/lookahead.py -> /home/jetson/vmf/build/robot_grasping/build/lib/openpoints/optim\n'}
[1.956393] (robot_grasping) StdoutLine: {'line': b'copying openpoints/optim/nadam.py -> /home/jetson/vmf/build/robot_grasping/build/lib/openpoints/optim\n'}
[1.956493] (robot_grasping) StdoutLine: {'line': b'copying openpoints/optim/adamp.py -> /home/jetson/vmf/build/robot_grasping/build/lib/openpoints/optim\n'}
[1.956620] (robot_grasping) StdoutLine: {'line': b'copying openpoints/optim/adabelief.py -> /home/jetson/vmf/build/robot_grasping/build/lib/openpoints/optim\n'}
[1.956719] (robot_grasping) StdoutLine: {'line': b'copying openpoints/optim/lamb.py -> /home/jetson/vmf/build/robot_grasping/build/lib/openpoints/optim\n'}
[1.956844] (robot_grasping) StdoutLine: {'line': b'copying openpoints/optim/__init__.py -> /home/jetson/vmf/build/robot_grasping/build/lib/openpoints/optim\n'}
[1.956944] (robot_grasping) StdoutLine: {'line': b'copying openpoints/optim/madgrad.py -> /home/jetson/vmf/build/robot_grasping/build/lib/openpoints/optim\n'}
[1.957068] (robot_grasping) StdoutLine: {'line': b'copying openpoints/optim/nvnovograd.py -> /home/jetson/vmf/build/robot_grasping/build/lib/openpoints/optim\n'}
[1.957168] (robot_grasping) StdoutLine: {'line': b'creating /home/jetson/vmf/build/robot_grasping/build/lib/openpoints/cpp/emd\n'}
[1.957291] (robot_grasping) StdoutLine: {'line': b'copying openpoints/cpp/emd/setup.py -> /home/jetson/vmf/build/robot_grasping/build/lib/openpoints/cpp/emd\n'}
[1.957390] (robot_grasping) StdoutLine: {'line': b'copying openpoints/cpp/emd/test_emd_loss.py -> /home/jetson/vmf/build/robot_grasping/build/lib/openpoints/cpp/emd\n'}
[1.957517] (robot_grasping) StdoutLine: {'line': b'copying openpoints/cpp/emd/emd.py -> /home/jetson/vmf/build/robot_grasping/build/lib/openpoints/cpp/emd\n'}
[1.957617] (robot_grasping) StdoutLine: {'line': b'copying openpoints/cpp/emd/__init__.py -> /home/jetson/vmf/build/robot_grasping/build/lib/openpoints/cpp/emd\n'}
[1.957788] (robot_grasping) StdoutLine: {'line': b'creating /home/jetson/vmf/build/robot_grasping/build/lib/openpoints/cpp/chamfer_dist\n'}
[1.958038] (robot_grasping) StdoutLine: {'line': b'copying openpoints/cpp/chamfer_dist/setup.py -> /home/jetson/vmf/build/robot_grasping/build/lib/openpoints/cpp/chamfer_dist\n'}
[1.958266] (robot_grasping) StdoutLine: {'line': b'copying openpoints/cpp/chamfer_dist/test.py -> /home/jetson/vmf/build/robot_grasping/build/lib/openpoints/cpp/chamfer_dist\n'}
[1.958495] (robot_grasping) StdoutLine: {'line': b'copying openpoints/cpp/chamfer_dist/__init__.py -> /home/jetson/vmf/build/robot_grasping/build/lib/openpoints/cpp/chamfer_dist\n'}
[1.958714] (robot_grasping) StdoutLine: {'line': b'creating /home/jetson/vmf/build/robot_grasping/build/lib/openpoints/cpp/pointops\n'}
[1.958963] (robot_grasping) StdoutLine: {'line': b'copying openpoints/cpp/pointops/setup.py -> /home/jetson/vmf/build/robot_grasping/build/lib/openpoints/cpp/pointops\n'}
[1.959191] (robot_grasping) StdoutLine: {'line': b'copying openpoints/cpp/pointops/__init__.py -> /home/jetson/vmf/build/robot_grasping/build/lib/openpoints/cpp/pointops\n'}
[1.959414] (robot_grasping) StdoutLine: {'line': b'creating /home/jetson/vmf/build/robot_grasping/build/lib/openpoints/cpp/pointnet2_batch\n'}
[1.959637] (robot_grasping) StdoutLine: {'line': b'copying openpoints/cpp/pointnet2_batch/setup.py -> /home/jetson/vmf/build/robot_grasping/build/lib/openpoints/cpp/pointnet2_batch\n'}
[1.959826] (robot_grasping) StdoutLine: {'line': b'copying openpoints/cpp/pointnet2_batch/__init__.py -> /home/jetson/vmf/build/robot_grasping/build/lib/openpoints/cpp/pointnet2_batch\n'}
[1.960109] (robot_grasping) StdoutLine: {'line': b'creating /home/jetson/vmf/build/robot_grasping/build/lib/openpoints/cpp/pointops/functions\n'}
[1.960297] (robot_grasping) StdoutLine: {'line': b'copying openpoints/cpp/pointops/functions/pointops.py -> /home/jetson/vmf/build/robot_grasping/build/lib/openpoints/cpp/pointops/functions\n'}
[1.960526] (robot_grasping) StdoutLine: {'line': b'copying openpoints/cpp/pointops/functions/__init__.py -> /home/jetson/vmf/build/robot_grasping/build/lib/openpoints/cpp/pointops/functions\n'}
[1.960752] (robot_grasping) StdoutLine: {'line': b'creating /home/jetson/vmf/build/robot_grasping/build/lib/openpoints/cpp/pointops/src\n'}
[1.960976] (robot_grasping) StdoutLine: {'line': b'copying openpoints/cpp/pointops/src/__init__.py -> /home/jetson/vmf/build/robot_grasping/build/lib/openpoints/cpp/pointops/src\n'}
[1.961202] (robot_grasping) StdoutLine: {'line': b'creating /home/jetson/vmf/build/robot_grasping/build/lib/openpoints/models/reconstruction\n'}
[1.961388] (robot_grasping) StdoutLine: {'line': b'copying openpoints/models/reconstruction/maskedpoint.py -> /home/jetson/vmf/build/robot_grasping/build/lib/openpoints/models/reconstruction\n'}
[1.961566] (robot_grasping) StdoutLine: {'line': b'copying openpoints/models/reconstruction/base_recontruct.py -> /home/jetson/vmf/build/robot_grasping/build/lib/openpoints/models/reconstruction\n'}
[1.961822] (robot_grasping) StdoutLine: {'line': b'copying openpoints/models/reconstruction/nodeshuffle.py -> /home/jetson/vmf/build/robot_grasping/build/lib/openpoints/models/reconstruction\n'}
[1.962052] (robot_grasping) StdoutLine: {'line': b'copying openpoints/models/reconstruction/maskedpointvit.py -> /home/jetson/vmf/build/robot_grasping/build/lib/openpoints/models/reconstruction\n'}
[1.962280] (robot_grasping) StdoutLine: {'line': b'copying openpoints/models/reconstruction/maskedpointgroup.py -> /home/jetson/vmf/build/robot_grasping/build/lib/openpoints/models/reconstruction\n'}
[1.962464] (robot_grasping) StdoutLine: {'line': b'copying openpoints/models/reconstruction/__init__.py -> /home/jetson/vmf/build/robot_grasping/build/lib/openpoints/models/reconstruction\n'}
[1.962709] (robot_grasping) StdoutLine: {'line': b'creating /home/jetson/vmf/build/robot_grasping/build/lib/openpoints/models/grasp\n'}
[1.962968] (robot_grasping) StdoutLine: {'line': b'copying openpoints/models/grasp/vit_grasp.py -> /home/jetson/vmf/build/robot_grasping/build/lib/openpoints/models/grasp\n'}
[1.963177] (robot_grasping) StdoutLine: {'line': b'copying openpoints/models/grasp/base_grasp.py -> /home/jetson/vmf/build/robot_grasping/build/lib/openpoints/models/grasp\n'}
[1.963427] (robot_grasping) StdoutLine: {'line': b'copying openpoints/models/grasp/__init__.py -> /home/jetson/vmf/build/robot_grasping/build/lib/openpoints/models/grasp\n'}
[1.963640] (robot_grasping) StdoutLine: {'line': b'creating /home/jetson/vmf/build/robot_grasping/build/lib/openpoints/models/classification\n'}
[1.963849] (robot_grasping) StdoutLine: {'line': b'copying openpoints/models/classification/cls_base.py -> /home/jetson/vmf/build/robot_grasping/build/lib/openpoints/models/classification\n'}
[1.964060] (robot_grasping) StdoutLine: {'line': b'copying openpoints/models/classification/point_bert.py -> /home/jetson/vmf/build/robot_grasping/build/lib/openpoints/models/classification\n'}
[1.964271] (robot_grasping) StdoutLine: {'line': b'copying openpoints/models/classification/__init__.py -> /home/jetson/vmf/build/robot_grasping/build/lib/openpoints/models/classification\n'}
[1.964441] (robot_grasping) StdoutLine: {'line': b'creating /home/jetson/vmf/build/robot_grasping/build/lib/openpoints/models/layers\n'}
[1.964671] (robot_grasping) StdoutLine: {'line': b'copying openpoints/models/layers/graph_conv.py -> /home/jetson/vmf/build/robot_grasping/build/lib/openpoints/models/layers\n'}
[1.964847] (robot_grasping) StdoutLine: {'line': b'copying openpoints/models/layers/attention.py -> /home/jetson/vmf/build/robot_grasping/build/lib/openpoints/models/layers\n'}
[1.965052] (robot_grasping) StdoutLine: {'line': b'copying openpoints/models/layers/weight_init.py -> /home/jetson/vmf/build/robot_grasping/build/lib/openpoints/models/layers\n'}
[1.965262] (robot_grasping) StdoutLine: {'line': b'copying openpoints/models/layers/patch_embed.py -> /home/jetson/vmf/build/robot_grasping/build/lib/openpoints/models/layers\n'}
[1.965469] (robot_grasping) StdoutLine: {'line': b'copying openpoints/models/layers/local_aggregation.py -> /home/jetson/vmf/build/robot_grasping/build/lib/openpoints/models/layers\n'}
[1.965675] (robot_grasping) StdoutLine: {'line': b'copying openpoints/models/layers/knn.py -> /home/jetson/vmf/build/robot_grasping/build/lib/openpoints/models/layers\n'}
[1.965877] (robot_grasping) StdoutLine: {'line': b'copying openpoints/models/layers/activation.py -> /home/jetson/vmf/build/robot_grasping/build/lib/openpoints/models/layers\n'}
[1.966091] (robot_grasping) StdoutLine: {'line': b'copying openpoints/models/layers/helpers.py -> /home/jetson/vmf/build/robot_grasping/build/lib/openpoints/models/layers\n'}
[1.966305] (robot_grasping) StdoutLine: {'line': b'copying openpoints/models/layers/registry.py -> /home/jetson/vmf/build/robot_grasping/build/lib/openpoints/models/layers\n'}
[1.966508] (robot_grasping) StdoutLine: {'line': b'copying openpoints/models/layers/group_embed.py -> /home/jetson/vmf/build/robot_grasping/build/lib/openpoints/models/layers\n'}
[1.966712] (robot_grasping) StdoutLine: {'line': b'copying openpoints/models/layers/padding.py -> /home/jetson/vmf/build/robot_grasping/build/lib/openpoints/models/layers\n'}
[1.966934] (robot_grasping) StdoutLine: {'line': b'copying openpoints/models/layers/group.py -> /home/jetson/vmf/build/robot_grasping/build/lib/openpoints/models/layers\n'}
[1.967178] (robot_grasping) StdoutLine: {'line': b'copying openpoints/models/layers/norm.py -> /home/jetson/vmf/build/robot_grasping/build/lib/openpoints/models/layers\n'}
[1.967435] (robot_grasping) StdoutLine: {'line': b'copying openpoints/models/layers/mlp.py -> /home/jetson/vmf/build/robot_grasping/build/lib/openpoints/models/layers\n'}
[1.967651] (robot_grasping) StdoutLine: {'line': b'copying openpoints/models/layers/conv.py -> /home/jetson/vmf/build/robot_grasping/build/lib/openpoints/models/layers\n'}
[1.967826] (robot_grasping) StdoutLine: {'line': b'copying openpoints/models/layers/subsample.py -> /home/jetson/vmf/build/robot_grasping/build/lib/openpoints/models/layers\n'}
[1.968037] (robot_grasping) StdoutLine: {'line': b'copying openpoints/models/layers/kmeans.py -> /home/jetson/vmf/build/robot_grasping/build/lib/openpoints/models/layers\n'}
[1.968235] (robot_grasping) StdoutLine: {'line': b'copying openpoints/models/layers/upsampling.py -> /home/jetson/vmf/build/robot_grasping/build/lib/openpoints/models/layers\n'}
[1.968444] (robot_grasping) StdoutLine: {'line': b'copying openpoints/models/layers/__init__.py -> /home/jetson/vmf/build/robot_grasping/build/lib/openpoints/models/layers\n'}
[1.968654] (robot_grasping) StdoutLine: {'line': b'copying openpoints/models/layers/drop.py -> /home/jetson/vmf/build/robot_grasping/build/lib/openpoints/models/layers\n'}
[1.968823] (robot_grasping) StdoutLine: {'line': b'creating /home/jetson/vmf/build/robot_grasping/build/lib/openpoints/models/backbone\n'}
[1.969061] (robot_grasping) StdoutLine: {'line': b'copying openpoints/models/backbone/spotr.py -> /home/jetson/vmf/build/robot_grasping/build/lib/openpoints/models/backbone\n'}
[1.969267] (robot_grasping) StdoutLine: {'line': b'copying openpoints/models/backbone/Stratified_transformer.py -> /home/jetson/vmf/build/robot_grasping/build/lib/openpoints/models/backbone\n'}
[1.969481] (robot_grasping) StdoutLine: {'line': b'copying openpoints/models/backbone/graphvit3d.py -> /home/jetson/vmf/build/robot_grasping/build/lib/openpoints/models/backbone\n'}
[1.969650] (robot_grasping) StdoutLine: {'line': b'copying openpoints/models/backbone/randlenet.py -> /home/jetson/vmf/build/robot_grasping/build/lib/openpoints/models/backbone\n'}
[1.969883] (robot_grasping) StdoutLine: {'line': b'copying openpoints/models/backbone/simpleview.py -> /home/jetson/vmf/build/robot_grasping/build/lib/openpoints/models/backbone\n'}
[1.970056] (robot_grasping) StdoutLine: {'line': b'copying openpoints/models/backbone/baafnet.py -> /home/jetson/vmf/build/robot_grasping/build/lib/openpoints/models/backbone\n'}
[1.970259] (robot_grasping) StdoutLine: {'line': b'copying openpoints/models/backbone/deepgcn.py -> /home/jetson/vmf/build/robot_grasping/build/lib/openpoints/models/backbone\n'}
[1.970462] (robot_grasping) StdoutLine: {'line': b'copying openpoints/models/backbone/grouppointnet.py -> /home/jetson/vmf/build/robot_grasping/build/lib/openpoints/models/backbone\n'}
[1.970662] (robot_grasping) StdoutLine: {'line': b'copying openpoints/models/backbone/simpleview_util.py -> /home/jetson/vmf/build/robot_grasping/build/lib/openpoints/models/backbone\n'}
[1.970902] (robot_grasping) StdoutLine: {'line': b'copying openpoints/models/backbone/pointvit.py -> /home/jetson/vmf/build/robot_grasping/build/lib/openpoints/models/backbone\n'}
[1.971119] (robot_grasping) StdoutLine: {'line': b'copying openpoints/models/backbone/dgcnn.py -> /home/jetson/vmf/build/robot_grasping/build/lib/openpoints/models/backbone\n'}
[1.971331] (robot_grasping) StdoutLine: {'line': b'copying openpoints/models/backbone/ball_dgcnn.py -> /home/jetson/vmf/build/robot_grasping/build/lib/openpoints/models/backbone\n'}
[1.971502] (robot_grasping) StdoutLine: {'line': b'copying openpoints/models/backbone/pointnextPyG.py -> /home/jetson/vmf/build/robot_grasping/build/lib/openpoints/models/backbone\n'}
[1.971741] (robot_grasping) StdoutLine: {'line': b'copying openpoints/models/backbone/pointvit_inv_old.py -> /home/jetson/vmf/build/robot_grasping/build/lib/openpoints/models/backbone\n'}
[1.971948] (robot_grasping) StdoutLine: {'line': b'copying openpoints/models/backbone/pointvector.py -> /home/jetson/vmf/build/robot_grasping/build/lib/openpoints/models/backbone\n'}
[1.972125] (robot_grasping) StdoutLine: {'line': b'copying openpoints/models/backbone/pointmlp.py -> /home/jetson/vmf/build/robot_grasping/build/lib/openpoints/models/backbone\n'}
[1.972331] (robot_grasping) StdoutLine: {'line': b'copying openpoints/models/backbone/pointnet.py -> /home/jetson/vmf/build/robot_grasping/build/lib/openpoints/models/backbone\n'}
[1.972538] (robot_grasping) StdoutLine: {'line': b'copying openpoints/models/backbone/pct.py -> /home/jetson/vmf/build/robot_grasping/build/lib/openpoints/models/backbone\n'}
[1.972745] (robot_grasping) StdoutLine: {'line': b'copying openpoints/models/backbone/debug_invvit.py -> /home/jetson/vmf/build/robot_grasping/build/lib/openpoints/models/backbone\n'}
[1.972973] (robot_grasping) StdoutLine: {'line': b'copying openpoints/models/backbone/pointnext.py -> /home/jetson/vmf/build/robot_grasping/build/lib/openpoints/models/backbone\n'}
[1.973178] (robot_grasping) StdoutLine: {'line': b'copying openpoints/models/backbone/curvenet.py -> /home/jetson/vmf/build/robot_grasping/build/lib/openpoints/models/backbone\n'}
[1.973400] (robot_grasping) StdoutLine: {'line': b'copying openpoints/models/backbone/pointtransformer.py -> /home/jetson/vmf/build/robot_grasping/build/lib/openpoints/models/backbone\n'}
[1.973575] (robot_grasping) StdoutLine: {'line': b'copying openpoints/models/backbone/resnet.py -> /home/jetson/vmf/build/robot_grasping/build/lib/openpoints/models/backbone\n'}
[1.973815] (robot_grasping) StdoutLine: {'line': b'copying openpoints/models/backbone/pointnetv2.py -> /home/jetson/vmf/build/robot_grasping/build/lib/openpoints/models/backbone\n'}
[1.974022] (robot_grasping) StdoutLine: {'line': b'copying openpoints/models/backbone/__init__.py -> /home/jetson/vmf/build/robot_grasping/build/lib/openpoints/models/backbone\n'}
[1.974242] (robot_grasping) StdoutLine: {'line': b'copying openpoints/models/backbone/pointvit_inv.py -> /home/jetson/vmf/build/robot_grasping/build/lib/openpoints/models/backbone\n'}
[1.974412] (robot_grasping) StdoutLine: {'line': b'creating /home/jetson/vmf/build/robot_grasping/build/lib/openpoints/models/segmentation\n'}
[1.974617] (robot_grasping) StdoutLine: {'line': b'copying openpoints/models/segmentation/base_seg.py -> /home/jetson/vmf/build/robot_grasping/build/lib/openpoints/models/segmentation\n'}
[1.974846] (robot_grasping) StdoutLine: {'line': b'copying openpoints/models/segmentation/vit_seg.py -> /home/jetson/vmf/build/robot_grasping/build/lib/openpoints/models/segmentation\n'}
[1.975064] (robot_grasping) StdoutLine: {'line': b'copying openpoints/models/segmentation/__init__.py -> /home/jetson/vmf/build/robot_grasping/build/lib/openpoints/models/segmentation\n'}
[1.975269] (robot_grasping) StdoutLine: {'line': b'creating /home/jetson/vmf/build/robot_grasping/build/lib/openpoints/dataset/pcqm4m\n'}
[1.975474] (robot_grasping) StdoutLine: {'line': b'copying openpoints/dataset/pcqm4m/data.py -> /home/jetson/vmf/build/robot_grasping/build/lib/openpoints/dataset/pcqm4m\n'}
[1.975682] (robot_grasping) StdoutLine: {'line': b'copying openpoints/dataset/pcqm4m/__init__.py -> /home/jetson/vmf/build/robot_grasping/build/lib/openpoints/dataset/pcqm4m\n'}
[1.975895] (robot_grasping) StdoutLine: {'line': b'creating /home/jetson/vmf/build/robot_grasping/build/lib/openpoints/dataset/graph_dataset\n'}
[1.976102] (robot_grasping) StdoutLine: {'line': b'copying openpoints/dataset/graph_dataset/svd_encodings_dataset.py -> /home/jetson/vmf/build/robot_grasping/build/lib/openpoints/dataset/graph_dataset\n'}
[1.976309] (robot_grasping) StdoutLine: {'line': b'copying openpoints/dataset/graph_dataset/structural_dataset.py -> /home/jetson/vmf/build/robot_grasping/build/lib/openpoints/dataset/graph_dataset\n'}
[1.976477] (robot_grasping) StdoutLine: {'line': b'copying openpoints/dataset/graph_dataset/stack_with_pad.py -> /home/jetson/vmf/build/robot_grasping/build/lib/openpoints/dataset/graph_dataset\n'}
[1.976641] (robot_grasping) StdoutLine: {'line': b'copying openpoints/dataset/graph_dataset/graph_dataset.py -> /home/jetson/vmf/build/robot_grasping/build/lib/openpoints/dataset/graph_dataset\n'}
[1.976803] (robot_grasping) StdoutLine: {'line': b'copying openpoints/dataset/graph_dataset/__init__.py -> /home/jetson/vmf/build/robot_grasping/build/lib/openpoints/dataset/graph_dataset\n'}
[1.976963] (robot_grasping) StdoutLine: {'line': b'creating /home/jetson/vmf/build/robot_grasping/build/lib/openpoints/dataset/pcqm4mv2\n'}
[1.977123] (robot_grasping) StdoutLine: {'line': b'copying openpoints/dataset/pcqm4mv2/data.py -> /home/jetson/vmf/build/robot_grasping/build/lib/openpoints/dataset/pcqm4mv2\n'}
[1.977302] (robot_grasping) StdoutLine: {'line': b'copying openpoints/dataset/pcqm4mv2/__init__.py -> /home/jetson/vmf/build/robot_grasping/build/lib/openpoints/dataset/pcqm4mv2\n'}
[1.977461] (robot_grasping) StdoutLine: {'line': b'creating /home/jetson/vmf/build/robot_grasping/build/lib/openpoints/dataset/atom3d\n'}
[1.977617] (robot_grasping) StdoutLine: {'line': b'copying openpoints/dataset/atom3d/psr.py -> /home/jetson/vmf/build/robot_grasping/build/lib/openpoints/dataset/atom3d\n'}
[1.977775] (robot_grasping) StdoutLine: {'line': b'copying openpoints/dataset/atom3d/__init__.py -> /home/jetson/vmf/build/robot_grasping/build/lib/openpoints/dataset/atom3d\n'}
[1.977934] (robot_grasping) StdoutLine: {'line': b'creating /home/jetson/vmf/build/robot_grasping/build/lib/openpoints/dataset/s3dis\n'}
[1.978091] (robot_grasping) StdoutLine: {'line': b'copying openpoints/dataset/s3dis/s3dis.py -> /home/jetson/vmf/build/robot_grasping/build/lib/openpoints/dataset/s3dis\n'}
[1.978250] (robot_grasping) StdoutLine: {'line': b'copying openpoints/dataset/s3dis/s3dis_sphere.py -> /home/jetson/vmf/build/robot_grasping/build/lib/openpoints/dataset/s3dis\n'}
[1.978409] (robot_grasping) StdoutLine: {'line': b'copying openpoints/dataset/s3dis/s3dis_block.py -> /home/jetson/vmf/build/robot_grasping/build/lib/openpoints/dataset/s3dis\n'}
[1.978567] (robot_grasping) StdoutLine: {'line': b'copying openpoints/dataset/s3dis/__init__.py -> /home/jetson/vmf/build/robot_grasping/build/lib/openpoints/dataset/s3dis\n'}
[1.978723] (robot_grasping) StdoutLine: {'line': b'creating /home/jetson/vmf/build/robot_grasping/build/lib/openpoints/dataset/shapenetpart\n'}
[1.978922] (robot_grasping) StdoutLine: {'line': b'copying openpoints/dataset/shapenetpart/shapenetpart.py -> /home/jetson/vmf/build/robot_grasping/build/lib/openpoints/dataset/shapenetpart\n'}
[1.979078] (robot_grasping) StdoutLine: {'line': b'copying openpoints/dataset/shapenetpart/shapenet55.py -> /home/jetson/vmf/build/robot_grasping/build/lib/openpoints/dataset/shapenetpart\n'}
[1.979247] (robot_grasping) StdoutLine: {'line': b'copying openpoints/dataset/shapenetpart/__init__.py -> /home/jetson/vmf/build/robot_grasping/build/lib/openpoints/dataset/shapenetpart\n'}
[1.979402] (robot_grasping) StdoutLine: {'line': b'creating /home/jetson/vmf/build/robot_grasping/build/lib/openpoints/dataset/modelnet\n'}
[1.979550] (robot_grasping) StdoutLine: {'line': b'copying openpoints/dataset/modelnet/modelnet40_normal_resampled_loader.py -> /home/jetson/vmf/build/robot_grasping/build/lib/openpoints/dataset/modelnet\n'}
[1.979700] (robot_grasping) StdoutLine: {'line': b'copying openpoints/dataset/modelnet/modelnet40_ply_2048_loader.py -> /home/jetson/vmf/build/robot_grasping/build/lib/openpoints/dataset/modelnet\n'}
[1.979847] (robot_grasping) StdoutLine: {'line': b'copying openpoints/dataset/modelnet/__init__.py -> /home/jetson/vmf/build/robot_grasping/build/lib/openpoints/dataset/modelnet\n'}
[1.979995] (robot_grasping) StdoutLine: {'line': b'creating /home/jetson/vmf/build/robot_grasping/build/lib/openpoints/dataset/shapenet\n'}
[1.980171] (robot_grasping) StdoutLine: {'line': b'copying openpoints/dataset/shapenet/shapenetpart.py -> /home/jetson/vmf/build/robot_grasping/build/lib/openpoints/dataset/shapenet\n'}
[1.980322] (robot_grasping) StdoutLine: {'line': b'copying openpoints/dataset/shapenet/shapenet55.py -> /home/jetson/vmf/build/robot_grasping/build/lib/openpoints/dataset/shapenet\n'}
[1.980470] (robot_grasping) StdoutLine: {'line': b'copying openpoints/dataset/shapenet/__init__.py -> /home/jetson/vmf/build/robot_grasping/build/lib/openpoints/dataset/shapenet\n'}
[1.980617] (robot_grasping) StdoutLine: {'line': b'creating /home/jetson/vmf/build/robot_grasping/build/lib/openpoints/dataset/matterport3d\n'}
[1.980764] (robot_grasping) StdoutLine: {'line': b'copying openpoints/dataset/matterport3d/matterport3d_dataprocessing.py -> /home/jetson/vmf/build/robot_grasping/build/lib/openpoints/dataset/matterport3d\n'}
[1.980913] (robot_grasping) StdoutLine: {'line': b'copying openpoints/dataset/matterport3d/__init__.py -> /home/jetson/vmf/build/robot_grasping/build/lib/openpoints/dataset/matterport3d\n'}
[1.981077] (robot_grasping) StdoutLine: {'line': b'copying openpoints/dataset/matterport3d/matterport3d.py -> /home/jetson/vmf/build/robot_grasping/build/lib/openpoints/dataset/matterport3d\n'}
[1.981226] (robot_grasping) StdoutLine: {'line': b'creating /home/jetson/vmf/build/robot_grasping/build/lib/openpoints/dataset/semantic_kitti\n'}
[1.981374] (robot_grasping) StdoutLine: {'line': b'copying openpoints/dataset/semantic_kitti/semantickitti.py -> /home/jetson/vmf/build/robot_grasping/build/lib/openpoints/dataset/semantic_kitti\n'}
[1.981521] (robot_grasping) StdoutLine: {'line': b'copying openpoints/dataset/semantic_kitti/helper_tool.py -> /home/jetson/vmf/build/robot_grasping/build/lib/openpoints/dataset/semantic_kitti\n'}
[1.981668] (robot_grasping) StdoutLine: {'line': b'copying openpoints/dataset/semantic_kitti/__init__.py -> /home/jetson/vmf/build/robot_grasping/build/lib/openpoints/dataset/semantic_kitti\n'}
[1.981815] (robot_grasping) StdoutLine: {'line': b'creating /home/jetson/vmf/build/robot_grasping/build/lib/openpoints/dataset/molpcba\n'}
[1.981961] (robot_grasping) StdoutLine: {'line': b'copying openpoints/dataset/molpcba/data.py -> /home/jetson/vmf/build/robot_grasping/build/lib/openpoints/dataset/molpcba\n'}
[1.982108] (robot_grasping) StdoutLine: {'line': b'copying openpoints/dataset/molpcba/__init__.py -> /home/jetson/vmf/build/robot_grasping/build/lib/openpoints/dataset/molpcba\n'}
[1.982253] (robot_grasping) StdoutLine: {'line': b'creating /home/jetson/vmf/build/robot_grasping/build/lib/openpoints/dataset/scanobjectnn\n'}
[1.982397] (robot_grasping) StdoutLine: {'line': b'copying openpoints/dataset/scanobjectnn/scanobjectnn.py -> /home/jetson/vmf/build/robot_grasping/build/lib/openpoints/dataset/scanobjectnn\n'}
[1.982543] (robot_grasping) StdoutLine: {'line': b'copying openpoints/dataset/scanobjectnn/__init__.py -> /home/jetson/vmf/build/robot_grasping/build/lib/openpoints/dataset/scanobjectnn\n'}
[1.982690] (robot_grasping) StdoutLine: {'line': b'creating /home/jetson/vmf/build/robot_grasping/build/lib/openpoints/dataset/molhiv\n'}
[1.982867] (robot_grasping) StdoutLine: {'line': b'copying openpoints/dataset/molhiv/data.py -> /home/jetson/vmf/build/robot_grasping/build/lib/openpoints/dataset/molhiv\n'}
[1.983017] (robot_grasping) StdoutLine: {'line': b'copying openpoints/dataset/molhiv/__init__.py -> /home/jetson/vmf/build/robot_grasping/build/lib/openpoints/dataset/molhiv\n'}
[1.983155] (robot_grasping) StdoutLine: {'line': b'creating /home/jetson/vmf/build/robot_grasping/build/lib/openpoints/dataset/parsers\n'}
[1.983292] (robot_grasping) StdoutLine: {'line': b'copying openpoints/dataset/parsers/parser_factory.py -> /home/jetson/vmf/build/robot_grasping/build/lib/openpoints/dataset/parsers\n'}
[1.983431] (robot_grasping) StdoutLine: {'line': b'copying openpoints/dataset/parsers/parser_image_tar.py -> /home/jetson/vmf/build/robot_grasping/build/lib/openpoints/dataset/parsers\n'}
[1.983569] (robot_grasping) StdoutLine: {'line': b'copying openpoints/dataset/parsers/parser_tfds.py -> /home/jetson/vmf/build/robot_grasping/build/lib/openpoints/dataset/parsers\n'}
[1.983705] (robot_grasping) StdoutLine: {'line': b'copying openpoints/dataset/parsers/parser_image_folder.py -> /home/jetson/vmf/build/robot_grasping/build/lib/openpoints/dataset/parsers\n'}
[1.983856] (robot_grasping) StdoutLine: {'line': b'copying openpoints/dataset/parsers/parser_image_in_tar.py -> /home/jetson/vmf/build/robot_grasping/build/lib/openpoints/dataset/parsers\n'}
[1.983996] (robot_grasping) StdoutLine: {'line': b'copying openpoints/dataset/parsers/constants.py -> /home/jetson/vmf/build/robot_grasping/build/lib/openpoints/dataset/parsers\n'}
[1.984135] (robot_grasping) StdoutLine: {'line': b'copying openpoints/dataset/parsers/parser.py -> /home/jetson/vmf/build/robot_grasping/build/lib/openpoints/dataset/parsers\n'}
[1.984273] (robot_grasping) StdoutLine: {'line': b'copying openpoints/dataset/parsers/class_map.py -> /home/jetson/vmf/build/robot_grasping/build/lib/openpoints/dataset/parsers\n'}
[1.984425] (robot_grasping) StdoutLine: {'line': b'copying openpoints/dataset/parsers/__init__.py -> /home/jetson/vmf/build/robot_grasping/build/lib/openpoints/dataset/parsers\n'}
[1.984564] (robot_grasping) StdoutLine: {'line': b'creating /home/jetson/vmf/build/robot_grasping/build/lib/openpoints/dataset/scannetv2\n'}
[1.984701] (robot_grasping) StdoutLine: {'line': b'copying openpoints/dataset/scannetv2/scannet.py -> /home/jetson/vmf/build/robot_grasping/build/lib/openpoints/dataset/scannetv2\n'}
[1.984838] (robot_grasping) StdoutLine: {'line': b'copying openpoints/dataset/scannetv2/__init__.py -> /home/jetson/vmf/build/robot_grasping/build/lib/openpoints/dataset/scannetv2\n'}
[1.989483] (robot_grasping) StdoutLine: {'line': b'running install\n'}
[1.990375] (robot_grasping) StdoutLine: {'line': b'running install_lib\n'}
[1.991874] (robot_grasping) StdoutLine: {'line': b'creating /home/jetson/vmf/install/robot_grasping/lib/python3.10/site-packages/active_grasp\n'}
[1.992088] (robot_grasping) StdoutLine: {'line': b'copying /home/jetson/vmf/build/robot_grasping/build/lib/active_grasp/baselines.py -> /home/jetson/vmf/install/robot_grasping/lib/python3.10/site-packages/active_grasp\n'}
[1.992319] (robot_grasping) StdoutLine: {'line': b'copying /home/jetson/vmf/build/robot_grasping/build/lib/active_grasp/timer.py -> /home/jetson/vmf/install/robot_grasping/lib/python3.10/site-packages/active_grasp\n'}
[1.992535] (robot_grasping) StdoutLine: {'line': b'copying /home/jetson/vmf/build/robot_grasping/build/lib/active_grasp/policy.py -> /home/jetson/vmf/install/robot_grasping/lib/python3.10/site-packages/active_grasp\n'}
[1.992756] (robot_grasping) StdoutLine: {'line': b'copying /home/jetson/vmf/build/robot_grasping/build/lib/active_grasp/networks.py -> /home/jetson/vmf/install/robot_grasping/lib/python3.10/site-packages/active_grasp\n'}
[1.992988] (robot_grasping) StdoutLine: {'line': b'copying /home/jetson/vmf/build/robot_grasping/build/lib/active_grasp/spatial.py -> /home/jetson/vmf/install/robot_grasping/lib/python3.10/site-packages/active_grasp\n'}
[1.993207] (robot_grasping) StdoutLine: {'line': b'copying /home/jetson/vmf/build/robot_grasping/build/lib/active_grasp/bbox.py -> /home/jetson/vmf/install/robot_grasping/lib/python3.10/site-packages/active_grasp\n'}
[1.993465] (robot_grasping) StdoutLine: {'line': b'copying /home/jetson/vmf/build/robot_grasping/build/lib/active_grasp/nbv.py -> /home/jetson/vmf/install/robot_grasping/lib/python3.10/site-packages/active_grasp\n'}
[1.993697] (robot_grasping) StdoutLine: {'line': b'copying /home/jetson/vmf/build/robot_grasping/build/lib/active_grasp/vlm_policy.py -> /home/jetson/vmf/install/robot_grasping/lib/python3.10/site-packages/active_grasp\n'}
[1.993923] (robot_grasping) StdoutLine: {'line': b'copying /home/jetson/vmf/build/robot_grasping/build/lib/active_grasp/perception.py -> /home/jetson/vmf/install/robot_grasping/lib/python3.10/site-packages/active_grasp\n'}
[1.994149] (robot_grasping) StdoutLine: {'line': b'copying /home/jetson/vmf/build/robot_grasping/build/lib/active_grasp/__init__.py -> /home/jetson/vmf/install/robot_grasping/lib/python3.10/site-packages/active_grasp\n'}
[1.994375] (robot_grasping) StdoutLine: {'line': b'creating /home/jetson/vmf/install/robot_grasping/lib/python3.10/site-packages/vmf_contact_main\n'}
[1.994628] (robot_grasping) StdoutLine: {'line': b'copying /home/jetson/vmf/build/robot_grasping/build/lib/vmf_contact_main/train.py -> /home/jetson/vmf/install/robot_grasping/lib/python3.10/site-packages/vmf_contact_main\n'}
[1.994885] (robot_grasping) StdoutLine: {'line': b'creating /home/jetson/vmf/install/robot_grasping/lib/python3.10/site-packages/vmf_contact_main/vmf_contact\n'}
[1.995102] (robot_grasping) StdoutLine: {'line': b'creating /home/jetson/vmf/install/robot_grasping/lib/python3.10/site-packages/vmf_contact_main/vmf_contact/datasets\n'}
[1.995342] (robot_grasping) StdoutLine: {'line': b'creating /home/jetson/vmf/install/robot_grasping/lib/python3.10/site-packages/vmf_contact_main/vmf_contact/datasets/_utils\n'}
[1.995579] (robot_grasping) StdoutLine: {'line': b'copying /home/jetson/vmf/build/robot_grasping/build/lib/vmf_contact_main/vmf_contact/datasets/_utils/transforms.py -> /home/jetson/vmf/install/robot_grasping/lib/python3.10/site-packages/vmf_contact_main/vmf_contact/datasets/_utils\n'}
[1.995798] (robot_grasping) StdoutLine: {'line': b'copying /home/jetson/vmf/build/robot_grasping/build/lib/vmf_contact_main/vmf_contact/datasets/_utils/_registry.py -> /home/jetson/vmf/install/robot_grasping/lib/python3.10/site-packages/vmf_contact_main/vmf_contact/datasets/_utils\n'}
[1.996030] (robot_grasping) StdoutLine: {'line': b'copying /home/jetson/vmf/build/robot_grasping/build/lib/vmf_contact_main/vmf_contact/datasets/_utils/split.py -> /home/jetson/vmf/install/robot_grasping/lib/python3.10/site-packages/vmf_contact_main/vmf_contact/datasets/_utils\n'}
[1.996246] (robot_grasping) StdoutLine: {'line': b'copying /home/jetson/vmf/build/robot_grasping/build/lib/vmf_contact_main/vmf_contact/datasets/_utils/_base.py -> /home/jetson/vmf/install/robot_grasping/lib/python3.10/site-packages/vmf_contact_main/vmf_contact/datasets/_utils\n'}
[1.996457] (robot_grasping) StdoutLine: {'line': b'copying /home/jetson/vmf/build/robot_grasping/build/lib/vmf_contact_main/vmf_contact/datasets/_utils/__init__.py -> /home/jetson/vmf/install/robot_grasping/lib/python3.10/site-packages/vmf_contact_main/vmf_contact/datasets/_utils\n'}
[1.996668] (robot_grasping) StdoutLine: {'line': b'copying /home/jetson/vmf/build/robot_grasping/build/lib/vmf_contact_main/vmf_contact/datasets/pointcloud_process.py -> /home/jetson/vmf/install/robot_grasping/lib/python3.10/site-packages/vmf_contact_main/vmf_contact/datasets\n'}
[1.996917] (robot_grasping) StdoutLine: {'line': b'copying /home/jetson/vmf/build/robot_grasping/build/lib/vmf_contact_main/vmf_contact/datasets/dataset.py -> /home/jetson/vmf/install/robot_grasping/lib/python3.10/site-packages/vmf_contact_main/vmf_contact/datasets\n'}
[1.997132] (robot_grasping) StdoutLine: {'line': b'copying /home/jetson/vmf/build/robot_grasping/build/lib/vmf_contact_main/vmf_contact/datasets/mgn.py -> /home/jetson/vmf/install/robot_grasping/lib/python3.10/site-packages/vmf_contact_main/vmf_contact/datasets\n'}
[1.997384] (robot_grasping) StdoutLine: {'line': b'copying /home/jetson/vmf/build/robot_grasping/build/lib/vmf_contact_main/vmf_contact/datasets/__init__.py -> /home/jetson/vmf/install/robot_grasping/lib/python3.10/site-packages/vmf_contact_main/vmf_contact/datasets\n'}
[1.997599] (robot_grasping) StdoutLine: {'line': b'creating /home/jetson/vmf/install/robot_grasping/lib/python3.10/site-packages/vmf_contact_main/vmf_contact/metrics\n'}
[1.997839] (robot_grasping) StdoutLine: {'line': b'copying /home/jetson/vmf/build/robot_grasping/build/lib/vmf_contact_main/vmf_contact/metrics/ausc_ause.py -> /home/jetson/vmf/install/robot_grasping/lib/python3.10/site-packages/vmf_contact_main/vmf_contact/metrics\n'}
[1.998051] (robot_grasping) StdoutLine: {'line': b'copying /home/jetson/vmf/build/robot_grasping/build/lib/vmf_contact_main/vmf_contact/metrics/aucpr.py -> /home/jetson/vmf/install/robot_grasping/lib/python3.10/site-packages/vmf_contact_main/vmf_contact/metrics\n'}
[1.998265] (robot_grasping) StdoutLine: {'line': b'copying /home/jetson/vmf/build/robot_grasping/build/lib/vmf_contact_main/vmf_contact/metrics/brier.py -> /home/jetson/vmf/install/robot_grasping/lib/python3.10/site-packages/vmf_contact_main/vmf_contact/metrics\n'}
[1.998473] (robot_grasping) StdoutLine: {'line': b'copying /home/jetson/vmf/build/robot_grasping/build/lib/vmf_contact_main/vmf_contact/metrics/__init__.py -> /home/jetson/vmf/install/robot_grasping/lib/python3.10/site-packages/vmf_contact_main/vmf_contact/metrics\n'}
[1.998676] (robot_grasping) StdoutLine: {'line': b'creating /home/jetson/vmf/install/robot_grasping/lib/python3.10/site-packages/vmf_contact_main/vmf_contact/model\n'}
[1.998874] (robot_grasping) StdoutLine: {'line': b'copying /home/jetson/vmf/build/robot_grasping/build/lib/vmf_contact_main/vmf_contact/model/estimator.py -> /home/jetson/vmf/install/robot_grasping/lib/python3.10/site-packages/vmf_contact_main/vmf_contact/model\n'}
[1.999118] (robot_grasping) StdoutLine: {'line': b'copying /home/jetson/vmf/build/robot_grasping/build/lib/vmf_contact_main/vmf_contact/model/lightning_module_flow.py -> /home/jetson/vmf/install/robot_grasping/lib/python3.10/site-packages/vmf_contact_main/vmf_contact/model\n'}
[1.999298] (robot_grasping) StdoutLine: {'line': b'copying /home/jetson/vmf/build/robot_grasping/build/lib/vmf_contact_main/vmf_contact/model/lightning_module.py -> /home/jetson/vmf/install/robot_grasping/lib/python3.10/site-packages/vmf_contact_main/vmf_contact/model\n'}
[1.999537] (robot_grasping) StdoutLine: {'line': b'copying /home/jetson/vmf/build/robot_grasping/build/lib/vmf_contact_main/vmf_contact/model/grasp_buffer.py -> /home/jetson/vmf/install/robot_grasping/lib/python3.10/site-packages/vmf_contact_main/vmf_contact/model\n'}
[1.999748] (robot_grasping) StdoutLine: {'line': b'copying /home/jetson/vmf/build/robot_grasping/build/lib/vmf_contact_main/vmf_contact/model/utils.py -> /home/jetson/vmf/install/robot_grasping/lib/python3.10/site-packages/vmf_contact_main/vmf_contact/model\n'}
[1.999959] (robot_grasping) StdoutLine: {'line': b'copying /home/jetson/vmf/build/robot_grasping/build/lib/vmf_contact_main/vmf_contact/model/__init__.py -> /home/jetson/vmf/install/robot_grasping/lib/python3.10/site-packages/vmf_contact_main/vmf_contact/model\n'}
[2.000189] (robot_grasping) StdoutLine: {'line': b'copying /home/jetson/vmf/build/robot_grasping/build/lib/vmf_contact_main/vmf_contact/__init__.py -> /home/jetson/vmf/install/robot_grasping/lib/python3.10/site-packages/vmf_contact_main/vmf_contact\n'}
[2.000399] (robot_grasping) StdoutLine: {'line': b'creating /home/jetson/vmf/install/robot_grasping/lib/python3.10/site-packages/vmf_contact_main/vmf_contact/nn\n'}
[2.000606] (robot_grasping) StdoutLine: {'line': b'copying /home/jetson/vmf/build/robot_grasping/build/lib/vmf_contact_main/vmf_contact/nn/position_encodings.py -> /home/jetson/vmf/install/robot_grasping/lib/python3.10/site-packages/vmf_contact_main/vmf_contact/nn\n'}
[2.000813] (robot_grasping) StdoutLine: {'line': b'copying /home/jetson/vmf/build/robot_grasping/build/lib/vmf_contact_main/vmf_contact/nn/util.py -> /home/jetson/vmf/install/robot_grasping/lib/python3.10/site-packages/vmf_contact_main/vmf_contact/nn\n'}
[2.001017] (robot_grasping) StdoutLine: {'line': b'copying /home/jetson/vmf/build/robot_grasping/build/lib/vmf_contact_main/vmf_contact/nn/attention.py -> /home/jetson/vmf/install/robot_grasping/lib/python3.10/site-packages/vmf_contact_main/vmf_contact/nn\n'}
[2.001251] (robot_grasping) StdoutLine: {'line': b'copying /home/jetson/vmf/build/robot_grasping/build/lib/vmf_contact_main/vmf_contact/nn/scaler.py -> /home/jetson/vmf/install/robot_grasping/lib/python3.10/site-packages/vmf_contact_main/vmf_contact/nn\n'}
[2.001459] (robot_grasping) StdoutLine: {'line': b'copying /home/jetson/vmf/build/robot_grasping/build/lib/vmf_contact_main/vmf_contact/nn/network.py -> /home/jetson/vmf/install/robot_grasping/lib/python3.10/site-packages/vmf_contact_main/vmf_contact/nn\n'}
[2.001664] (robot_grasping) StdoutLine: {'line': b'creating /home/jetson/vmf/install/robot_grasping/lib/python3.10/site-packages/vmf_contact_main/vmf_contact/nn/output\n'}
[2.001900] (robot_grasping) StdoutLine: {'line': b'copying /home/jetson/vmf/build/robot_grasping/build/lib/vmf_contact_main/vmf_contact/nn/output/normal.py -> /home/jetson/vmf/install/robot_grasping/lib/python3.10/site-packages/vmf_contact_main/vmf_contact/nn/output\n'}
[2.002112] (robot_grasping) StdoutLine: {'line': b'copying /home/jetson/vmf/build/robot_grasping/build/lib/vmf_contact_main/vmf_contact/nn/output/ps.py -> /home/jetson/vmf/install/robot_grasping/lib/python3.10/site-packages/vmf_contact_main/vmf_contact/nn/output\n'}
[2.002323] (robot_grasping) StdoutLine: {'line': b'copying /home/jetson/vmf/build/robot_grasping/build/lib/vmf_contact_main/vmf_contact/nn/output/normal_multi.py -> /home/jetson/vmf/install/robot_grasping/lib/python3.10/site-packages/vmf_contact_main/vmf_contact/nn/output\n'}
[2.002519] (robot_grasping) StdoutLine: {'line': b'copying /home/jetson/vmf/build/robot_grasping/build/lib/vmf_contact_main/vmf_contact/nn/output/_base.py -> /home/jetson/vmf/install/robot_grasping/lib/python3.10/site-packages/vmf_contact_main/vmf_contact/nn/output\n'}
[2.002725] (robot_grasping) StdoutLine: {'line': b'copying /home/jetson/vmf/build/robot_grasping/build/lib/vmf_contact_main/vmf_contact/nn/output/vmf.py -> /home/jetson/vmf/install/robot_grasping/lib/python3.10/site-packages/vmf_contact_main/vmf_contact/nn/output\n'}
[2.002983] (robot_grasping) StdoutLine: {'line': b'copying /home/jetson/vmf/build/robot_grasping/build/lib/vmf_contact_main/vmf_contact/nn/output/__init__.py -> /home/jetson/vmf/install/robot_grasping/lib/python3.10/site-packages/vmf_contact_main/vmf_contact/nn/output\n'}
[2.003201] (robot_grasping) StdoutLine: {'line': b'copying /home/jetson/vmf/build/robot_grasping/build/lib/vmf_contact_main/vmf_contact/nn/uncertainty_estimator.py -> /home/jetson/vmf/install/robot_grasping/lib/python3.10/site-packages/vmf_contact_main/vmf_contact/nn\n'}
[2.003384] (robot_grasping) StdoutLine: {'line': b'copying /home/jetson/vmf/build/robot_grasping/build/lib/vmf_contact_main/vmf_contact/nn/loss.py -> /home/jetson/vmf/install/robot_grasping/lib/python3.10/site-packages/vmf_contact_main/vmf_contact/nn\n'}
[2.003626] (robot_grasping) StdoutLine: {'line': b'copying /home/jetson/vmf/build/robot_grasping/build/lib/vmf_contact_main/vmf_contact/nn/pointr.py -> /home/jetson/vmf/install/robot_grasping/lib/python3.10/site-packages/vmf_contact_main/vmf_contact/nn\n'}
[2.003846] (robot_grasping) StdoutLine: {'line': b'copying /home/jetson/vmf/build/robot_grasping/build/lib/vmf_contact_main/vmf_contact/nn/multihead_custom_attention.py -> /home/jetson/vmf/install/robot_grasping/lib/python3.10/site-packages/vmf_contact_main/vmf_contact/nn\n'}
[2.004055] (robot_grasping) StdoutLine: {'line': b'copying /home/jetson/vmf/build/robot_grasping/build/lib/vmf_contact_main/vmf_contact/nn/__init__.py -> /home/jetson/vmf/install/robot_grasping/lib/python3.10/site-packages/vmf_contact_main/vmf_contact/nn\n'}
[2.004267] (robot_grasping) StdoutLine: {'line': b'copying /home/jetson/vmf/build/robot_grasping/build/lib/vmf_contact_main/test.py -> /home/jetson/vmf/install/robot_grasping/lib/python3.10/site-packages/vmf_contact_main\n'}
[2.004500] (robot_grasping) StdoutLine: {'line': b'copying /home/jetson/vmf/build/robot_grasping/build/lib/vmf_contact_main/remote_agent.py -> /home/jetson/vmf/install/robot_grasping/lib/python3.10/site-packages/vmf_contact_main\n'}
[2.004674] (robot_grasping) StdoutLine: {'line': b'creating /home/jetson/vmf/install/robot_grasping/lib/python3.10/site-packages/vmf_contact_main/openpoints\n'}
[2.004914] (robot_grasping) StdoutLine: {'line': b'creating /home/jetson/vmf/install/robot_grasping/lib/python3.10/site-packages/vmf_contact_main/openpoints/cpp\n'}
[2.005124] (robot_grasping) StdoutLine: {'line': b'creating /home/jetson/vmf/install/robot_grasping/lib/python3.10/site-packages/vmf_contact_main/openpoints/cpp/emd\n'}
[2.005334] (robot_grasping) StdoutLine: {'line': b'copying /home/jetson/vmf/build/robot_grasping/build/lib/vmf_contact_main/openpoints/cpp/emd/setup.py -> /home/jetson/vmf/install/robot_grasping/lib/python3.10/site-packages/vmf_contact_main/openpoints/cpp/emd\n'}
[2.005571] (robot_grasping) StdoutLine: {'line': b'copying /home/jetson/vmf/build/robot_grasping/build/lib/vmf_contact_main/openpoints/cpp/emd/test_emd_loss.py -> /home/jetson/vmf/install/robot_grasping/lib/python3.10/site-packages/vmf_contact_main/openpoints/cpp/emd\n'}
[2.005746] (robot_grasping) StdoutLine: {'line': b'copying /home/jetson/vmf/build/robot_grasping/build/lib/vmf_contact_main/openpoints/cpp/emd/emd.py -> /home/jetson/vmf/install/robot_grasping/lib/python3.10/site-packages/vmf_contact_main/openpoints/cpp/emd\n'}
[2.005989] (robot_grasping) StdoutLine: {'line': b'copying /home/jetson/vmf/build/robot_grasping/build/lib/vmf_contact_main/openpoints/cpp/emd/__init__.py -> /home/jetson/vmf/install/robot_grasping/lib/python3.10/site-packages/vmf_contact_main/openpoints/cpp/emd\n'}
[2.006224] (robot_grasping) StdoutLine: {'line': b'creating /home/jetson/vmf/install/robot_grasping/lib/python3.10/site-packages/vmf_contact_main/openpoints/cpp/chamfer_dist\n'}
[2.006428] (robot_grasping) StdoutLine: {'line': b'copying /home/jetson/vmf/build/robot_grasping/build/lib/vmf_contact_main/openpoints/cpp/chamfer_dist/setup.py -> /home/jetson/vmf/install/robot_grasping/lib/python3.10/site-packages/vmf_contact_main/openpoints/cpp/chamfer_dist\n'}
[2.006702] (robot_grasping) StdoutLine: {'line': b'copying /home/jetson/vmf/build/robot_grasping/build/lib/vmf_contact_main/openpoints/cpp/chamfer_dist/test.py -> /home/jetson/vmf/install/robot_grasping/lib/python3.10/site-packages/vmf_contact_main/openpoints/cpp/chamfer_dist\n'}
[2.006950] (robot_grasping) StdoutLine: {'line': b'copying /home/jetson/vmf/build/robot_grasping/build/lib/vmf_contact_main/openpoints/cpp/chamfer_dist/__init__.py -> /home/jetson/vmf/install/robot_grasping/lib/python3.10/site-packages/vmf_contact_main/openpoints/cpp/chamfer_dist\n'}
[2.007175] (robot_grasping) StdoutLine: {'line': b'creating /home/jetson/vmf/install/robot_grasping/lib/python3.10/site-packages/vmf_contact_main/openpoints/cpp/pointops\n'}
[2.007386] (robot_grasping) StdoutLine: {'line': b'copying /home/jetson/vmf/build/robot_grasping/build/lib/vmf_contact_main/openpoints/cpp/pointops/setup.py -> /home/jetson/vmf/install/robot_grasping/lib/python3.10/site-packages/vmf_contact_main/openpoints/cpp/pointops\n'}
[2.007602] (robot_grasping) StdoutLine: {'line': b'creating /home/jetson/vmf/install/robot_grasping/lib/python3.10/site-packages/vmf_contact_main/openpoints/cpp/pointops/functions\n'}
[2.007847] (robot_grasping) StdoutLine: {'line': b'copying /home/jetson/vmf/build/robot_grasping/build/lib/vmf_contact_main/openpoints/cpp/pointops/functions/pointops.py -> /home/jetson/vmf/install/robot_grasping/lib/python3.10/site-packages/vmf_contact_main/openpoints/cpp/pointops/functions\n'}
[2.008063] (robot_grasping) StdoutLine: {'line': b'copying /home/jetson/vmf/build/robot_grasping/build/lib/vmf_contact_main/openpoints/cpp/pointops/functions/__init__.py -> /home/jetson/vmf/install/robot_grasping/lib/python3.10/site-packages/vmf_contact_main/openpoints/cpp/pointops/functions\n'}
[2.008278] (robot_grasping) StdoutLine: {'line': b'creating /home/jetson/vmf/install/robot_grasping/lib/python3.10/site-packages/vmf_contact_main/openpoints/cpp/pointops/src\n'}
[2.008489] (robot_grasping) StdoutLine: {'line': b'copying /home/jetson/vmf/build/robot_grasping/build/lib/vmf_contact_main/openpoints/cpp/pointops/src/__init__.py -> /home/jetson/vmf/install/robot_grasping/lib/python3.10/site-packages/vmf_contact_main/openpoints/cpp/pointops/src\n'}
[2.008710] (robot_grasping) StdoutLine: {'line': b'copying /home/jetson/vmf/build/robot_grasping/build/lib/vmf_contact_main/openpoints/cpp/pointops/__init__.py -> /home/jetson/vmf/install/robot_grasping/lib/python3.10/site-packages/vmf_contact_main/openpoints/cpp/pointops\n'}
[2.008920] (robot_grasping) StdoutLine: {'line': b'creating /home/jetson/vmf/install/robot_grasping/lib/python3.10/site-packages/vmf_contact_main/openpoints/cpp/pointnet2_batch\n'}
[2.009152] (robot_grasping) StdoutLine: {'line': b'copying /home/jetson/vmf/build/robot_grasping/build/lib/vmf_contact_main/openpoints/cpp/pointnet2_batch/setup.py -> /home/jetson/vmf/install/robot_grasping/lib/python3.10/site-packages/vmf_contact_main/openpoints/cpp/pointnet2_batch\n'}
[2.009363] (robot_grasping) StdoutLine: {'line': b'copying /home/jetson/vmf/build/robot_grasping/build/lib/vmf_contact_main/openpoints/cpp/pointnet2_batch/__init__.py -> /home/jetson/vmf/install/robot_grasping/lib/python3.10/site-packages/vmf_contact_main/openpoints/cpp/pointnet2_batch\n'}
[2.009572] (-) TimerEvent: {}
[2.009878] (robot_grasping) StdoutLine: {'line': b'copying /home/jetson/vmf/build/robot_grasping/build/lib/vmf_contact_main/openpoints/cpp/__init__.py -> /home/jetson/vmf/install/robot_grasping/lib/python3.10/site-packages/vmf_contact_main/openpoints/cpp\n'}
[2.010122] (robot_grasping) StdoutLine: {'line': b'creating /home/jetson/vmf/install/robot_grasping/lib/python3.10/site-packages/vmf_contact_main/openpoints/transforms\n'}
[2.010316] (robot_grasping) StdoutLine: {'line': b'copying /home/jetson/vmf/build/robot_grasping/build/lib/vmf_contact_main/openpoints/transforms/transforms_factory.py -> /home/jetson/vmf/install/robot_grasping/lib/python3.10/site-packages/vmf_contact_main/openpoints/transforms\n'}
[2.010608] (robot_grasping) StdoutLine: {'line': b'copying /home/jetson/vmf/build/robot_grasping/build/lib/vmf_contact_main/openpoints/transforms/point_transform_cpu.py -> /home/jetson/vmf/install/robot_grasping/lib/python3.10/site-packages/vmf_contact_main/openpoints/transforms\n'}
[2.010864] (robot_grasping) StdoutLine: {'line': b'copying /home/jetson/vmf/build/robot_grasping/build/lib/vmf_contact_main/openpoints/transforms/point_transformer_gpu.py -> /home/jetson/vmf/install/robot_grasping/lib/python3.10/site-packages/vmf_contact_main/openpoints/transforms\n'}
[2.011123] (robot_grasping) StdoutLine: {'line': b'copying /home/jetson/vmf/build/robot_grasping/build/lib/vmf_contact_main/openpoints/transforms/__init__.py -> /home/jetson/vmf/install/robot_grasping/lib/python3.10/site-packages/vmf_contact_main/openpoints/transforms\n'}
[2.011349] (robot_grasping) StdoutLine: {'line': b'creating /home/jetson/vmf/install/robot_grasping/lib/python3.10/site-packages/vmf_contact_main/openpoints/utils\n'}
[2.011563] (robot_grasping) StdoutLine: {'line': b'copying /home/jetson/vmf/build/robot_grasping/build/lib/vmf_contact_main/openpoints/utils/wandb.py -> /home/jetson/vmf/install/robot_grasping/lib/python3.10/site-packages/vmf_contact_main/openpoints/utils\n'}
[2.011812] (robot_grasping) StdoutLine: {'line': b'copying /home/jetson/vmf/build/robot_grasping/build/lib/vmf_contact_main/openpoints/utils/dist_utils.py -> /home/jetson/vmf/install/robot_grasping/lib/python3.10/site-packages/vmf_contact_main/openpoints/utils\n'}
[2.012027] (robot_grasping) StdoutLine: {'line': b'copying /home/jetson/vmf/build/robot_grasping/build/lib/vmf_contact_main/openpoints/utils/registry.py -> /home/jetson/vmf/install/robot_grasping/lib/python3.10/site-packages/vmf_contact_main/openpoints/utils\n'}
[2.012205] (robot_grasping) StdoutLine: {'line': b'copying /home/jetson/vmf/build/robot_grasping/build/lib/vmf_contact_main/openpoints/utils/metrics.py -> /home/jetson/vmf/install/robot_grasping/lib/python3.10/site-packages/vmf_contact_main/openpoints/utils\n'}
[2.012476] (robot_grasping) StdoutLine: {'line': b'copying /home/jetson/vmf/build/robot_grasping/build/lib/vmf_contact_main/openpoints/utils/config.py -> /home/jetson/vmf/install/robot_grasping/lib/python3.10/site-packages/vmf_contact_main/openpoints/utils\n'}
[2.012645] (robot_grasping) StdoutLine: {'line': b'copying /home/jetson/vmf/build/robot_grasping/build/lib/vmf_contact_main/openpoints/utils/ckpt_util.py -> /home/jetson/vmf/install/robot_grasping/lib/python3.10/site-packages/vmf_contact_main/openpoints/utils\n'}
[2.012845] (robot_grasping) StdoutLine: {'line': b'copying /home/jetson/vmf/build/robot_grasping/build/lib/vmf_contact_main/openpoints/utils/random.py -> /home/jetson/vmf/install/robot_grasping/lib/python3.10/site-packages/vmf_contact_main/openpoints/utils\n'}
[2.013044] (robot_grasping) StdoutLine: {'line': b'copying /home/jetson/vmf/build/robot_grasping/build/lib/vmf_contact_main/openpoints/utils/str2bool.py -> /home/jetson/vmf/install/robot_grasping/lib/python3.10/site-packages/vmf_contact_main/openpoints/utils\n'}
[2.013271] (robot_grasping) StdoutLine: {'line': b'copying /home/jetson/vmf/build/robot_grasping/build/lib/vmf_contact_main/openpoints/utils/__init__.py -> /home/jetson/vmf/install/robot_grasping/lib/python3.10/site-packages/vmf_contact_main/openpoints/utils\n'}
[2.013468] (robot_grasping) StdoutLine: {'line': b'copying /home/jetson/vmf/build/robot_grasping/build/lib/vmf_contact_main/openpoints/utils/logger.py -> /home/jetson/vmf/install/robot_grasping/lib/python3.10/site-packages/vmf_contact_main/openpoints/utils\n'}
[2.013687] (robot_grasping) StdoutLine: {'line': b'creating /home/jetson/vmf/install/robot_grasping/lib/python3.10/site-packages/vmf_contact_main/openpoints/models\n'}
[2.013901] (robot_grasping) StdoutLine: {'line': b'creating /home/jetson/vmf/install/robot_grasping/lib/python3.10/site-packages/vmf_contact_main/openpoints/models/reconstruction\n'}
[2.014114] (robot_grasping) StdoutLine: {'line': b'copying /home/jetson/vmf/build/robot_grasping/build/lib/vmf_contact_main/openpoints/models/reconstruction/maskedpoint.py -> /home/jetson/vmf/install/robot_grasping/lib/python3.10/site-packages/vmf_contact_main/openpoints/models/reconstruction\n'}
[2.014318] (robot_grasping) StdoutLine: {'line': b'copying /home/jetson/vmf/build/robot_grasping/build/lib/vmf_contact_main/openpoints/models/reconstruction/base_recontruct.py -> /home/jetson/vmf/install/robot_grasping/lib/python3.10/site-packages/vmf_contact_main/openpoints/models/reconstruction\n'}
[2.014514] (robot_grasping) StdoutLine: {'line': b'copying /home/jetson/vmf/build/robot_grasping/build/lib/vmf_contact_main/openpoints/models/reconstruction/nodeshuffle.py -> /home/jetson/vmf/install/robot_grasping/lib/python3.10/site-packages/vmf_contact_main/openpoints/models/reconstruction\n'}
[2.014708] (robot_grasping) StdoutLine: {'line': b'copying /home/jetson/vmf/build/robot_grasping/build/lib/vmf_contact_main/openpoints/models/reconstruction/maskedpointvit.py -> /home/jetson/vmf/install/robot_grasping/lib/python3.10/site-packages/vmf_contact_main/openpoints/models/reconstruction\n'}
[2.014938] (robot_grasping) StdoutLine: {'line': b'copying /home/jetson/vmf/build/robot_grasping/build/lib/vmf_contact_main/openpoints/models/reconstruction/maskedpointgroup.py -> /home/jetson/vmf/install/robot_grasping/lib/python3.10/site-packages/vmf_contact_main/openpoints/models/reconstruction\n'}
[2.015140] (robot_grasping) StdoutLine: {'line': b'copying /home/jetson/vmf/build/robot_grasping/build/lib/vmf_contact_main/openpoints/models/reconstruction/__init__.py -> /home/jetson/vmf/install/robot_grasping/lib/python3.10/site-packages/vmf_contact_main/openpoints/models/reconstruction\n'}
[2.015338] (robot_grasping) StdoutLine: {'line': b'creating /home/jetson/vmf/install/robot_grasping/lib/python3.10/site-packages/vmf_contact_main/openpoints/models/grasp\n'}
[2.015570] (robot_grasping) StdoutLine: {'line': b'copying /home/jetson/vmf/build/robot_grasping/build/lib/vmf_contact_main/openpoints/models/grasp/vit_grasp.py -> /home/jetson/vmf/install/robot_grasping/lib/python3.10/site-packages/vmf_contact_main/openpoints/models/grasp\n'}
[2.015793] (robot_grasping) StdoutLine: {'line': b'copying /home/jetson/vmf/build/robot_grasping/build/lib/vmf_contact_main/openpoints/models/grasp/base_grasp.py -> /home/jetson/vmf/install/robot_grasping/lib/python3.10/site-packages/vmf_contact_main/openpoints/models/grasp\n'}
[2.016000] (robot_grasping) StdoutLine: {'line': b'copying /home/jetson/vmf/build/robot_grasping/build/lib/vmf_contact_main/openpoints/models/grasp/__init__.py -> /home/jetson/vmf/install/robot_grasping/lib/python3.10/site-packages/vmf_contact_main/openpoints/models/grasp\n'}
[2.016207] (robot_grasping) StdoutLine: {'line': b'creating /home/jetson/vmf/install/robot_grasping/lib/python3.10/site-packages/vmf_contact_main/openpoints/models/classification\n'}
[2.016406] (robot_grasping) StdoutLine: {'line': b'copying /home/jetson/vmf/build/robot_grasping/build/lib/vmf_contact_main/openpoints/models/classification/cls_base.py -> /home/jetson/vmf/install/robot_grasping/lib/python3.10/site-packages/vmf_contact_main/openpoints/models/classification\n'}
[2.016595] (robot_grasping) StdoutLine: {'line': b'copying /home/jetson/vmf/build/robot_grasping/build/lib/vmf_contact_main/openpoints/models/classification/point_bert.py -> /home/jetson/vmf/install/robot_grasping/lib/python3.10/site-packages/vmf_contact_main/openpoints/models/classification\n'}
[2.016796] (robot_grasping) StdoutLine: {'line': b'copying /home/jetson/vmf/build/robot_grasping/build/lib/vmf_contact_main/openpoints/models/classification/__init__.py -> /home/jetson/vmf/install/robot_grasping/lib/python3.10/site-packages/vmf_contact_main/openpoints/models/classification\n'}
[2.017009] (robot_grasping) StdoutLine: {'line': b'copying /home/jetson/vmf/build/robot_grasping/build/lib/vmf_contact_main/openpoints/models/build.py -> /home/jetson/vmf/install/robot_grasping/lib/python3.10/site-packages/vmf_contact_main/openpoints/models\n'}
[2.017218] (robot_grasping) StdoutLine: {'line': b'copying /home/jetson/vmf/build/robot_grasping/build/lib/vmf_contact_main/openpoints/models/registry.py -> /home/jetson/vmf/install/robot_grasping/lib/python3.10/site-packages/vmf_contact_main/openpoints/models\n'}
[2.017426] (robot_grasping) StdoutLine: {'line': b'creating /home/jetson/vmf/install/robot_grasping/lib/python3.10/site-packages/vmf_contact_main/openpoints/models/layers\n'}
[2.017618] (robot_grasping) StdoutLine: {'line': b'copying /home/jetson/vmf/build/robot_grasping/build/lib/vmf_contact_main/openpoints/models/layers/graph_conv.py -> /home/jetson/vmf/install/robot_grasping/lib/python3.10/site-packages/vmf_contact_main/openpoints/models/layers\n'}
[2.017833] (robot_grasping) StdoutLine: {'line': b'copying /home/jetson/vmf/build/robot_grasping/build/lib/vmf_contact_main/openpoints/models/layers/attention.py -> /home/jetson/vmf/install/robot_grasping/lib/python3.10/site-packages/vmf_contact_main/openpoints/models/layers\n'}
[2.018039] (robot_grasping) StdoutLine: {'line': b'copying /home/jetson/vmf/build/robot_grasping/build/lib/vmf_contact_main/openpoints/models/layers/weight_init.py -> /home/jetson/vmf/install/robot_grasping/lib/python3.10/site-packages/vmf_contact_main/openpoints/models/layers\n'}
[2.018244] (robot_grasping) StdoutLine: {'line': b'copying /home/jetson/vmf/build/robot_grasping/build/lib/vmf_contact_main/openpoints/models/layers/patch_embed.py -> /home/jetson/vmf/install/robot_grasping/lib/python3.10/site-packages/vmf_contact_main/openpoints/models/layers\n'}
[2.018437] (robot_grasping) StdoutLine: {'line': b'copying /home/jetson/vmf/build/robot_grasping/build/lib/vmf_contact_main/openpoints/models/layers/local_aggregation.py -> /home/jetson/vmf/install/robot_grasping/lib/python3.10/site-packages/vmf_contact_main/openpoints/models/layers\n'}
[2.018637] (robot_grasping) StdoutLine: {'line': b'copying /home/jetson/vmf/build/robot_grasping/build/lib/vmf_contact_main/openpoints/models/layers/knn.py -> /home/jetson/vmf/install/robot_grasping/lib/python3.10/site-packages/vmf_contact_main/openpoints/models/layers\n'}
[2.018853] (robot_grasping) StdoutLine: {'line': b'copying /home/jetson/vmf/build/robot_grasping/build/lib/vmf_contact_main/openpoints/models/layers/activation.py -> /home/jetson/vmf/install/robot_grasping/lib/python3.10/site-packages/vmf_contact_main/openpoints/models/layers\n'}
[2.019056] (robot_grasping) StdoutLine: {'line': b'copying /home/jetson/vmf/build/robot_grasping/build/lib/vmf_contact_main/openpoints/models/layers/helpers.py -> /home/jetson/vmf/install/robot_grasping/lib/python3.10/site-packages/vmf_contact_main/openpoints/models/layers\n'}
[2.019259] (robot_grasping) StdoutLine: {'line': b'copying /home/jetson/vmf/build/robot_grasping/build/lib/vmf_contact_main/openpoints/models/layers/registry.py -> /home/jetson/vmf/install/robot_grasping/lib/python3.10/site-packages/vmf_contact_main/openpoints/models/layers\n'}
[2.019457] (robot_grasping) StdoutLine: {'line': b'copying /home/jetson/vmf/build/robot_grasping/build/lib/vmf_contact_main/openpoints/models/layers/group_embed.py -> /home/jetson/vmf/install/robot_grasping/lib/python3.10/site-packages/vmf_contact_main/openpoints/models/layers\n'}
[2.019655] (robot_grasping) StdoutLine: {'line': b'copying /home/jetson/vmf/build/robot_grasping/build/lib/vmf_contact_main/openpoints/models/layers/padding.py -> /home/jetson/vmf/install/robot_grasping/lib/python3.10/site-packages/vmf_contact_main/openpoints/models/layers\n'}
[2.019864] (robot_grasping) StdoutLine: {'line': b'copying /home/jetson/vmf/build/robot_grasping/build/lib/vmf_contact_main/openpoints/models/layers/group.py -> /home/jetson/vmf/install/robot_grasping/lib/python3.10/site-packages/vmf_contact_main/openpoints/models/layers\n'}
[2.020082] (robot_grasping) StdoutLine: {'line': b'copying /home/jetson/vmf/build/robot_grasping/build/lib/vmf_contact_main/openpoints/models/layers/norm.py -> /home/jetson/vmf/install/robot_grasping/lib/python3.10/site-packages/vmf_contact_main/openpoints/models/layers\n'}
[2.020315] (robot_grasping) StdoutLine: {'line': b'copying /home/jetson/vmf/build/robot_grasping/build/lib/vmf_contact_main/openpoints/models/layers/mlp.py -> /home/jetson/vmf/install/robot_grasping/lib/python3.10/site-packages/vmf_contact_main/openpoints/models/layers\n'}
[2.020492] (robot_grasping) StdoutLine: {'line': b'copying /home/jetson/vmf/build/robot_grasping/build/lib/vmf_contact_main/openpoints/models/layers/conv.py -> /home/jetson/vmf/install/robot_grasping/lib/python3.10/site-packages/vmf_contact_main/openpoints/models/layers\n'}
[2.020726] (robot_grasping) StdoutLine: {'line': b'copying /home/jetson/vmf/build/robot_grasping/build/lib/vmf_contact_main/openpoints/models/layers/subsample.py -> /home/jetson/vmf/install/robot_grasping/lib/python3.10/site-packages/vmf_contact_main/openpoints/models/layers\n'}
[2.020923] (robot_grasping) StdoutLine: {'line': b'copying /home/jetson/vmf/build/robot_grasping/build/lib/vmf_contact_main/openpoints/models/layers/kmeans.py -> /home/jetson/vmf/install/robot_grasping/lib/python3.10/site-packages/vmf_contact_main/openpoints/models/layers\n'}
[2.021122] (robot_grasping) StdoutLine: {'line': b'copying /home/jetson/vmf/build/robot_grasping/build/lib/vmf_contact_main/openpoints/models/layers/upsampling.py -> /home/jetson/vmf/install/robot_grasping/lib/python3.10/site-packages/vmf_contact_main/openpoints/models/layers\n'}
[2.021340] (robot_grasping) StdoutLine: {'line': b'copying /home/jetson/vmf/build/robot_grasping/build/lib/vmf_contact_main/openpoints/models/layers/__init__.py -> /home/jetson/vmf/install/robot_grasping/lib/python3.10/site-packages/vmf_contact_main/openpoints/models/layers\n'}
[2.021552] (robot_grasping) StdoutLine: {'line': b'copying /home/jetson/vmf/build/robot_grasping/build/lib/vmf_contact_main/openpoints/models/layers/drop.py -> /home/jetson/vmf/install/robot_grasping/lib/python3.10/site-packages/vmf_contact_main/openpoints/models/layers\n'}
[2.021756] (robot_grasping) StdoutLine: {'line': b'creating /home/jetson/vmf/install/robot_grasping/lib/python3.10/site-packages/vmf_contact_main/openpoints/models/backbone\n'}
[2.021950] (robot_grasping) StdoutLine: {'line': b'copying /home/jetson/vmf/build/robot_grasping/build/lib/vmf_contact_main/openpoints/models/backbone/spotr.py -> /home/jetson/vmf/install/robot_grasping/lib/python3.10/site-packages/vmf_contact_main/openpoints/models/backbone\n'}
[2.022143] (robot_grasping) StdoutLine: {'line': b'copying /home/jetson/vmf/build/robot_grasping/build/lib/vmf_contact_main/openpoints/models/backbone/Stratified_transformer.py -> /home/jetson/vmf/install/robot_grasping/lib/python3.10/site-packages/vmf_contact_main/openpoints/models/backbone\n'}
[2.022344] (robot_grasping) StdoutLine: {'line': b'copying /home/jetson/vmf/build/robot_grasping/build/lib/vmf_contact_main/openpoints/models/backbone/graphvit3d.py -> /home/jetson/vmf/install/robot_grasping/lib/python3.10/site-packages/vmf_contact_main/openpoints/models/backbone\n'}
[2.022548] (robot_grasping) StdoutLine: {'line': b'copying /home/jetson/vmf/build/robot_grasping/build/lib/vmf_contact_main/openpoints/models/backbone/randlenet.py -> /home/jetson/vmf/install/robot_grasping/lib/python3.10/site-packages/vmf_contact_main/openpoints/models/backbone\n'}
[2.022742] (robot_grasping) StdoutLine: {'line': b'copying /home/jetson/vmf/build/robot_grasping/build/lib/vmf_contact_main/openpoints/models/backbone/simpleview.py -> /home/jetson/vmf/install/robot_grasping/lib/python3.10/site-packages/vmf_contact_main/openpoints/models/backbone\n'}
[2.022935] (robot_grasping) StdoutLine: {'line': b'copying /home/jetson/vmf/build/robot_grasping/build/lib/vmf_contact_main/openpoints/models/backbone/baafnet.py -> /home/jetson/vmf/install/robot_grasping/lib/python3.10/site-packages/vmf_contact_main/openpoints/models/backbone\n'}
[2.023154] (robot_grasping) StdoutLine: {'line': b'copying /home/jetson/vmf/build/robot_grasping/build/lib/vmf_contact_main/openpoints/models/backbone/deepgcn.py -> /home/jetson/vmf/install/robot_grasping/lib/python3.10/site-packages/vmf_contact_main/openpoints/models/backbone\n'}
[2.023354] (robot_grasping) StdoutLine: {'line': b'copying /home/jetson/vmf/build/robot_grasping/build/lib/vmf_contact_main/openpoints/models/backbone/grouppointnet.py -> /home/jetson/vmf/install/robot_grasping/lib/python3.10/site-packages/vmf_contact_main/openpoints/models/backbone\n'}
[2.023557] (robot_grasping) StdoutLine: {'line': b'copying /home/jetson/vmf/build/robot_grasping/build/lib/vmf_contact_main/openpoints/models/backbone/simpleview_util.py -> /home/jetson/vmf/install/robot_grasping/lib/python3.10/site-packages/vmf_contact_main/openpoints/models/backbone\n'}
[2.023745] (robot_grasping) StdoutLine: {'line': b'copying /home/jetson/vmf/build/robot_grasping/build/lib/vmf_contact_main/openpoints/models/backbone/pointvit.py -> /home/jetson/vmf/install/robot_grasping/lib/python3.10/site-packages/vmf_contact_main/openpoints/models/backbone\n'}
[2.023946] (robot_grasping) StdoutLine: {'line': b'copying /home/jetson/vmf/build/robot_grasping/build/lib/vmf_contact_main/openpoints/models/backbone/dgcnn.py -> /home/jetson/vmf/install/robot_grasping/lib/python3.10/site-packages/vmf_contact_main/openpoints/models/backbone\n'}
[2.024109] (robot_grasping) StdoutLine: {'line': b'copying /home/jetson/vmf/build/robot_grasping/build/lib/vmf_contact_main/openpoints/models/backbone/ball_dgcnn.py -> /home/jetson/vmf/install/robot_grasping/lib/python3.10/site-packages/vmf_contact_main/openpoints/models/backbone\n'}
[2.024306] (robot_grasping) StdoutLine: {'line': b'copying /home/jetson/vmf/build/robot_grasping/build/lib/vmf_contact_main/openpoints/models/backbone/pointnextPyG.py -> /home/jetson/vmf/install/robot_grasping/lib/python3.10/site-packages/vmf_contact_main/openpoints/models/backbone\n'}
[2.024503] (robot_grasping) StdoutLine: {'line': b'copying /home/jetson/vmf/build/robot_grasping/build/lib/vmf_contact_main/openpoints/models/backbone/pointvit_inv_old.py -> /home/jetson/vmf/install/robot_grasping/lib/python3.10/site-packages/vmf_contact_main/openpoints/models/backbone\n'}
[2.024726] (robot_grasping) StdoutLine: {'line': b'copying /home/jetson/vmf/build/robot_grasping/build/lib/vmf_contact_main/openpoints/models/backbone/pointvector.py -> /home/jetson/vmf/install/robot_grasping/lib/python3.10/site-packages/vmf_contact_main/openpoints/models/backbone\n'}
[2.024913] (robot_grasping) StdoutLine: {'line': b'copying /home/jetson/vmf/build/robot_grasping/build/lib/vmf_contact_main/openpoints/models/backbone/pointmlp.py -> /home/jetson/vmf/install/robot_grasping/lib/python3.10/site-packages/vmf_contact_main/openpoints/models/backbone\n'}
[2.025077] (robot_grasping) StdoutLine: {'line': b'copying /home/jetson/vmf/build/robot_grasping/build/lib/vmf_contact_main/openpoints/models/backbone/pointnet.py -> /home/jetson/vmf/install/robot_grasping/lib/python3.10/site-packages/vmf_contact_main/openpoints/models/backbone\n'}
[2.025299] (robot_grasping) StdoutLine: {'line': b'copying /home/jetson/vmf/build/robot_grasping/build/lib/vmf_contact_main/openpoints/models/backbone/pct.py -> /home/jetson/vmf/install/robot_grasping/lib/python3.10/site-packages/vmf_contact_main/openpoints/models/backbone\n'}
[2.025499] (robot_grasping) StdoutLine: {'line': b'copying /home/jetson/vmf/build/robot_grasping/build/lib/vmf_contact_main/openpoints/models/backbone/debug_invvit.py -> /home/jetson/vmf/install/robot_grasping/lib/python3.10/site-packages/vmf_contact_main/openpoints/models/backbone\n'}
[2.025699] (robot_grasping) StdoutLine: {'line': b'copying /home/jetson/vmf/build/robot_grasping/build/lib/vmf_contact_main/openpoints/models/backbone/pointnext.py -> /home/jetson/vmf/install/robot_grasping/lib/python3.10/site-packages/vmf_contact_main/openpoints/models/backbone\n'}
[2.025915] (robot_grasping) StdoutLine: {'line': b'copying /home/jetson/vmf/build/robot_grasping/build/lib/vmf_contact_main/openpoints/models/backbone/curvenet.py -> /home/jetson/vmf/install/robot_grasping/lib/python3.10/site-packages/vmf_contact_main/openpoints/models/backbone\n'}
[2.026115] (robot_grasping) StdoutLine: {'line': b'copying /home/jetson/vmf/build/robot_grasping/build/lib/vmf_contact_main/openpoints/models/backbone/pointtransformer.py -> /home/jetson/vmf/install/robot_grasping/lib/python3.10/site-packages/vmf_contact_main/openpoints/models/backbone\n'}
[2.026309] (robot_grasping) StdoutLine: {'line': b'copying /home/jetson/vmf/build/robot_grasping/build/lib/vmf_contact_main/openpoints/models/backbone/resnet.py -> /home/jetson/vmf/install/robot_grasping/lib/python3.10/site-packages/vmf_contact_main/openpoints/models/backbone\n'}
[2.026505] (robot_grasping) StdoutLine: {'line': b'copying /home/jetson/vmf/build/robot_grasping/build/lib/vmf_contact_main/openpoints/models/backbone/pointnetv2.py -> /home/jetson/vmf/install/robot_grasping/lib/python3.10/site-packages/vmf_contact_main/openpoints/models/backbone\n'}
[2.026727] (robot_grasping) StdoutLine: {'line': b'copying /home/jetson/vmf/build/robot_grasping/build/lib/vmf_contact_main/openpoints/models/backbone/__init__.py -> /home/jetson/vmf/install/robot_grasping/lib/python3.10/site-packages/vmf_contact_main/openpoints/models/backbone\n'}
[2.026923] (robot_grasping) StdoutLine: {'line': b'copying /home/jetson/vmf/build/robot_grasping/build/lib/vmf_contact_main/openpoints/models/backbone/pointvit_inv.py -> /home/jetson/vmf/install/robot_grasping/lib/python3.10/site-packages/vmf_contact_main/openpoints/models/backbone\n'}
[2.027188] (robot_grasping) StdoutLine: {'line': b'creating /home/jetson/vmf/install/robot_grasping/lib/python3.10/site-packages/vmf_contact_main/openpoints/models/segmentation\n'}
[2.027389] (robot_grasping) StdoutLine: {'line': b'copying /home/jetson/vmf/build/robot_grasping/build/lib/vmf_contact_main/openpoints/models/segmentation/base_seg.py -> /home/jetson/vmf/install/robot_grasping/lib/python3.10/site-packages/vmf_contact_main/openpoints/models/segmentation\n'}
[2.027590] (robot_grasping) StdoutLine: {'line': b'copying /home/jetson/vmf/build/robot_grasping/build/lib/vmf_contact_main/openpoints/models/segmentation/vit_seg.py -> /home/jetson/vmf/install/robot_grasping/lib/python3.10/site-packages/vmf_contact_main/openpoints/models/segmentation\n'}
[2.027788] (robot_grasping) StdoutLine: {'line': b'copying /home/jetson/vmf/build/robot_grasping/build/lib/vmf_contact_main/openpoints/models/segmentation/__init__.py -> /home/jetson/vmf/install/robot_grasping/lib/python3.10/site-packages/vmf_contact_main/openpoints/models/segmentation\n'}
[2.027988] (robot_grasping) StdoutLine: {'line': b'copying /home/jetson/vmf/build/robot_grasping/build/lib/vmf_contact_main/openpoints/models/__init__.py -> /home/jetson/vmf/install/robot_grasping/lib/python3.10/site-packages/vmf_contact_main/openpoints/models\n'}
[2.028189] (robot_grasping) StdoutLine: {'line': b'creating /home/jetson/vmf/install/robot_grasping/lib/python3.10/site-packages/vmf_contact_main/openpoints/scheduler\n'}
[2.028385] (robot_grasping) StdoutLine: {'line': b'copying /home/jetson/vmf/build/robot_grasping/build/lib/vmf_contact_main/openpoints/scheduler/multistep_lr.py -> /home/jetson/vmf/install/robot_grasping/lib/python3.10/site-packages/vmf_contact_main/openpoints/scheduler\n'}
[2.028597] (robot_grasping) StdoutLine: {'line': b'copying /home/jetson/vmf/build/robot_grasping/build/lib/vmf_contact_main/openpoints/scheduler/step_lr.py -> /home/jetson/vmf/install/robot_grasping/lib/python3.10/site-packages/vmf_contact_main/openpoints/scheduler\n'}
[2.028833] (robot_grasping) StdoutLine: {'line': b'copying /home/jetson/vmf/build/robot_grasping/build/lib/vmf_contact_main/openpoints/scheduler/poly_lr.py -> /home/jetson/vmf/install/robot_grasping/lib/python3.10/site-packages/vmf_contact_main/openpoints/scheduler\n'}
[2.029050] (robot_grasping) StdoutLine: {'line': b'copying /home/jetson/vmf/build/robot_grasping/build/lib/vmf_contact_main/openpoints/scheduler/plateau_lr.py -> /home/jetson/vmf/install/robot_grasping/lib/python3.10/site-packages/vmf_contact_main/openpoints/scheduler\n'}
[2.029243] (robot_grasping) StdoutLine: {'line': b'copying /home/jetson/vmf/build/robot_grasping/build/lib/vmf_contact_main/openpoints/scheduler/scheduler_factory.py -> /home/jetson/vmf/install/robot_grasping/lib/python3.10/site-packages/vmf_contact_main/openpoints/scheduler\n'}
[2.029430] (robot_grasping) StdoutLine: {'line': b'copying /home/jetson/vmf/build/robot_grasping/build/lib/vmf_contact_main/openpoints/scheduler/cosine_lr.py -> /home/jetson/vmf/install/robot_grasping/lib/python3.10/site-packages/vmf_contact_main/openpoints/scheduler\n'}
[2.029617] (robot_grasping) StdoutLine: {'line': b'copying /home/jetson/vmf/build/robot_grasping/build/lib/vmf_contact_main/openpoints/scheduler/scheduler.py -> /home/jetson/vmf/install/robot_grasping/lib/python3.10/site-packages/vmf_contact_main/openpoints/scheduler\n'}
[2.029806] (robot_grasping) StdoutLine: {'line': b'copying /home/jetson/vmf/build/robot_grasping/build/lib/vmf_contact_main/openpoints/scheduler/tanh_lr.py -> /home/jetson/vmf/install/robot_grasping/lib/python3.10/site-packages/vmf_contact_main/openpoints/scheduler\n'}
[2.029959] (robot_grasping) StdoutLine: {'line': b'copying /home/jetson/vmf/build/robot_grasping/build/lib/vmf_contact_main/openpoints/scheduler/__init__.py -> /home/jetson/vmf/install/robot_grasping/lib/python3.10/site-packages/vmf_contact_main/openpoints/scheduler\n'}
[2.030106] (robot_grasping) StdoutLine: {'line': b'creating /home/jetson/vmf/install/robot_grasping/lib/python3.10/site-packages/vmf_contact_main/openpoints/loss\n'}
[2.030248] (robot_grasping) StdoutLine: {'line': b'copying /home/jetson/vmf/build/robot_grasping/build/lib/vmf_contact_main/openpoints/loss/cross_entropy.py -> /home/jetson/vmf/install/robot_grasping/lib/python3.10/site-packages/vmf_contact_main/openpoints/loss\n'}
[2.030393] (robot_grasping) StdoutLine: {'line': b'copying /home/jetson/vmf/build/robot_grasping/build/lib/vmf_contact_main/openpoints/loss/build.py -> /home/jetson/vmf/install/robot_grasping/lib/python3.10/site-packages/vmf_contact_main/openpoints/loss\n'}
[2.030536] (robot_grasping) StdoutLine: {'line': b'copying /home/jetson/vmf/build/robot_grasping/build/lib/vmf_contact_main/openpoints/loss/distill_loss.py -> /home/jetson/vmf/install/robot_grasping/lib/python3.10/site-packages/vmf_contact_main/openpoints/loss\n'}
[2.030679] (robot_grasping) StdoutLine: {'line': b'copying /home/jetson/vmf/build/robot_grasping/build/lib/vmf_contact_main/openpoints/loss/__init__.py -> /home/jetson/vmf/install/robot_grasping/lib/python3.10/site-packages/vmf_contact_main/openpoints/loss\n'}
[2.030902] (robot_grasping) StdoutLine: {'line': b'creating /home/jetson/vmf/install/robot_grasping/lib/python3.10/site-packages/vmf_contact_main/openpoints/dataset\n'}
[2.031055] (robot_grasping) StdoutLine: {'line': b'creating /home/jetson/vmf/install/robot_grasping/lib/python3.10/site-packages/vmf_contact_main/openpoints/dataset/pcqm4m\n'}
[2.031201] (robot_grasping) StdoutLine: {'line': b'copying /home/jetson/vmf/build/robot_grasping/build/lib/vmf_contact_main/openpoints/dataset/pcqm4m/data.py -> /home/jetson/vmf/install/robot_grasping/lib/python3.10/site-packages/vmf_contact_main/openpoints/dataset/pcqm4m\n'}
[2.031348] (robot_grasping) StdoutLine: {'line': b'copying /home/jetson/vmf/build/robot_grasping/build/lib/vmf_contact_main/openpoints/dataset/pcqm4m/__init__.py -> /home/jetson/vmf/install/robot_grasping/lib/python3.10/site-packages/vmf_contact_main/openpoints/dataset/pcqm4m\n'}
[2.031493] (robot_grasping) StdoutLine: {'line': b'creating /home/jetson/vmf/install/robot_grasping/lib/python3.10/site-packages/vmf_contact_main/openpoints/dataset/graph_dataset\n'}
[2.031645] (robot_grasping) StdoutLine: {'line': b'copying /home/jetson/vmf/build/robot_grasping/build/lib/vmf_contact_main/openpoints/dataset/graph_dataset/svd_encodings_dataset.py -> /home/jetson/vmf/install/robot_grasping/lib/python3.10/site-packages/vmf_contact_main/openpoints/dataset/graph_dataset\n'}
[2.031986] (robot_grasping) StdoutLine: {'line': b'copying /home/jetson/vmf/build/robot_grasping/build/lib/vmf_contact_main/openpoints/dataset/graph_dataset/structural_dataset.py -> /home/jetson/vmf/install/robot_grasping/lib/python3.10/site-packages/vmf_contact_main/openpoints/dataset/graph_dataset\n'}
[2.032214] (robot_grasping) StdoutLine: {'line': b'copying /home/jetson/vmf/build/robot_grasping/build/lib/vmf_contact_main/openpoints/dataset/graph_dataset/stack_with_pad.py -> /home/jetson/vmf/install/robot_grasping/lib/python3.10/site-packages/vmf_contact_main/openpoints/dataset/graph_dataset\n'}
[2.032416] (robot_grasping) StdoutLine: {'line': b'copying /home/jetson/vmf/build/robot_grasping/build/lib/vmf_contact_main/openpoints/dataset/graph_dataset/graph_dataset.py -> /home/jetson/vmf/install/robot_grasping/lib/python3.10/site-packages/vmf_contact_main/openpoints/dataset/graph_dataset\n'}
[2.032647] (robot_grasping) StdoutLine: {'line': b'copying /home/jetson/vmf/build/robot_grasping/build/lib/vmf_contact_main/openpoints/dataset/graph_dataset/__init__.py -> /home/jetson/vmf/install/robot_grasping/lib/python3.10/site-packages/vmf_contact_main/openpoints/dataset/graph_dataset\n'}
[2.032840] (robot_grasping) StdoutLine: {'line': b'creating /home/jetson/vmf/install/robot_grasping/lib/python3.10/site-packages/vmf_contact_main/openpoints/dataset/pcqm4mv2\n'}
[2.033034] (robot_grasping) StdoutLine: {'line': b'copying /home/jetson/vmf/build/robot_grasping/build/lib/vmf_contact_main/openpoints/dataset/pcqm4mv2/data.py -> /home/jetson/vmf/install/robot_grasping/lib/python3.10/site-packages/vmf_contact_main/openpoints/dataset/pcqm4mv2\n'}
[2.033227] (robot_grasping) StdoutLine: {'line': b'copying /home/jetson/vmf/build/robot_grasping/build/lib/vmf_contact_main/openpoints/dataset/pcqm4mv2/__init__.py -> /home/jetson/vmf/install/robot_grasping/lib/python3.10/site-packages/vmf_contact_main/openpoints/dataset/pcqm4mv2\n'}
[2.033387] (robot_grasping) StdoutLine: {'line': b'copying /home/jetson/vmf/build/robot_grasping/build/lib/vmf_contact_main/openpoints/dataset/dataset_base.py -> /home/jetson/vmf/install/robot_grasping/lib/python3.10/site-packages/vmf_contact_main/openpoints/dataset\n'}
[2.033627] (robot_grasping) StdoutLine: {'line': b'creating /home/jetson/vmf/install/robot_grasping/lib/python3.10/site-packages/vmf_contact_main/openpoints/dataset/atom3d\n'}
[2.033828] (robot_grasping) StdoutLine: {'line': b'copying /home/jetson/vmf/build/robot_grasping/build/lib/vmf_contact_main/openpoints/dataset/atom3d/psr.py -> /home/jetson/vmf/install/robot_grasping/lib/python3.10/site-packages/vmf_contact_main/openpoints/dataset/atom3d\n'}
[2.034029] (robot_grasping) StdoutLine: {'line': b'copying /home/jetson/vmf/build/robot_grasping/build/lib/vmf_contact_main/openpoints/dataset/atom3d/__init__.py -> /home/jetson/vmf/install/robot_grasping/lib/python3.10/site-packages/vmf_contact_main/openpoints/dataset/atom3d\n'}
[2.034219] (robot_grasping) StdoutLine: {'line': b'copying /home/jetson/vmf/build/robot_grasping/build/lib/vmf_contact_main/openpoints/dataset/build.py -> /home/jetson/vmf/install/robot_grasping/lib/python3.10/site-packages/vmf_contact_main/openpoints/dataset\n'}
[2.034419] (robot_grasping) StdoutLine: {'line': b'copying /home/jetson/vmf/build/robot_grasping/build/lib/vmf_contact_main/openpoints/dataset/data_util.py -> /home/jetson/vmf/install/robot_grasping/lib/python3.10/site-packages/vmf_contact_main/openpoints/dataset\n'}
[2.034616] (robot_grasping) StdoutLine: {'line': b'creating /home/jetson/vmf/install/robot_grasping/lib/python3.10/site-packages/vmf_contact_main/openpoints/dataset/s3dis\n'}
[2.034837] (robot_grasping) StdoutLine: {'line': b'copying /home/jetson/vmf/build/robot_grasping/build/lib/vmf_contact_main/openpoints/dataset/s3dis/s3dis.py -> /home/jetson/vmf/install/robot_grasping/lib/python3.10/site-packages/vmf_contact_main/openpoints/dataset/s3dis\n'}
[2.035082] (robot_grasping) StdoutLine: {'line': b'copying /home/jetson/vmf/build/robot_grasping/build/lib/vmf_contact_main/openpoints/dataset/s3dis/s3dis_sphere.py -> /home/jetson/vmf/install/robot_grasping/lib/python3.10/site-packages/vmf_contact_main/openpoints/dataset/s3dis\n'}
[2.035304] (robot_grasping) StdoutLine: {'line': b'copying /home/jetson/vmf/build/robot_grasping/build/lib/vmf_contact_main/openpoints/dataset/s3dis/s3dis_block.py -> /home/jetson/vmf/install/robot_grasping/lib/python3.10/site-packages/vmf_contact_main/openpoints/dataset/s3dis\n'}
[2.035505] (robot_grasping) StdoutLine: {'line': b'copying /home/jetson/vmf/build/robot_grasping/build/lib/vmf_contact_main/openpoints/dataset/s3dis/__init__.py -> /home/jetson/vmf/install/robot_grasping/lib/python3.10/site-packages/vmf_contact_main/openpoints/dataset/s3dis\n'}
[2.035657] (robot_grasping) StdoutLine: {'line': b'creating /home/jetson/vmf/install/robot_grasping/lib/python3.10/site-packages/vmf_contact_main/openpoints/dataset/shapenetpart\n'}
[2.035885] (robot_grasping) StdoutLine: {'line': b'copying /home/jetson/vmf/build/robot_grasping/build/lib/vmf_contact_main/openpoints/dataset/shapenetpart/shapenetpart.py -> /home/jetson/vmf/install/robot_grasping/lib/python3.10/site-packages/vmf_contact_main/openpoints/dataset/shapenetpart\n'}
[2.036100] (robot_grasping) StdoutLine: {'line': b'copying /home/jetson/vmf/build/robot_grasping/build/lib/vmf_contact_main/openpoints/dataset/shapenetpart/shapenet55.py -> /home/jetson/vmf/install/robot_grasping/lib/python3.10/site-packages/vmf_contact_main/openpoints/dataset/shapenetpart\n'}
[2.036302] (robot_grasping) StdoutLine: {'line': b'copying /home/jetson/vmf/build/robot_grasping/build/lib/vmf_contact_main/openpoints/dataset/shapenetpart/__init__.py -> /home/jetson/vmf/install/robot_grasping/lib/python3.10/site-packages/vmf_contact_main/openpoints/dataset/shapenetpart\n'}
[2.036499] (robot_grasping) StdoutLine: {'line': b'copying /home/jetson/vmf/build/robot_grasping/build/lib/vmf_contact_main/openpoints/dataset/vis2d.py -> /home/jetson/vmf/install/robot_grasping/lib/python3.10/site-packages/vmf_contact_main/openpoints/dataset\n'}
[2.036652] (robot_grasping) StdoutLine: {'line': b'creating /home/jetson/vmf/install/robot_grasping/lib/python3.10/site-packages/vmf_contact_main/openpoints/dataset/modelnet\n'}
[2.036796] (robot_grasping) StdoutLine: {'line': b'copying /home/jetson/vmf/build/robot_grasping/build/lib/vmf_contact_main/openpoints/dataset/modelnet/modelnet40_normal_resampled_loader.py -> /home/jetson/vmf/install/robot_grasping/lib/python3.10/site-packages/vmf_contact_main/openpoints/dataset/modelnet\n'}
[2.036942] (robot_grasping) StdoutLine: {'line': b'copying /home/jetson/vmf/build/robot_grasping/build/lib/vmf_contact_main/openpoints/dataset/modelnet/modelnet40_ply_2048_loader.py -> /home/jetson/vmf/install/robot_grasping/lib/python3.10/site-packages/vmf_contact_main/openpoints/dataset/modelnet\n'}
[2.037087] (robot_grasping) StdoutLine: {'line': b'copying /home/jetson/vmf/build/robot_grasping/build/lib/vmf_contact_main/openpoints/dataset/modelnet/__init__.py -> /home/jetson/vmf/install/robot_grasping/lib/python3.10/site-packages/vmf_contact_main/openpoints/dataset/modelnet\n'}
[2.037231] (robot_grasping) StdoutLine: {'line': b'creating /home/jetson/vmf/install/robot_grasping/lib/python3.10/site-packages/vmf_contact_main/openpoints/dataset/shapenet\n'}
[2.037372] (robot_grasping) StdoutLine: {'line': b'copying /home/jetson/vmf/build/robot_grasping/build/lib/vmf_contact_main/openpoints/dataset/shapenet/shapenetpart.py -> /home/jetson/vmf/install/robot_grasping/lib/python3.10/site-packages/vmf_contact_main/openpoints/dataset/shapenet\n'}
[2.037515] (robot_grasping) StdoutLine: {'line': b'copying /home/jetson/vmf/build/robot_grasping/build/lib/vmf_contact_main/openpoints/dataset/shapenet/shapenet55.py -> /home/jetson/vmf/install/robot_grasping/lib/python3.10/site-packages/vmf_contact_main/openpoints/dataset/shapenet\n'}
[2.037789] (robot_grasping) StdoutLine: {'line': b'copying /home/jetson/vmf/build/robot_grasping/build/lib/vmf_contact_main/openpoints/dataset/shapenet/__init__.py -> /home/jetson/vmf/install/robot_grasping/lib/python3.10/site-packages/vmf_contact_main/openpoints/dataset/shapenet\n'}
[2.038018] (robot_grasping) StdoutLine: {'line': b'creating /home/jetson/vmf/install/robot_grasping/lib/python3.10/site-packages/vmf_contact_main/openpoints/dataset/matterport3d\n'}
[2.038268] (robot_grasping) StdoutLine: {'line': b'copying /home/jetson/vmf/build/robot_grasping/build/lib/vmf_contact_main/openpoints/dataset/matterport3d/matterport3d_dataprocessing.py -> /home/jetson/vmf/install/robot_grasping/lib/python3.10/site-packages/vmf_contact_main/openpoints/dataset/matterport3d\n'}
[2.038427] (robot_grasping) StdoutLine: {'line': b'copying /home/jetson/vmf/build/robot_grasping/build/lib/vmf_contact_main/openpoints/dataset/matterport3d/__init__.py -> /home/jetson/vmf/install/robot_grasping/lib/python3.10/site-packages/vmf_contact_main/openpoints/dataset/matterport3d\n'}
[2.038666] (robot_grasping) StdoutLine: {'line': b'copying /home/jetson/vmf/build/robot_grasping/build/lib/vmf_contact_main/openpoints/dataset/matterport3d/matterport3d.py -> /home/jetson/vmf/install/robot_grasping/lib/python3.10/site-packages/vmf_contact_main/openpoints/dataset/matterport3d\n'}
[2.038921] (robot_grasping) StdoutLine: {'line': b'creating /home/jetson/vmf/install/robot_grasping/lib/python3.10/site-packages/vmf_contact_main/openpoints/dataset/semantic_kitti\n'}
[2.039128] (robot_grasping) StdoutLine: {'line': b'copying /home/jetson/vmf/build/robot_grasping/build/lib/vmf_contact_main/openpoints/dataset/semantic_kitti/semantickitti.py -> /home/jetson/vmf/install/robot_grasping/lib/python3.10/site-packages/vmf_contact_main/openpoints/dataset/semantic_kitti\n'}
[2.039350] (robot_grasping) StdoutLine: {'line': b'copying /home/jetson/vmf/build/robot_grasping/build/lib/vmf_contact_main/openpoints/dataset/semantic_kitti/helper_tool.py -> /home/jetson/vmf/install/robot_grasping/lib/python3.10/site-packages/vmf_contact_main/openpoints/dataset/semantic_kitti\n'}
[2.039568] (robot_grasping) StdoutLine: {'line': b'copying /home/jetson/vmf/build/robot_grasping/build/lib/vmf_contact_main/openpoints/dataset/semantic_kitti/__init__.py -> /home/jetson/vmf/install/robot_grasping/lib/python3.10/site-packages/vmf_contact_main/openpoints/dataset/semantic_kitti\n'}
[2.039770] (robot_grasping) StdoutLine: {'line': b'copying /home/jetson/vmf/build/robot_grasping/build/lib/vmf_contact_main/openpoints/dataset/grid_sample.py -> /home/jetson/vmf/install/robot_grasping/lib/python3.10/site-packages/vmf_contact_main/openpoints/dataset\n'}
[2.040078] (robot_grasping) StdoutLine: {'line': b'creating /home/jetson/vmf/install/robot_grasping/lib/python3.10/site-packages/vmf_contact_main/openpoints/dataset/molpcba\n'}
[2.040274] (robot_grasping) StdoutLine: {'line': b'copying /home/jetson/vmf/build/robot_grasping/build/lib/vmf_contact_main/openpoints/dataset/molpcba/data.py -> /home/jetson/vmf/install/robot_grasping/lib/python3.10/site-packages/vmf_contact_main/openpoints/dataset/molpcba\n'}
[2.040470] (robot_grasping) StdoutLine: {'line': b'copying /home/jetson/vmf/build/robot_grasping/build/lib/vmf_contact_main/openpoints/dataset/molpcba/__init__.py -> /home/jetson/vmf/install/robot_grasping/lib/python3.10/site-packages/vmf_contact_main/openpoints/dataset/molpcba\n'}
[2.040691] (robot_grasping) StdoutLine: {'line': b'creating /home/jetson/vmf/install/robot_grasping/lib/python3.10/site-packages/vmf_contact_main/openpoints/dataset/scanobjectnn\n'}
[2.040850] (robot_grasping) StdoutLine: {'line': b'copying /home/jetson/vmf/build/robot_grasping/build/lib/vmf_contact_main/openpoints/dataset/scanobjectnn/scanobjectnn.py -> /home/jetson/vmf/install/robot_grasping/lib/python3.10/site-packages/vmf_contact_main/openpoints/dataset/scanobjectnn\n'}
[2.041046] (robot_grasping) StdoutLine: {'line': b'copying /home/jetson/vmf/build/robot_grasping/build/lib/vmf_contact_main/openpoints/dataset/scanobjectnn/__init__.py -> /home/jetson/vmf/install/robot_grasping/lib/python3.10/site-packages/vmf_contact_main/openpoints/dataset/scanobjectnn\n'}
[2.041229] (robot_grasping) StdoutLine: {'line': b'creating /home/jetson/vmf/install/robot_grasping/lib/python3.10/site-packages/vmf_contact_main/openpoints/dataset/molhiv\n'}
[2.041460] (robot_grasping) StdoutLine: {'line': b'copying /home/jetson/vmf/build/robot_grasping/build/lib/vmf_contact_main/openpoints/dataset/molhiv/data.py -> /home/jetson/vmf/install/robot_grasping/lib/python3.10/site-packages/vmf_contact_main/openpoints/dataset/molhiv\n'}
[2.041568] (robot_grasping) StdoutLine: {'line': b'copying /home/jetson/vmf/build/robot_grasping/build/lib/vmf_contact_main/openpoints/dataset/molhiv/__init__.py -> /home/jetson/vmf/install/robot_grasping/lib/python3.10/site-packages/vmf_contact_main/openpoints/dataset/molhiv\n'}
[2.041720] (robot_grasping) StdoutLine: {'line': b'creating /home/jetson/vmf/install/robot_grasping/lib/python3.10/site-packages/vmf_contact_main/openpoints/dataset/parsers\n'}
[2.041867] (robot_grasping) StdoutLine: {'line': b'copying /home/jetson/vmf/build/robot_grasping/build/lib/vmf_contact_main/openpoints/dataset/parsers/parser_factory.py -> /home/jetson/vmf/install/robot_grasping/lib/python3.10/site-packages/vmf_contact_main/openpoints/dataset/parsers\n'}
[2.042005] (robot_grasping) StdoutLine: {'line': b'copying /home/jetson/vmf/build/robot_grasping/build/lib/vmf_contact_main/openpoints/dataset/parsers/parser_image_tar.py -> /home/jetson/vmf/install/robot_grasping/lib/python3.10/site-packages/vmf_contact_main/openpoints/dataset/parsers\n'}
[2.042112] (robot_grasping) StdoutLine: {'line': b'copying /home/jetson/vmf/build/robot_grasping/build/lib/vmf_contact_main/openpoints/dataset/parsers/parser_tfds.py -> /home/jetson/vmf/install/robot_grasping/lib/python3.10/site-packages/vmf_contact_main/openpoints/dataset/parsers\n'}
[2.042252] (robot_grasping) StdoutLine: {'line': b'copying /home/jetson/vmf/build/robot_grasping/build/lib/vmf_contact_main/openpoints/dataset/parsers/parser_image_folder.py -> /home/jetson/vmf/install/robot_grasping/lib/python3.10/site-packages/vmf_contact_main/openpoints/dataset/parsers\n'}
[2.042417] (robot_grasping) StdoutLine: {'line': b'copying /home/jetson/vmf/build/robot_grasping/build/lib/vmf_contact_main/openpoints/dataset/parsers/parser_image_in_tar.py -> /home/jetson/vmf/install/robot_grasping/lib/python3.10/site-packages/vmf_contact_main/openpoints/dataset/parsers\n'}
[2.042529] (robot_grasping) StdoutLine: {'line': b'copying /home/jetson/vmf/build/robot_grasping/build/lib/vmf_contact_main/openpoints/dataset/parsers/constants.py -> /home/jetson/vmf/install/robot_grasping/lib/python3.10/site-packages/vmf_contact_main/openpoints/dataset/parsers\n'}
[2.042650] (robot_grasping) StdoutLine: {'line': b'copying /home/jetson/vmf/build/robot_grasping/build/lib/vmf_contact_main/openpoints/dataset/parsers/parser.py -> /home/jetson/vmf/install/robot_grasping/lib/python3.10/site-packages/vmf_contact_main/openpoints/dataset/parsers\n'}
[2.042839] (robot_grasping) StdoutLine: {'line': b'copying /home/jetson/vmf/build/robot_grasping/build/lib/vmf_contact_main/openpoints/dataset/parsers/class_map.py -> /home/jetson/vmf/install/robot_grasping/lib/python3.10/site-packages/vmf_contact_main/openpoints/dataset/parsers\n'}
[2.042957] (robot_grasping) StdoutLine: {'line': b'copying /home/jetson/vmf/build/robot_grasping/build/lib/vmf_contact_main/openpoints/dataset/parsers/__init__.py -> /home/jetson/vmf/install/robot_grasping/lib/python3.10/site-packages/vmf_contact_main/openpoints/dataset/parsers\n'}
[2.043104] (robot_grasping) StdoutLine: {'line': b'copying /home/jetson/vmf/build/robot_grasping/build/lib/vmf_contact_main/openpoints/dataset/vis3d.py -> /home/jetson/vmf/install/robot_grasping/lib/python3.10/site-packages/vmf_contact_main/openpoints/dataset\n'}
[2.043252] (robot_grasping) StdoutLine: {'line': b'creating /home/jetson/vmf/install/robot_grasping/lib/python3.10/site-packages/vmf_contact_main/openpoints/dataset/scannetv2\n'}
[2.043391] (robot_grasping) StdoutLine: {'line': b'copying /home/jetson/vmf/build/robot_grasping/build/lib/vmf_contact_main/openpoints/dataset/scannetv2/scannet.py -> /home/jetson/vmf/install/robot_grasping/lib/python3.10/site-packages/vmf_contact_main/openpoints/dataset/scannetv2\n'}
[2.043564] (robot_grasping) StdoutLine: {'line': b'copying /home/jetson/vmf/build/robot_grasping/build/lib/vmf_contact_main/openpoints/dataset/scannetv2/__init__.py -> /home/jetson/vmf/install/robot_grasping/lib/python3.10/site-packages/vmf_contact_main/openpoints/dataset/scannetv2\n'}
[2.043758] (robot_grasping) StdoutLine: {'line': b'copying /home/jetson/vmf/build/robot_grasping/build/lib/vmf_contact_main/openpoints/dataset/datalist.py -> /home/jetson/vmf/install/robot_grasping/lib/python3.10/site-packages/vmf_contact_main/openpoints/dataset\n'}
[2.043958] (robot_grasping) StdoutLine: {'line': b'copying /home/jetson/vmf/build/robot_grasping/build/lib/vmf_contact_main/openpoints/dataset/__init__.py -> /home/jetson/vmf/install/robot_grasping/lib/python3.10/site-packages/vmf_contact_main/openpoints/dataset\n'}
[2.044157] (robot_grasping) StdoutLine: {'line': b'copying /home/jetson/vmf/build/robot_grasping/build/lib/vmf_contact_main/openpoints/__init__.py -> /home/jetson/vmf/install/robot_grasping/lib/python3.10/site-packages/vmf_contact_main/openpoints\n'}
[2.044344] (robot_grasping) StdoutLine: {'line': b'creating /home/jetson/vmf/install/robot_grasping/lib/python3.10/site-packages/vmf_contact_main/openpoints/optim\n'}
[2.044544] (robot_grasping) StdoutLine: {'line': b'copying /home/jetson/vmf/build/robot_grasping/build/lib/vmf_contact_main/openpoints/optim/radam.py -> /home/jetson/vmf/install/robot_grasping/lib/python3.10/site-packages/vmf_contact_main/openpoints/optim\n'}
[2.044737] (robot_grasping) StdoutLine: {'line': b'copying /home/jetson/vmf/build/robot_grasping/build/lib/vmf_contact_main/openpoints/optim/adafactor.py -> /home/jetson/vmf/install/robot_grasping/lib/python3.10/site-packages/vmf_contact_main/openpoints/optim\n'}
[2.044936] (robot_grasping) StdoutLine: {'line': b'copying /home/jetson/vmf/build/robot_grasping/build/lib/vmf_contact_main/openpoints/optim/adamw.py -> /home/jetson/vmf/install/robot_grasping/lib/python3.10/site-packages/vmf_contact_main/openpoints/optim\n'}
[2.045086] (robot_grasping) StdoutLine: {'line': b'copying /home/jetson/vmf/build/robot_grasping/build/lib/vmf_contact_main/openpoints/optim/sgdp.py -> /home/jetson/vmf/install/robot_grasping/lib/python3.10/site-packages/vmf_contact_main/openpoints/optim\n'}
[2.045301] (robot_grasping) StdoutLine: {'line': b'copying /home/jetson/vmf/build/robot_grasping/build/lib/vmf_contact_main/openpoints/optim/rmsprop_tf.py -> /home/jetson/vmf/install/robot_grasping/lib/python3.10/site-packages/vmf_contact_main/openpoints/optim\n'}
[2.045494] (robot_grasping) StdoutLine: {'line': b'copying /home/jetson/vmf/build/robot_grasping/build/lib/vmf_contact_main/openpoints/optim/optim_factory.py -> /home/jetson/vmf/install/robot_grasping/lib/python3.10/site-packages/vmf_contact_main/openpoints/optim\n'}
[2.045667] (robot_grasping) StdoutLine: {'line': b'copying /home/jetson/vmf/build/robot_grasping/build/lib/vmf_contact_main/openpoints/optim/lars.py -> /home/jetson/vmf/install/robot_grasping/lib/python3.10/site-packages/vmf_contact_main/openpoints/optim\n'}
[2.045822] (robot_grasping) StdoutLine: {'line': b'copying /home/jetson/vmf/build/robot_grasping/build/lib/vmf_contact_main/openpoints/optim/adahessian.py -> /home/jetson/vmf/install/robot_grasping/lib/python3.10/site-packages/vmf_contact_main/openpoints/optim\n'}
[2.045931] (robot_grasping) StdoutLine: {'line': b'copying /home/jetson/vmf/build/robot_grasping/build/lib/vmf_contact_main/openpoints/optim/lookahead.py -> /home/jetson/vmf/install/robot_grasping/lib/python3.10/site-packages/vmf_contact_main/openpoints/optim\n'}
[2.046084] (robot_grasping) StdoutLine: {'line': b'copying /home/jetson/vmf/build/robot_grasping/build/lib/vmf_contact_main/openpoints/optim/nadam.py -> /home/jetson/vmf/install/robot_grasping/lib/python3.10/site-packages/vmf_contact_main/openpoints/optim\n'}
[2.046232] (robot_grasping) StdoutLine: {'line': b'copying /home/jetson/vmf/build/robot_grasping/build/lib/vmf_contact_main/openpoints/optim/adamp.py -> /home/jetson/vmf/install/robot_grasping/lib/python3.10/site-packages/vmf_contact_main/openpoints/optim\n'}
[2.046382] (robot_grasping) StdoutLine: {'line': b'copying /home/jetson/vmf/build/robot_grasping/build/lib/vmf_contact_main/openpoints/optim/adabelief.py -> /home/jetson/vmf/install/robot_grasping/lib/python3.10/site-packages/vmf_contact_main/openpoints/optim\n'}
[2.046492] (robot_grasping) StdoutLine: {'line': b'copying /home/jetson/vmf/build/robot_grasping/build/lib/vmf_contact_main/openpoints/optim/lamb.py -> /home/jetson/vmf/install/robot_grasping/lib/python3.10/site-packages/vmf_contact_main/openpoints/optim\n'}
[2.046632] (robot_grasping) StdoutLine: {'line': b'copying /home/jetson/vmf/build/robot_grasping/build/lib/vmf_contact_main/openpoints/optim/__init__.py -> /home/jetson/vmf/install/robot_grasping/lib/python3.10/site-packages/vmf_contact_main/openpoints/optim\n'}
[2.046761] (robot_grasping) StdoutLine: {'line': b'copying /home/jetson/vmf/build/robot_grasping/build/lib/vmf_contact_main/openpoints/optim/madgrad.py -> /home/jetson/vmf/install/robot_grasping/lib/python3.10/site-packages/vmf_contact_main/openpoints/optim\n'}
[2.046890] (robot_grasping) StdoutLine: {'line': b'copying /home/jetson/vmf/build/robot_grasping/build/lib/vmf_contact_main/openpoints/optim/nvnovograd.py -> /home/jetson/vmf/install/robot_grasping/lib/python3.10/site-packages/vmf_contact_main/openpoints/optim\n'}
[2.047031] (robot_grasping) StdoutLine: {'line': b'copying /home/jetson/vmf/build/robot_grasping/build/lib/vmf_contact_main/__init__.py -> /home/jetson/vmf/install/robot_grasping/lib/python3.10/site-packages/vmf_contact_main\n'}
[2.047136] (robot_grasping) StdoutLine: {'line': b'creating /home/jetson/vmf/install/robot_grasping/lib/python3.10/site-packages/ros2_nodes\n'}
[2.047273] (robot_grasping) StdoutLine: {'line': b'copying /home/jetson/vmf/build/robot_grasping/build/lib/ros2_nodes/camera_utils.py -> /home/jetson/vmf/install/robot_grasping/lib/python3.10/site-packages/ros2_nodes\n'}
[2.047377] (robot_grasping) StdoutLine: {'line': b'copying /home/jetson/vmf/build/robot_grasping/build/lib/ros2_nodes/utils_camera.py -> /home/jetson/vmf/install/robot_grasping/lib/python3.10/site-packages/ros2_nodes\n'}
[2.047512] (robot_grasping) StdoutLine: {'line': b'copying /home/jetson/vmf/build/robot_grasping/build/lib/ros2_nodes/inference_node_vlm.py -> /home/jetson/vmf/install/robot_grasping/lib/python3.10/site-packages/ros2_nodes\n'}
[2.047613] (robot_grasping) StdoutLine: {'line': b'copying /home/jetson/vmf/build/robot_grasping/build/lib/ros2_nodes/inference_node_data.py -> /home/jetson/vmf/install/robot_grasping/lib/python3.10/site-packages/ros2_nodes\n'}
[2.047789] (robot_grasping) StdoutLine: {'line': b'copying /home/jetson/vmf/build/robot_grasping/build/lib/ros2_nodes/test_frame_saver.py -> /home/jetson/vmf/install/robot_grasping/lib/python3.10/site-packages/ros2_nodes\n'}
[2.047966] (robot_grasping) StdoutLine: {'line': b'copying /home/jetson/vmf/build/robot_grasping/build/lib/ros2_nodes/inference_node_giga_active.py -> /home/jetson/vmf/install/robot_grasping/lib/python3.10/site-packages/ros2_nodes\n'}
[2.048182] (robot_grasping) StdoutLine: {'line': b'copying /home/jetson/vmf/build/robot_grasping/build/lib/ros2_nodes/inference_node_vmf.py -> /home/jetson/vmf/install/robot_grasping/lib/python3.10/site-packages/ros2_nodes\n'}
[2.048377] (robot_grasping) StdoutLine: {'line': b'copying /home/jetson/vmf/build/robot_grasping/build/lib/ros2_nodes/utils_node.py -> /home/jetson/vmf/install/robot_grasping/lib/python3.10/site-packages/ros2_nodes\n'}
[2.048567] (robot_grasping) StdoutLine: {'line': b'copying /home/jetson/vmf/build/robot_grasping/build/lib/ros2_nodes/test_visualization_node.py -> /home/jetson/vmf/install/robot_grasping/lib/python3.10/site-packages/ros2_nodes\n'}
[2.048752] (robot_grasping) StdoutLine: {'line': b'copying /home/jetson/vmf/build/robot_grasping/build/lib/ros2_nodes/inference_node_base.py -> /home/jetson/vmf/install/robot_grasping/lib/python3.10/site-packages/ros2_nodes\n'}
[2.048957] (robot_grasping) StdoutLine: {'line': b'copying /home/jetson/vmf/build/robot_grasping/build/lib/ros2_nodes/inference_node_giga.py -> /home/jetson/vmf/install/robot_grasping/lib/python3.10/site-packages/ros2_nodes\n'}
[2.049169] (robot_grasping) StdoutLine: {'line': b'copying /home/jetson/vmf/build/robot_grasping/build/lib/ros2_nodes/__init__.py -> /home/jetson/vmf/install/robot_grasping/lib/python3.10/site-packages/ros2_nodes\n'}
[2.049352] (robot_grasping) StdoutLine: {'line': b'creating /home/jetson/vmf/install/robot_grasping/lib/python3.10/site-packages/openpoints\n'}
[2.049530] (robot_grasping) StdoutLine: {'line': b'creating /home/jetson/vmf/install/robot_grasping/lib/python3.10/site-packages/openpoints/cpp\n'}
[2.049744] (robot_grasping) StdoutLine: {'line': b'creating /home/jetson/vmf/install/robot_grasping/lib/python3.10/site-packages/openpoints/cpp/emd\n'}
[2.049892] (robot_grasping) StdoutLine: {'line': b'copying /home/jetson/vmf/build/robot_grasping/build/lib/openpoints/cpp/emd/setup.py -> /home/jetson/vmf/install/robot_grasping/lib/python3.10/site-packages/openpoints/cpp/emd\n'}
[2.050107] (robot_grasping) StdoutLine: {'line': b'copying /home/jetson/vmf/build/robot_grasping/build/lib/openpoints/cpp/emd/test_emd_loss.py -> /home/jetson/vmf/install/robot_grasping/lib/python3.10/site-packages/openpoints/cpp/emd\n'}
[2.050253] (robot_grasping) StdoutLine: {'line': b'copying /home/jetson/vmf/build/robot_grasping/build/lib/openpoints/cpp/emd/emd.py -> /home/jetson/vmf/install/robot_grasping/lib/python3.10/site-packages/openpoints/cpp/emd\n'}
[2.050436] (robot_grasping) StdoutLine: {'line': b'copying /home/jetson/vmf/build/robot_grasping/build/lib/openpoints/cpp/emd/__init__.py -> /home/jetson/vmf/install/robot_grasping/lib/python3.10/site-packages/openpoints/cpp/emd\n'}
[2.050650] (robot_grasping) StdoutLine: {'line': b'creating /home/jetson/vmf/install/robot_grasping/lib/python3.10/site-packages/openpoints/cpp/chamfer_dist\n'}
[2.050844] (robot_grasping) StdoutLine: {'line': b'copying /home/jetson/vmf/build/robot_grasping/build/lib/openpoints/cpp/chamfer_dist/setup.py -> /home/jetson/vmf/install/robot_grasping/lib/python3.10/site-packages/openpoints/cpp/chamfer_dist\n'}
[2.050999] (robot_grasping) StdoutLine: {'line': b'copying /home/jetson/vmf/build/robot_grasping/build/lib/openpoints/cpp/chamfer_dist/test.py -> /home/jetson/vmf/install/robot_grasping/lib/python3.10/site-packages/openpoints/cpp/chamfer_dist\n'}
[2.051208] (robot_grasping) StdoutLine: {'line': b'copying /home/jetson/vmf/build/robot_grasping/build/lib/openpoints/cpp/chamfer_dist/__init__.py -> /home/jetson/vmf/install/robot_grasping/lib/python3.10/site-packages/openpoints/cpp/chamfer_dist\n'}
[2.051391] (robot_grasping) StdoutLine: {'line': b'creating /home/jetson/vmf/install/robot_grasping/lib/python3.10/site-packages/openpoints/cpp/pointops\n'}
[2.051573] (robot_grasping) StdoutLine: {'line': b'copying /home/jetson/vmf/build/robot_grasping/build/lib/openpoints/cpp/pointops/setup.py -> /home/jetson/vmf/install/robot_grasping/lib/python3.10/site-packages/openpoints/cpp/pointops\n'}
[2.051712] (robot_grasping) StdoutLine: {'line': b'creating /home/jetson/vmf/install/robot_grasping/lib/python3.10/site-packages/openpoints/cpp/pointops/functions\n'}
[2.051921] (robot_grasping) StdoutLine: {'line': b'copying /home/jetson/vmf/build/robot_grasping/build/lib/openpoints/cpp/pointops/functions/pointops.py -> /home/jetson/vmf/install/robot_grasping/lib/python3.10/site-packages/openpoints/cpp/pointops/functions\n'}
[2.052110] (robot_grasping) StdoutLine: {'line': b'copying /home/jetson/vmf/build/robot_grasping/build/lib/openpoints/cpp/pointops/functions/__init__.py -> /home/jetson/vmf/install/robot_grasping/lib/python3.10/site-packages/openpoints/cpp/pointops/functions\n'}
[2.052298] (robot_grasping) StdoutLine: {'line': b'creating /home/jetson/vmf/install/robot_grasping/lib/python3.10/site-packages/openpoints/cpp/pointops/src\n'}
[2.052438] (robot_grasping) StdoutLine: {'line': b'copying /home/jetson/vmf/build/robot_grasping/build/lib/openpoints/cpp/pointops/src/__init__.py -> /home/jetson/vmf/install/robot_grasping/lib/python3.10/site-packages/openpoints/cpp/pointops/src\n'}
[2.052606] (robot_grasping) StdoutLine: {'line': b'copying /home/jetson/vmf/build/robot_grasping/build/lib/openpoints/cpp/pointops/__init__.py -> /home/jetson/vmf/install/robot_grasping/lib/python3.10/site-packages/openpoints/cpp/pointops\n'}
[2.052791] (robot_grasping) StdoutLine: {'line': b'creating /home/jetson/vmf/install/robot_grasping/lib/python3.10/site-packages/openpoints/cpp/pointnet2_batch\n'}
[2.052970] (robot_grasping) StdoutLine: {'line': b'copying /home/jetson/vmf/build/robot_grasping/build/lib/openpoints/cpp/pointnet2_batch/setup.py -> /home/jetson/vmf/install/robot_grasping/lib/python3.10/site-packages/openpoints/cpp/pointnet2_batch\n'}
[2.053151] (robot_grasping) StdoutLine: {'line': b'copying /home/jetson/vmf/build/robot_grasping/build/lib/openpoints/cpp/pointnet2_batch/__init__.py -> /home/jetson/vmf/install/robot_grasping/lib/python3.10/site-packages/openpoints/cpp/pointnet2_batch\n'}
[2.053330] (robot_grasping) StdoutLine: {'line': b'copying /home/jetson/vmf/build/robot_grasping/build/lib/openpoints/cpp/__init__.py -> /home/jetson/vmf/install/robot_grasping/lib/python3.10/site-packages/openpoints/cpp\n'}
[2.053502] (robot_grasping) StdoutLine: {'line': b'creating /home/jetson/vmf/install/robot_grasping/lib/python3.10/site-packages/openpoints/transforms\n'}
[2.053677] (robot_grasping) StdoutLine: {'line': b'copying /home/jetson/vmf/build/robot_grasping/build/lib/openpoints/transforms/transforms_factory.py -> /home/jetson/vmf/install/robot_grasping/lib/python3.10/site-packages/openpoints/transforms\n'}
[2.053874] (robot_grasping) StdoutLine: {'line': b'copying /home/jetson/vmf/build/robot_grasping/build/lib/openpoints/transforms/point_transform_cpu.py -> /home/jetson/vmf/install/robot_grasping/lib/python3.10/site-packages/openpoints/transforms\n'}
[2.054064] (robot_grasping) StdoutLine: {'line': b'copying /home/jetson/vmf/build/robot_grasping/build/lib/openpoints/transforms/point_transformer_gpu.py -> /home/jetson/vmf/install/robot_grasping/lib/python3.10/site-packages/openpoints/transforms\n'}
[2.054244] (robot_grasping) StdoutLine: {'line': b'copying /home/jetson/vmf/build/robot_grasping/build/lib/openpoints/transforms/__init__.py -> /home/jetson/vmf/install/robot_grasping/lib/python3.10/site-packages/openpoints/transforms\n'}
[2.054421] (robot_grasping) StdoutLine: {'line': b'creating /home/jetson/vmf/install/robot_grasping/lib/python3.10/site-packages/openpoints/utils\n'}
[2.054593] (robot_grasping) StdoutLine: {'line': b'copying /home/jetson/vmf/build/robot_grasping/build/lib/openpoints/utils/wandb.py -> /home/jetson/vmf/install/robot_grasping/lib/python3.10/site-packages/openpoints/utils\n'}
[2.054762] (robot_grasping) StdoutLine: {'line': b'copying /home/jetson/vmf/build/robot_grasping/build/lib/openpoints/utils/dist_utils.py -> /home/jetson/vmf/install/robot_grasping/lib/python3.10/site-packages/openpoints/utils\n'}
[2.054926] (robot_grasping) StdoutLine: {'line': b'copying /home/jetson/vmf/build/robot_grasping/build/lib/openpoints/utils/registry.py -> /home/jetson/vmf/install/robot_grasping/lib/python3.10/site-packages/openpoints/utils\n'}
[2.055129] (robot_grasping) StdoutLine: {'line': b'copying /home/jetson/vmf/build/robot_grasping/build/lib/openpoints/utils/metrics.py -> /home/jetson/vmf/install/robot_grasping/lib/python3.10/site-packages/openpoints/utils\n'}
[2.055266] (robot_grasping) StdoutLine: {'line': b'copying /home/jetson/vmf/build/robot_grasping/build/lib/openpoints/utils/config.py -> /home/jetson/vmf/install/robot_grasping/lib/python3.10/site-packages/openpoints/utils\n'}
[2.055437] (robot_grasping) StdoutLine: {'line': b'copying /home/jetson/vmf/build/robot_grasping/build/lib/openpoints/utils/ckpt_util.py -> /home/jetson/vmf/install/robot_grasping/lib/python3.10/site-packages/openpoints/utils\n'}
[2.055580] (robot_grasping) StdoutLine: {'line': b'copying /home/jetson/vmf/build/robot_grasping/build/lib/openpoints/utils/random.py -> /home/jetson/vmf/install/robot_grasping/lib/python3.10/site-packages/openpoints/utils\n'}
[2.055734] (robot_grasping) StdoutLine: {'line': b'copying /home/jetson/vmf/build/robot_grasping/build/lib/openpoints/utils/str2bool.py -> /home/jetson/vmf/install/robot_grasping/lib/python3.10/site-packages/openpoints/utils\n'}
[2.055871] (robot_grasping) StdoutLine: {'line': b'copying /home/jetson/vmf/build/robot_grasping/build/lib/openpoints/utils/__init__.py -> /home/jetson/vmf/install/robot_grasping/lib/python3.10/site-packages/openpoints/utils\n'}
[2.055978] (robot_grasping) StdoutLine: {'line': b'copying /home/jetson/vmf/build/robot_grasping/build/lib/openpoints/utils/logger.py -> /home/jetson/vmf/install/robot_grasping/lib/python3.10/site-packages/openpoints/utils\n'}
[2.056116] (robot_grasping) StdoutLine: {'line': b'creating /home/jetson/vmf/install/robot_grasping/lib/python3.10/site-packages/openpoints/models\n'}
[2.056217] (robot_grasping) StdoutLine: {'line': b'creating /home/jetson/vmf/install/robot_grasping/lib/python3.10/site-packages/openpoints/models/reconstruction\n'}
[2.056377] (robot_grasping) StdoutLine: {'line': b'copying /home/jetson/vmf/build/robot_grasping/build/lib/openpoints/models/reconstruction/maskedpoint.py -> /home/jetson/vmf/install/robot_grasping/lib/python3.10/site-packages/openpoints/models/reconstruction\n'}
[2.056483] (robot_grasping) StdoutLine: {'line': b'copying /home/jetson/vmf/build/robot_grasping/build/lib/openpoints/models/reconstruction/base_recontruct.py -> /home/jetson/vmf/install/robot_grasping/lib/python3.10/site-packages/openpoints/models/reconstruction\n'}
[2.056624] (robot_grasping) StdoutLine: {'line': b'copying /home/jetson/vmf/build/robot_grasping/build/lib/openpoints/models/reconstruction/nodeshuffle.py -> /home/jetson/vmf/install/robot_grasping/lib/python3.10/site-packages/openpoints/models/reconstruction\n'}
[2.056727] (robot_grasping) StdoutLine: {'line': b'copying /home/jetson/vmf/build/robot_grasping/build/lib/openpoints/models/reconstruction/maskedpointvit.py -> /home/jetson/vmf/install/robot_grasping/lib/python3.10/site-packages/openpoints/models/reconstruction\n'}
[2.056866] (robot_grasping) StdoutLine: {'line': b'copying /home/jetson/vmf/build/robot_grasping/build/lib/openpoints/models/reconstruction/maskedpointgroup.py -> /home/jetson/vmf/install/robot_grasping/lib/python3.10/site-packages/openpoints/models/reconstruction\n'}
[2.057001] (robot_grasping) StdoutLine: {'line': b'copying /home/jetson/vmf/build/robot_grasping/build/lib/openpoints/models/reconstruction/__init__.py -> /home/jetson/vmf/install/robot_grasping/lib/python3.10/site-packages/openpoints/models/reconstruction\n'}
[2.057141] (robot_grasping) StdoutLine: {'line': b'creating /home/jetson/vmf/install/robot_grasping/lib/python3.10/site-packages/openpoints/models/grasp\n'}
[2.057252] (robot_grasping) StdoutLine: {'line': b'copying /home/jetson/vmf/build/robot_grasping/build/lib/openpoints/models/grasp/vit_grasp.py -> /home/jetson/vmf/install/robot_grasping/lib/python3.10/site-packages/openpoints/models/grasp\n'}
[2.057413] (robot_grasping) StdoutLine: {'line': b'copying /home/jetson/vmf/build/robot_grasping/build/lib/openpoints/models/grasp/base_grasp.py -> /home/jetson/vmf/install/robot_grasping/lib/python3.10/site-packages/openpoints/models/grasp\n'}
[2.057554] (robot_grasping) StdoutLine: {'line': b'copying /home/jetson/vmf/build/robot_grasping/build/lib/openpoints/models/grasp/__init__.py -> /home/jetson/vmf/install/robot_grasping/lib/python3.10/site-packages/openpoints/models/grasp\n'}
[2.057691] (robot_grasping) StdoutLine: {'line': b'creating /home/jetson/vmf/install/robot_grasping/lib/python3.10/site-packages/openpoints/models/classification\n'}
[2.057861] (robot_grasping) StdoutLine: {'line': b'copying /home/jetson/vmf/build/robot_grasping/build/lib/openpoints/models/classification/cls_base.py -> /home/jetson/vmf/install/robot_grasping/lib/python3.10/site-packages/openpoints/models/classification\n'}
[2.057998] (robot_grasping) StdoutLine: {'line': b'copying /home/jetson/vmf/build/robot_grasping/build/lib/openpoints/models/classification/point_bert.py -> /home/jetson/vmf/install/robot_grasping/lib/python3.10/site-packages/openpoints/models/classification\n'}
[2.058185] (robot_grasping) StdoutLine: {'line': b'copying /home/jetson/vmf/build/robot_grasping/build/lib/openpoints/models/classification/__init__.py -> /home/jetson/vmf/install/robot_grasping/lib/python3.10/site-packages/openpoints/models/classification\n'}
[2.058355] (robot_grasping) StdoutLine: {'line': b'copying /home/jetson/vmf/build/robot_grasping/build/lib/openpoints/models/build.py -> /home/jetson/vmf/install/robot_grasping/lib/python3.10/site-packages/openpoints/models\n'}
[2.058525] (robot_grasping) StdoutLine: {'line': b'copying /home/jetson/vmf/build/robot_grasping/build/lib/openpoints/models/registry.py -> /home/jetson/vmf/install/robot_grasping/lib/python3.10/site-packages/openpoints/models\n'}
[2.058701] (robot_grasping) StdoutLine: {'line': b'creating /home/jetson/vmf/install/robot_grasping/lib/python3.10/site-packages/openpoints/models/layers\n'}
[2.058889] (robot_grasping) StdoutLine: {'line': b'copying /home/jetson/vmf/build/robot_grasping/build/lib/openpoints/models/layers/graph_conv.py -> /home/jetson/vmf/install/robot_grasping/lib/python3.10/site-packages/openpoints/models/layers\n'}
[2.059067] (robot_grasping) StdoutLine: {'line': b'copying /home/jetson/vmf/build/robot_grasping/build/lib/openpoints/models/layers/attention.py -> /home/jetson/vmf/install/robot_grasping/lib/python3.10/site-packages/openpoints/models/layers\n'}
[2.059241] (robot_grasping) StdoutLine: {'line': b'copying /home/jetson/vmf/build/robot_grasping/build/lib/openpoints/models/layers/weight_init.py -> /home/jetson/vmf/install/robot_grasping/lib/python3.10/site-packages/openpoints/models/layers\n'}
[2.059415] (robot_grasping) StdoutLine: {'line': b'copying /home/jetson/vmf/build/robot_grasping/build/lib/openpoints/models/layers/patch_embed.py -> /home/jetson/vmf/install/robot_grasping/lib/python3.10/site-packages/openpoints/models/layers\n'}
[2.059586] (robot_grasping) StdoutLine: {'line': b'copying /home/jetson/vmf/build/robot_grasping/build/lib/openpoints/models/layers/local_aggregation.py -> /home/jetson/vmf/install/robot_grasping/lib/python3.10/site-packages/openpoints/models/layers\n'}
[2.059763] (robot_grasping) StdoutLine: {'line': b'copying /home/jetson/vmf/build/robot_grasping/build/lib/openpoints/models/layers/knn.py -> /home/jetson/vmf/install/robot_grasping/lib/python3.10/site-packages/openpoints/models/layers\n'}
[2.059940] (robot_grasping) StdoutLine: {'line': b'copying /home/jetson/vmf/build/robot_grasping/build/lib/openpoints/models/layers/activation.py -> /home/jetson/vmf/install/robot_grasping/lib/python3.10/site-packages/openpoints/models/layers\n'}
[2.060108] (robot_grasping) StdoutLine: {'line': b'copying /home/jetson/vmf/build/robot_grasping/build/lib/openpoints/models/layers/helpers.py -> /home/jetson/vmf/install/robot_grasping/lib/python3.10/site-packages/openpoints/models/layers\n'}
[2.060269] (robot_grasping) StdoutLine: {'line': b'copying /home/jetson/vmf/build/robot_grasping/build/lib/openpoints/models/layers/registry.py -> /home/jetson/vmf/install/robot_grasping/lib/python3.10/site-packages/openpoints/models/layers\n'}
[2.060405] (robot_grasping) StdoutLine: {'line': b'copying /home/jetson/vmf/build/robot_grasping/build/lib/openpoints/models/layers/group_embed.py -> /home/jetson/vmf/install/robot_grasping/lib/python3.10/site-packages/openpoints/models/layers\n'}
[2.060573] (robot_grasping) StdoutLine: {'line': b'copying /home/jetson/vmf/build/robot_grasping/build/lib/openpoints/models/layers/padding.py -> /home/jetson/vmf/install/robot_grasping/lib/python3.10/site-packages/openpoints/models/layers\n'}
[2.060759] (robot_grasping) StdoutLine: {'line': b'copying /home/jetson/vmf/build/robot_grasping/build/lib/openpoints/models/layers/group.py -> /home/jetson/vmf/install/robot_grasping/lib/python3.10/site-packages/openpoints/models/layers\n'}
[2.060935] (robot_grasping) StdoutLine: {'line': b'copying /home/jetson/vmf/build/robot_grasping/build/lib/openpoints/models/layers/norm.py -> /home/jetson/vmf/install/robot_grasping/lib/python3.10/site-packages/openpoints/models/layers\n'}
[2.061143] (robot_grasping) StdoutLine: {'line': b'copying /home/jetson/vmf/build/robot_grasping/build/lib/openpoints/models/layers/mlp.py -> /home/jetson/vmf/install/robot_grasping/lib/python3.10/site-packages/openpoints/models/layers\n'}
[2.061319] (robot_grasping) StdoutLine: {'line': b'copying /home/jetson/vmf/build/robot_grasping/build/lib/openpoints/models/layers/conv.py -> /home/jetson/vmf/install/robot_grasping/lib/python3.10/site-packages/openpoints/models/layers\n'}
[2.061491] (robot_grasping) StdoutLine: {'line': b'copying /home/jetson/vmf/build/robot_grasping/build/lib/openpoints/models/layers/subsample.py -> /home/jetson/vmf/install/robot_grasping/lib/python3.10/site-packages/openpoints/models/layers\n'}
[2.061666] (robot_grasping) StdoutLine: {'line': b'copying /home/jetson/vmf/build/robot_grasping/build/lib/openpoints/models/layers/kmeans.py -> /home/jetson/vmf/install/robot_grasping/lib/python3.10/site-packages/openpoints/models/layers\n'}
[2.061839] (robot_grasping) StdoutLine: {'line': b'copying /home/jetson/vmf/build/robot_grasping/build/lib/openpoints/models/layers/upsampling.py -> /home/jetson/vmf/install/robot_grasping/lib/python3.10/site-packages/openpoints/models/layers\n'}
[2.061971] (robot_grasping) StdoutLine: {'line': b'copying /home/jetson/vmf/build/robot_grasping/build/lib/openpoints/models/layers/__init__.py -> /home/jetson/vmf/install/robot_grasping/lib/python3.10/site-packages/openpoints/models/layers\n'}
[2.062172] (robot_grasping) StdoutLine: {'line': b'copying /home/jetson/vmf/build/robot_grasping/build/lib/openpoints/models/layers/drop.py -> /home/jetson/vmf/install/robot_grasping/lib/python3.10/site-packages/openpoints/models/layers\n'}
[2.062304] (robot_grasping) StdoutLine: {'line': b'creating /home/jetson/vmf/install/robot_grasping/lib/python3.10/site-packages/openpoints/models/backbone\n'}
[2.062473] (robot_grasping) StdoutLine: {'line': b'copying /home/jetson/vmf/build/robot_grasping/build/lib/openpoints/models/backbone/spotr.py -> /home/jetson/vmf/install/robot_grasping/lib/python3.10/site-packages/openpoints/models/backbone\n'}
[2.062645] (robot_grasping) StdoutLine: {'line': b'copying /home/jetson/vmf/build/robot_grasping/build/lib/openpoints/models/backbone/Stratified_transformer.py -> /home/jetson/vmf/install/robot_grasping/lib/python3.10/site-packages/openpoints/models/backbone\n'}
[2.062854] (robot_grasping) StdoutLine: {'line': b'copying /home/jetson/vmf/build/robot_grasping/build/lib/openpoints/models/backbone/graphvit3d.py -> /home/jetson/vmf/install/robot_grasping/lib/python3.10/site-packages/openpoints/models/backbone\n'}
[2.063029] (robot_grasping) StdoutLine: {'line': b'copying /home/jetson/vmf/build/robot_grasping/build/lib/openpoints/models/backbone/randlenet.py -> /home/jetson/vmf/install/robot_grasping/lib/python3.10/site-packages/openpoints/models/backbone\n'}
[2.063195] (robot_grasping) StdoutLine: {'line': b'copying /home/jetson/vmf/build/robot_grasping/build/lib/openpoints/models/backbone/simpleview.py -> /home/jetson/vmf/install/robot_grasping/lib/python3.10/site-packages/openpoints/models/backbone\n'}
[2.063331] (robot_grasping) StdoutLine: {'line': b'copying /home/jetson/vmf/build/robot_grasping/build/lib/openpoints/models/backbone/baafnet.py -> /home/jetson/vmf/install/robot_grasping/lib/python3.10/site-packages/openpoints/models/backbone\n'}
[2.063502] (robot_grasping) StdoutLine: {'line': b'copying /home/jetson/vmf/build/robot_grasping/build/lib/openpoints/models/backbone/deepgcn.py -> /home/jetson/vmf/install/robot_grasping/lib/python3.10/site-packages/openpoints/models/backbone\n'}
[2.063669] (robot_grasping) StdoutLine: {'line': b'copying /home/jetson/vmf/build/robot_grasping/build/lib/openpoints/models/backbone/grouppointnet.py -> /home/jetson/vmf/install/robot_grasping/lib/python3.10/site-packages/openpoints/models/backbone\n'}
[2.063838] (robot_grasping) StdoutLine: {'line': b'copying /home/jetson/vmf/build/robot_grasping/build/lib/openpoints/models/backbone/simpleview_util.py -> /home/jetson/vmf/install/robot_grasping/lib/python3.10/site-packages/openpoints/models/backbone\n'}
[2.064033] (robot_grasping) StdoutLine: {'line': b'copying /home/jetson/vmf/build/robot_grasping/build/lib/openpoints/models/backbone/pointvit.py -> /home/jetson/vmf/install/robot_grasping/lib/python3.10/site-packages/openpoints/models/backbone\n'}
[2.064195] (robot_grasping) StdoutLine: {'line': b'copying /home/jetson/vmf/build/robot_grasping/build/lib/openpoints/models/backbone/dgcnn.py -> /home/jetson/vmf/install/robot_grasping/lib/python3.10/site-packages/openpoints/models/backbone\n'}
[2.064350] (robot_grasping) StdoutLine: {'line': b'copying /home/jetson/vmf/build/robot_grasping/build/lib/openpoints/models/backbone/ball_dgcnn.py -> /home/jetson/vmf/install/robot_grasping/lib/python3.10/site-packages/openpoints/models/backbone\n'}
[2.064542] (robot_grasping) StdoutLine: {'line': b'copying /home/jetson/vmf/build/robot_grasping/build/lib/openpoints/models/backbone/pointnextPyG.py -> /home/jetson/vmf/install/robot_grasping/lib/python3.10/site-packages/openpoints/models/backbone\n'}
[2.064735] (robot_grasping) StdoutLine: {'line': b'copying /home/jetson/vmf/build/robot_grasping/build/lib/openpoints/models/backbone/pointvit_inv_old.py -> /home/jetson/vmf/install/robot_grasping/lib/python3.10/site-packages/openpoints/models/backbone\n'}
[2.065129] (robot_grasping) StdoutLine: {'line': b'copying /home/jetson/vmf/build/robot_grasping/build/lib/openpoints/models/backbone/pointvector.py -> /home/jetson/vmf/install/robot_grasping/lib/python3.10/site-packages/openpoints/models/backbone\n'}
[2.065379] (robot_grasping) StdoutLine: {'line': b'copying /home/jetson/vmf/build/robot_grasping/build/lib/openpoints/models/backbone/pointmlp.py -> /home/jetson/vmf/install/robot_grasping/lib/python3.10/site-packages/openpoints/models/backbone\n'}
[2.065616] (robot_grasping) StdoutLine: {'line': b'copying /home/jetson/vmf/build/robot_grasping/build/lib/openpoints/models/backbone/pointnet.py -> /home/jetson/vmf/install/robot_grasping/lib/python3.10/site-packages/openpoints/models/backbone\n'}
[2.065803] (robot_grasping) StdoutLine: {'line': b'copying /home/jetson/vmf/build/robot_grasping/build/lib/openpoints/models/backbone/pct.py -> /home/jetson/vmf/install/robot_grasping/lib/python3.10/site-packages/openpoints/models/backbone\n'}
[2.065990] (robot_grasping) StdoutLine: {'line': b'copying /home/jetson/vmf/build/robot_grasping/build/lib/openpoints/models/backbone/debug_invvit.py -> /home/jetson/vmf/install/robot_grasping/lib/python3.10/site-packages/openpoints/models/backbone\n'}
[2.066171] (robot_grasping) StdoutLine: {'line': b'copying /home/jetson/vmf/build/robot_grasping/build/lib/openpoints/models/backbone/pointnext.py -> /home/jetson/vmf/install/robot_grasping/lib/python3.10/site-packages/openpoints/models/backbone\n'}
[2.066412] (robot_grasping) StdoutLine: {'line': b'copying /home/jetson/vmf/build/robot_grasping/build/lib/openpoints/models/backbone/curvenet.py -> /home/jetson/vmf/install/robot_grasping/lib/python3.10/site-packages/openpoints/models/backbone\n'}
[2.066635] (robot_grasping) StdoutLine: {'line': b'copying /home/jetson/vmf/build/robot_grasping/build/lib/openpoints/models/backbone/pointtransformer.py -> /home/jetson/vmf/install/robot_grasping/lib/python3.10/site-packages/openpoints/models/backbone\n'}
[2.066863] (robot_grasping) StdoutLine: {'line': b'copying /home/jetson/vmf/build/robot_grasping/build/lib/openpoints/models/backbone/resnet.py -> /home/jetson/vmf/install/robot_grasping/lib/python3.10/site-packages/openpoints/models/backbone\n'}
[2.067063] (robot_grasping) StdoutLine: {'line': b'copying /home/jetson/vmf/build/robot_grasping/build/lib/openpoints/models/backbone/pointnetv2.py -> /home/jetson/vmf/install/robot_grasping/lib/python3.10/site-packages/openpoints/models/backbone\n'}
[2.067279] (robot_grasping) StdoutLine: {'line': b'copying /home/jetson/vmf/build/robot_grasping/build/lib/openpoints/models/backbone/__init__.py -> /home/jetson/vmf/install/robot_grasping/lib/python3.10/site-packages/openpoints/models/backbone\n'}
[2.067470] (robot_grasping) StdoutLine: {'line': b'copying /home/jetson/vmf/build/robot_grasping/build/lib/openpoints/models/backbone/pointvit_inv.py -> /home/jetson/vmf/install/robot_grasping/lib/python3.10/site-packages/openpoints/models/backbone\n'}
[2.067769] (robot_grasping) StdoutLine: {'line': b'creating /home/jetson/vmf/install/robot_grasping/lib/python3.10/site-packages/openpoints/models/segmentation\n'}
[2.067942] (robot_grasping) StdoutLine: {'line': b'copying /home/jetson/vmf/build/robot_grasping/build/lib/openpoints/models/segmentation/base_seg.py -> /home/jetson/vmf/install/robot_grasping/lib/python3.10/site-packages/openpoints/models/segmentation\n'}
[2.068126] (robot_grasping) StdoutLine: {'line': b'copying /home/jetson/vmf/build/robot_grasping/build/lib/openpoints/models/segmentation/vit_seg.py -> /home/jetson/vmf/install/robot_grasping/lib/python3.10/site-packages/openpoints/models/segmentation\n'}
[2.068304] (robot_grasping) StdoutLine: {'line': b'copying /home/jetson/vmf/build/robot_grasping/build/lib/openpoints/models/segmentation/__init__.py -> /home/jetson/vmf/install/robot_grasping/lib/python3.10/site-packages/openpoints/models/segmentation\n'}
[2.068486] (robot_grasping) StdoutLine: {'line': b'copying /home/jetson/vmf/build/robot_grasping/build/lib/openpoints/models/__init__.py -> /home/jetson/vmf/install/robot_grasping/lib/python3.10/site-packages/openpoints/models\n'}
[2.068700] (robot_grasping) StdoutLine: {'line': b'creating /home/jetson/vmf/install/robot_grasping/lib/python3.10/site-packages/openpoints/scheduler\n'}
[2.068892] (robot_grasping) StdoutLine: {'line': b'copying /home/jetson/vmf/build/robot_grasping/build/lib/openpoints/scheduler/multistep_lr.py -> /home/jetson/vmf/install/robot_grasping/lib/python3.10/site-packages/openpoints/scheduler\n'}
[2.069070] (robot_grasping) StdoutLine: {'line': b'copying /home/jetson/vmf/build/robot_grasping/build/lib/openpoints/scheduler/step_lr.py -> /home/jetson/vmf/install/robot_grasping/lib/python3.10/site-packages/openpoints/scheduler\n'}
[2.069241] (robot_grasping) StdoutLine: {'line': b'copying /home/jetson/vmf/build/robot_grasping/build/lib/openpoints/scheduler/poly_lr.py -> /home/jetson/vmf/install/robot_grasping/lib/python3.10/site-packages/openpoints/scheduler\n'}
[2.069412] (robot_grasping) StdoutLine: {'line': b'copying /home/jetson/vmf/build/robot_grasping/build/lib/openpoints/scheduler/plateau_lr.py -> /home/jetson/vmf/install/robot_grasping/lib/python3.10/site-packages/openpoints/scheduler\n'}
[2.069598] (robot_grasping) StdoutLine: {'line': b'copying /home/jetson/vmf/build/robot_grasping/build/lib/openpoints/scheduler/scheduler_factory.py -> /home/jetson/vmf/install/robot_grasping/lib/python3.10/site-packages/openpoints/scheduler\n'}
[2.069761] (robot_grasping) StdoutLine: {'line': b'copying /home/jetson/vmf/build/robot_grasping/build/lib/openpoints/scheduler/cosine_lr.py -> /home/jetson/vmf/install/robot_grasping/lib/python3.10/site-packages/openpoints/scheduler\n'}
[2.069923] (robot_grasping) StdoutLine: {'line': b'copying /home/jetson/vmf/build/robot_grasping/build/lib/openpoints/scheduler/scheduler.py -> /home/jetson/vmf/install/robot_grasping/lib/python3.10/site-packages/openpoints/scheduler\n'}
[2.070085] (robot_grasping) StdoutLine: {'line': b'copying /home/jetson/vmf/build/robot_grasping/build/lib/openpoints/scheduler/tanh_lr.py -> /home/jetson/vmf/install/robot_grasping/lib/python3.10/site-packages/openpoints/scheduler\n'}
[2.070254] (robot_grasping) StdoutLine: {'line': b'copying /home/jetson/vmf/build/robot_grasping/build/lib/openpoints/scheduler/__init__.py -> /home/jetson/vmf/install/robot_grasping/lib/python3.10/site-packages/openpoints/scheduler\n'}
[2.070476] (robot_grasping) StdoutLine: {'line': b'creating /home/jetson/vmf/install/robot_grasping/lib/python3.10/site-packages/openpoints/loss\n'}
[2.070623] (robot_grasping) StdoutLine: {'line': b'copying /home/jetson/vmf/build/robot_grasping/build/lib/openpoints/loss/cross_entropy.py -> /home/jetson/vmf/install/robot_grasping/lib/python3.10/site-packages/openpoints/loss\n'}
[2.070799] (robot_grasping) StdoutLine: {'line': b'copying /home/jetson/vmf/build/robot_grasping/build/lib/openpoints/loss/build.py -> /home/jetson/vmf/install/robot_grasping/lib/python3.10/site-packages/openpoints/loss\n'}
[2.071007] (robot_grasping) StdoutLine: {'line': b'copying /home/jetson/vmf/build/robot_grasping/build/lib/openpoints/loss/distill_loss.py -> /home/jetson/vmf/install/robot_grasping/lib/python3.10/site-packages/openpoints/loss\n'}
[2.071178] (robot_grasping) StdoutLine: {'line': b'copying /home/jetson/vmf/build/robot_grasping/build/lib/openpoints/loss/__init__.py -> /home/jetson/vmf/install/robot_grasping/lib/python3.10/site-packages/openpoints/loss\n'}
[2.071415] (robot_grasping) StdoutLine: {'line': b'creating /home/jetson/vmf/install/robot_grasping/lib/python3.10/site-packages/openpoints/dataset\n'}
[2.071579] (robot_grasping) StdoutLine: {'line': b'creating /home/jetson/vmf/install/robot_grasping/lib/python3.10/site-packages/openpoints/dataset/pcqm4m\n'}
[2.071726] (robot_grasping) StdoutLine: {'line': b'copying /home/jetson/vmf/build/robot_grasping/build/lib/openpoints/dataset/pcqm4m/data.py -> /home/jetson/vmf/install/robot_grasping/lib/python3.10/site-packages/openpoints/dataset/pcqm4m\n'}
[2.071885] (robot_grasping) StdoutLine: {'line': b'copying /home/jetson/vmf/build/robot_grasping/build/lib/openpoints/dataset/pcqm4m/__init__.py -> /home/jetson/vmf/install/robot_grasping/lib/python3.10/site-packages/openpoints/dataset/pcqm4m\n'}
[2.072113] (robot_grasping) StdoutLine: {'line': b'creating /home/jetson/vmf/install/robot_grasping/lib/python3.10/site-packages/openpoints/dataset/graph_dataset\n'}
[2.072297] (robot_grasping) StdoutLine: {'line': b'copying /home/jetson/vmf/build/robot_grasping/build/lib/openpoints/dataset/graph_dataset/svd_encodings_dataset.py -> /home/jetson/vmf/install/robot_grasping/lib/python3.10/site-packages/openpoints/dataset/graph_dataset\n'}
[2.072465] (robot_grasping) StdoutLine: {'line': b'copying /home/jetson/vmf/build/robot_grasping/build/lib/openpoints/dataset/graph_dataset/structural_dataset.py -> /home/jetson/vmf/install/robot_grasping/lib/python3.10/site-packages/openpoints/dataset/graph_dataset\n'}
[2.072627] (robot_grasping) StdoutLine: {'line': b'copying /home/jetson/vmf/build/robot_grasping/build/lib/openpoints/dataset/graph_dataset/stack_with_pad.py -> /home/jetson/vmf/install/robot_grasping/lib/python3.10/site-packages/openpoints/dataset/graph_dataset\n'}
[2.072810] (robot_grasping) StdoutLine: {'line': b'copying /home/jetson/vmf/build/robot_grasping/build/lib/openpoints/dataset/graph_dataset/graph_dataset.py -> /home/jetson/vmf/install/robot_grasping/lib/python3.10/site-packages/openpoints/dataset/graph_dataset\n'}
[2.073015] (robot_grasping) StdoutLine: {'line': b'copying /home/jetson/vmf/build/robot_grasping/build/lib/openpoints/dataset/graph_dataset/__init__.py -> /home/jetson/vmf/install/robot_grasping/lib/python3.10/site-packages/openpoints/dataset/graph_dataset\n'}
[2.073205] (robot_grasping) StdoutLine: {'line': b'creating /home/jetson/vmf/install/robot_grasping/lib/python3.10/site-packages/openpoints/dataset/pcqm4mv2\n'}
[2.073385] (robot_grasping) StdoutLine: {'line': b'copying /home/jetson/vmf/build/robot_grasping/build/lib/openpoints/dataset/pcqm4mv2/data.py -> /home/jetson/vmf/install/robot_grasping/lib/python3.10/site-packages/openpoints/dataset/pcqm4mv2\n'}
[2.073557] (robot_grasping) StdoutLine: {'line': b'copying /home/jetson/vmf/build/robot_grasping/build/lib/openpoints/dataset/pcqm4mv2/__init__.py -> /home/jetson/vmf/install/robot_grasping/lib/python3.10/site-packages/openpoints/dataset/pcqm4mv2\n'}
[2.073732] (robot_grasping) StdoutLine: {'line': b'copying /home/jetson/vmf/build/robot_grasping/build/lib/openpoints/dataset/dataset_base.py -> /home/jetson/vmf/install/robot_grasping/lib/python3.10/site-packages/openpoints/dataset\n'}
[2.073905] (robot_grasping) StdoutLine: {'line': b'creating /home/jetson/vmf/install/robot_grasping/lib/python3.10/site-packages/openpoints/dataset/atom3d\n'}
[2.074092] (robot_grasping) StdoutLine: {'line': b'copying /home/jetson/vmf/build/robot_grasping/build/lib/openpoints/dataset/atom3d/psr.py -> /home/jetson/vmf/install/robot_grasping/lib/python3.10/site-packages/openpoints/dataset/atom3d\n'}
[2.074267] (robot_grasping) StdoutLine: {'line': b'copying /home/jetson/vmf/build/robot_grasping/build/lib/openpoints/dataset/atom3d/__init__.py -> /home/jetson/vmf/install/robot_grasping/lib/python3.10/site-packages/openpoints/dataset/atom3d\n'}
[2.074438] (robot_grasping) StdoutLine: {'line': b'copying /home/jetson/vmf/build/robot_grasping/build/lib/openpoints/dataset/build.py -> /home/jetson/vmf/install/robot_grasping/lib/python3.10/site-packages/openpoints/dataset\n'}
[2.074605] (robot_grasping) StdoutLine: {'line': b'copying /home/jetson/vmf/build/robot_grasping/build/lib/openpoints/dataset/data_util.py -> /home/jetson/vmf/install/robot_grasping/lib/python3.10/site-packages/openpoints/dataset\n'}
[2.074817] (robot_grasping) StdoutLine: {'line': b'creating /home/jetson/vmf/install/robot_grasping/lib/python3.10/site-packages/openpoints/dataset/s3dis\n'}
[2.075048] (robot_grasping) StdoutLine: {'line': b'copying /home/jetson/vmf/build/robot_grasping/build/lib/openpoints/dataset/s3dis/s3dis.py -> /home/jetson/vmf/install/robot_grasping/lib/python3.10/site-packages/openpoints/dataset/s3dis\n'}
[2.075241] (robot_grasping) StdoutLine: {'line': b'copying /home/jetson/vmf/build/robot_grasping/build/lib/openpoints/dataset/s3dis/s3dis_sphere.py -> /home/jetson/vmf/install/robot_grasping/lib/python3.10/site-packages/openpoints/dataset/s3dis\n'}
[2.075449] (robot_grasping) StdoutLine: {'line': b'copying /home/jetson/vmf/build/robot_grasping/build/lib/openpoints/dataset/s3dis/s3dis_block.py -> /home/jetson/vmf/install/robot_grasping/lib/python3.10/site-packages/openpoints/dataset/s3dis\n'}
[2.075625] (robot_grasping) StdoutLine: {'line': b'copying /home/jetson/vmf/build/robot_grasping/build/lib/openpoints/dataset/s3dis/__init__.py -> /home/jetson/vmf/install/robot_grasping/lib/python3.10/site-packages/openpoints/dataset/s3dis\n'}
[2.075866] (robot_grasping) StdoutLine: {'line': b'creating /home/jetson/vmf/install/robot_grasping/lib/python3.10/site-packages/openpoints/dataset/shapenetpart\n'}
[2.076035] (robot_grasping) StdoutLine: {'line': b'copying /home/jetson/vmf/build/robot_grasping/build/lib/openpoints/dataset/shapenetpart/shapenetpart.py -> /home/jetson/vmf/install/robot_grasping/lib/python3.10/site-packages/openpoints/dataset/shapenetpart\n'}
[2.076216] (robot_grasping) StdoutLine: {'line': b'copying /home/jetson/vmf/build/robot_grasping/build/lib/openpoints/dataset/shapenetpart/shapenet55.py -> /home/jetson/vmf/install/robot_grasping/lib/python3.10/site-packages/openpoints/dataset/shapenetpart\n'}
[2.076391] (robot_grasping) StdoutLine: {'line': b'copying /home/jetson/vmf/build/robot_grasping/build/lib/openpoints/dataset/shapenetpart/__init__.py -> /home/jetson/vmf/install/robot_grasping/lib/python3.10/site-packages/openpoints/dataset/shapenetpart\n'}
[2.076573] (robot_grasping) StdoutLine: {'line': b'copying /home/jetson/vmf/build/robot_grasping/build/lib/openpoints/dataset/vis2d.py -> /home/jetson/vmf/install/robot_grasping/lib/python3.10/site-packages/openpoints/dataset\n'}
[2.076790] (robot_grasping) StdoutLine: {'line': b'creating /home/jetson/vmf/install/robot_grasping/lib/python3.10/site-packages/openpoints/dataset/modelnet\n'}
[2.076961] (robot_grasping) StdoutLine: {'line': b'copying /home/jetson/vmf/build/robot_grasping/build/lib/openpoints/dataset/modelnet/modelnet40_normal_resampled_loader.py -> /home/jetson/vmf/install/robot_grasping/lib/python3.10/site-packages/openpoints/dataset/modelnet\n'}
[2.077129] (robot_grasping) StdoutLine: {'line': b'copying /home/jetson/vmf/build/robot_grasping/build/lib/openpoints/dataset/modelnet/modelnet40_ply_2048_loader.py -> /home/jetson/vmf/install/robot_grasping/lib/python3.10/site-packages/openpoints/dataset/modelnet\n'}
[2.077312] (robot_grasping) StdoutLine: {'line': b'copying /home/jetson/vmf/build/robot_grasping/build/lib/openpoints/dataset/modelnet/__init__.py -> /home/jetson/vmf/install/robot_grasping/lib/python3.10/site-packages/openpoints/dataset/modelnet\n'}
[2.077521] (robot_grasping) StdoutLine: {'line': b'creating /home/jetson/vmf/install/robot_grasping/lib/python3.10/site-packages/openpoints/dataset/shapenet\n'}
[2.077702] (robot_grasping) StdoutLine: {'line': b'copying /home/jetson/vmf/build/robot_grasping/build/lib/openpoints/dataset/shapenet/shapenetpart.py -> /home/jetson/vmf/install/robot_grasping/lib/python3.10/site-packages/openpoints/dataset/shapenet\n'}
[2.077869] (robot_grasping) StdoutLine: {'line': b'copying /home/jetson/vmf/build/robot_grasping/build/lib/openpoints/dataset/shapenet/shapenet55.py -> /home/jetson/vmf/install/robot_grasping/lib/python3.10/site-packages/openpoints/dataset/shapenet\n'}
[2.078038] (robot_grasping) StdoutLine: {'line': b'copying /home/jetson/vmf/build/robot_grasping/build/lib/openpoints/dataset/shapenet/__init__.py -> /home/jetson/vmf/install/robot_grasping/lib/python3.10/site-packages/openpoints/dataset/shapenet\n'}
[2.078235] (robot_grasping) StdoutLine: {'line': b'creating /home/jetson/vmf/install/robot_grasping/lib/python3.10/site-packages/openpoints/dataset/matterport3d\n'}
[2.078418] (robot_grasping) StdoutLine: {'line': b'copying /home/jetson/vmf/build/robot_grasping/build/lib/openpoints/dataset/matterport3d/matterport3d_dataprocessing.py -> /home/jetson/vmf/install/robot_grasping/lib/python3.10/site-packages/openpoints/dataset/matterport3d\n'}
[2.078585] (robot_grasping) StdoutLine: {'line': b'copying /home/jetson/vmf/build/robot_grasping/build/lib/openpoints/dataset/matterport3d/__init__.py -> /home/jetson/vmf/install/robot_grasping/lib/python3.10/site-packages/openpoints/dataset/matterport3d\n'}
[2.078752] (robot_grasping) StdoutLine: {'line': b'copying /home/jetson/vmf/build/robot_grasping/build/lib/openpoints/dataset/matterport3d/matterport3d.py -> /home/jetson/vmf/install/robot_grasping/lib/python3.10/site-packages/openpoints/dataset/matterport3d\n'}
[2.078973] (robot_grasping) StdoutLine: {'line': b'creating /home/jetson/vmf/install/robot_grasping/lib/python3.10/site-packages/openpoints/dataset/semantic_kitti\n'}
[2.079160] (robot_grasping) StdoutLine: {'line': b'copying /home/jetson/vmf/build/robot_grasping/build/lib/openpoints/dataset/semantic_kitti/semantickitti.py -> /home/jetson/vmf/install/robot_grasping/lib/python3.10/site-packages/openpoints/dataset/semantic_kitti\n'}
[2.079341] (robot_grasping) StdoutLine: {'line': b'copying /home/jetson/vmf/build/robot_grasping/build/lib/openpoints/dataset/semantic_kitti/helper_tool.py -> /home/jetson/vmf/install/robot_grasping/lib/python3.10/site-packages/openpoints/dataset/semantic_kitti\n'}
[2.079519] (robot_grasping) StdoutLine: {'line': b'copying /home/jetson/vmf/build/robot_grasping/build/lib/openpoints/dataset/semantic_kitti/__init__.py -> /home/jetson/vmf/install/robot_grasping/lib/python3.10/site-packages/openpoints/dataset/semantic_kitti\n'}
[2.079700] (robot_grasping) StdoutLine: {'line': b'copying /home/jetson/vmf/build/robot_grasping/build/lib/openpoints/dataset/grid_sample.py -> /home/jetson/vmf/install/robot_grasping/lib/python3.10/site-packages/openpoints/dataset\n'}
[2.079900] (robot_grasping) StdoutLine: {'line': b'creating /home/jetson/vmf/install/robot_grasping/lib/python3.10/site-packages/openpoints/dataset/molpcba\n'}
[2.080078] (robot_grasping) StdoutLine: {'line': b'copying /home/jetson/vmf/build/robot_grasping/build/lib/openpoints/dataset/molpcba/data.py -> /home/jetson/vmf/install/robot_grasping/lib/python3.10/site-packages/openpoints/dataset/molpcba\n'}
[2.080245] (robot_grasping) StdoutLine: {'line': b'copying /home/jetson/vmf/build/robot_grasping/build/lib/openpoints/dataset/molpcba/__init__.py -> /home/jetson/vmf/install/robot_grasping/lib/python3.10/site-packages/openpoints/dataset/molpcba\n'}
[2.080420] (robot_grasping) StdoutLine: {'line': b'creating /home/jetson/vmf/install/robot_grasping/lib/python3.10/site-packages/openpoints/dataset/scanobjectnn\n'}
[2.080607] (robot_grasping) StdoutLine: {'line': b'copying /home/jetson/vmf/build/robot_grasping/build/lib/openpoints/dataset/scanobjectnn/scanobjectnn.py -> /home/jetson/vmf/install/robot_grasping/lib/python3.10/site-packages/openpoints/dataset/scanobjectnn\n'}
[2.080775] (robot_grasping) StdoutLine: {'line': b'copying /home/jetson/vmf/build/robot_grasping/build/lib/openpoints/dataset/scanobjectnn/__init__.py -> /home/jetson/vmf/install/robot_grasping/lib/python3.10/site-packages/openpoints/dataset/scanobjectnn\n'}
[2.080963] (robot_grasping) StdoutLine: {'line': b'creating /home/jetson/vmf/install/robot_grasping/lib/python3.10/site-packages/openpoints/dataset/molhiv\n'}
[2.081158] (robot_grasping) StdoutLine: {'line': b'copying /home/jetson/vmf/build/robot_grasping/build/lib/openpoints/dataset/molhiv/data.py -> /home/jetson/vmf/install/robot_grasping/lib/python3.10/site-packages/openpoints/dataset/molhiv\n'}
[2.081326] (robot_grasping) StdoutLine: {'line': b'copying /home/jetson/vmf/build/robot_grasping/build/lib/openpoints/dataset/molhiv/__init__.py -> /home/jetson/vmf/install/robot_grasping/lib/python3.10/site-packages/openpoints/dataset/molhiv\n'}
[2.081516] (robot_grasping) StdoutLine: {'line': b'creating /home/jetson/vmf/install/robot_grasping/lib/python3.10/site-packages/openpoints/dataset/parsers\n'}
[2.081700] (robot_grasping) StdoutLine: {'line': b'copying /home/jetson/vmf/build/robot_grasping/build/lib/openpoints/dataset/parsers/parser_factory.py -> /home/jetson/vmf/install/robot_grasping/lib/python3.10/site-packages/openpoints/dataset/parsers\n'}
[2.081867] (robot_grasping) StdoutLine: {'line': b'copying /home/jetson/vmf/build/robot_grasping/build/lib/openpoints/dataset/parsers/parser_image_tar.py -> /home/jetson/vmf/install/robot_grasping/lib/python3.10/site-packages/openpoints/dataset/parsers\n'}
[2.082035] (robot_grasping) StdoutLine: {'line': b'copying /home/jetson/vmf/build/robot_grasping/build/lib/openpoints/dataset/parsers/parser_tfds.py -> /home/jetson/vmf/install/robot_grasping/lib/python3.10/site-packages/openpoints/dataset/parsers\n'}
[2.082216] (robot_grasping) StdoutLine: {'line': b'copying /home/jetson/vmf/build/robot_grasping/build/lib/openpoints/dataset/parsers/parser_image_folder.py -> /home/jetson/vmf/install/robot_grasping/lib/python3.10/site-packages/openpoints/dataset/parsers\n'}
[2.082416] (robot_grasping) StdoutLine: {'line': b'copying /home/jetson/vmf/build/robot_grasping/build/lib/openpoints/dataset/parsers/parser_image_in_tar.py -> /home/jetson/vmf/install/robot_grasping/lib/python3.10/site-packages/openpoints/dataset/parsers\n'}
[2.082600] (robot_grasping) StdoutLine: {'line': b'copying /home/jetson/vmf/build/robot_grasping/build/lib/openpoints/dataset/parsers/constants.py -> /home/jetson/vmf/install/robot_grasping/lib/python3.10/site-packages/openpoints/dataset/parsers\n'}
[2.082766] (robot_grasping) StdoutLine: {'line': b'copying /home/jetson/vmf/build/robot_grasping/build/lib/openpoints/dataset/parsers/parser.py -> /home/jetson/vmf/install/robot_grasping/lib/python3.10/site-packages/openpoints/dataset/parsers\n'}
[2.082973] (robot_grasping) StdoutLine: {'line': b'copying /home/jetson/vmf/build/robot_grasping/build/lib/openpoints/dataset/parsers/class_map.py -> /home/jetson/vmf/install/robot_grasping/lib/python3.10/site-packages/openpoints/dataset/parsers\n'}
[2.083150] (robot_grasping) StdoutLine: {'line': b'copying /home/jetson/vmf/build/robot_grasping/build/lib/openpoints/dataset/parsers/__init__.py -> /home/jetson/vmf/install/robot_grasping/lib/python3.10/site-packages/openpoints/dataset/parsers\n'}
[2.083321] (robot_grasping) StdoutLine: {'line': b'copying /home/jetson/vmf/build/robot_grasping/build/lib/openpoints/dataset/vis3d.py -> /home/jetson/vmf/install/robot_grasping/lib/python3.10/site-packages/openpoints/dataset\n'}
[2.083514] (robot_grasping) StdoutLine: {'line': b'creating /home/jetson/vmf/install/robot_grasping/lib/python3.10/site-packages/openpoints/dataset/scannetv2\n'}
[2.083686] (robot_grasping) StdoutLine: {'line': b'copying /home/jetson/vmf/build/robot_grasping/build/lib/openpoints/dataset/scannetv2/scannet.py -> /home/jetson/vmf/install/robot_grasping/lib/python3.10/site-packages/openpoints/dataset/scannetv2\n'}
[2.083868] (robot_grasping) StdoutLine: {'line': b'copying /home/jetson/vmf/build/robot_grasping/build/lib/openpoints/dataset/scannetv2/__init__.py -> /home/jetson/vmf/install/robot_grasping/lib/python3.10/site-packages/openpoints/dataset/scannetv2\n'}
[2.084037] (robot_grasping) StdoutLine: {'line': b'copying /home/jetson/vmf/build/robot_grasping/build/lib/openpoints/dataset/datalist.py -> /home/jetson/vmf/install/robot_grasping/lib/python3.10/site-packages/openpoints/dataset\n'}
[2.084202] (robot_grasping) StdoutLine: {'line': b'copying /home/jetson/vmf/build/robot_grasping/build/lib/openpoints/dataset/__init__.py -> /home/jetson/vmf/install/robot_grasping/lib/python3.10/site-packages/openpoints/dataset\n'}
[2.084380] (robot_grasping) StdoutLine: {'line': b'copying /home/jetson/vmf/build/robot_grasping/build/lib/openpoints/__init__.py -> /home/jetson/vmf/install/robot_grasping/lib/python3.10/site-packages/openpoints\n'}
[2.084610] (robot_grasping) StdoutLine: {'line': b'creating /home/jetson/vmf/install/robot_grasping/lib/python3.10/site-packages/openpoints/optim\n'}
[2.084837] (robot_grasping) StdoutLine: {'line': b'copying /home/jetson/vmf/build/robot_grasping/build/lib/openpoints/optim/radam.py -> /home/jetson/vmf/install/robot_grasping/lib/python3.10/site-packages/openpoints/optim\n'}
[2.085026] (robot_grasping) StdoutLine: {'line': b'copying /home/jetson/vmf/build/robot_grasping/build/lib/openpoints/optim/adafactor.py -> /home/jetson/vmf/install/robot_grasping/lib/python3.10/site-packages/openpoints/optim\n'}
[2.085214] (robot_grasping) StdoutLine: {'line': b'copying /home/jetson/vmf/build/robot_grasping/build/lib/openpoints/optim/adamw.py -> /home/jetson/vmf/install/robot_grasping/lib/python3.10/site-packages/openpoints/optim\n'}
[2.085385] (robot_grasping) StdoutLine: {'line': b'copying /home/jetson/vmf/build/robot_grasping/build/lib/openpoints/optim/sgdp.py -> /home/jetson/vmf/install/robot_grasping/lib/python3.10/site-packages/openpoints/optim\n'}
[2.085553] (robot_grasping) StdoutLine: {'line': b'copying /home/jetson/vmf/build/robot_grasping/build/lib/openpoints/optim/rmsprop_tf.py -> /home/jetson/vmf/install/robot_grasping/lib/python3.10/site-packages/openpoints/optim\n'}
[2.085720] (robot_grasping) StdoutLine: {'line': b'copying /home/jetson/vmf/build/robot_grasping/build/lib/openpoints/optim/optim_factory.py -> /home/jetson/vmf/install/robot_grasping/lib/python3.10/site-packages/openpoints/optim\n'}
[2.085888] (robot_grasping) StdoutLine: {'line': b'copying /home/jetson/vmf/build/robot_grasping/build/lib/openpoints/optim/lars.py -> /home/jetson/vmf/install/robot_grasping/lib/python3.10/site-packages/openpoints/optim\n'}
[2.086045] (robot_grasping) StdoutLine: {'line': b'copying /home/jetson/vmf/build/robot_grasping/build/lib/openpoints/optim/adahessian.py -> /home/jetson/vmf/install/robot_grasping/lib/python3.10/site-packages/openpoints/optim\n'}
[2.086218] (robot_grasping) StdoutLine: {'line': b'copying /home/jetson/vmf/build/robot_grasping/build/lib/openpoints/optim/lookahead.py -> /home/jetson/vmf/install/robot_grasping/lib/python3.10/site-packages/openpoints/optim\n'}
[2.086397] (robot_grasping) StdoutLine: {'line': b'copying /home/jetson/vmf/build/robot_grasping/build/lib/openpoints/optim/nadam.py -> /home/jetson/vmf/install/robot_grasping/lib/python3.10/site-packages/openpoints/optim\n'}
[2.086588] (robot_grasping) StdoutLine: {'line': b'copying /home/jetson/vmf/build/robot_grasping/build/lib/openpoints/optim/adamp.py -> /home/jetson/vmf/install/robot_grasping/lib/python3.10/site-packages/openpoints/optim\n'}
[2.086740] (robot_grasping) StdoutLine: {'line': b'copying /home/jetson/vmf/build/robot_grasping/build/lib/openpoints/optim/adabelief.py -> /home/jetson/vmf/install/robot_grasping/lib/python3.10/site-packages/openpoints/optim\n'}
[2.086926] (robot_grasping) StdoutLine: {'line': b'copying /home/jetson/vmf/build/robot_grasping/build/lib/openpoints/optim/lamb.py -> /home/jetson/vmf/install/robot_grasping/lib/python3.10/site-packages/openpoints/optim\n'}
[2.087117] (robot_grasping) StdoutLine: {'line': b'copying /home/jetson/vmf/build/robot_grasping/build/lib/openpoints/optim/__init__.py -> /home/jetson/vmf/install/robot_grasping/lib/python3.10/site-packages/openpoints/optim\n'}
[2.087287] (robot_grasping) StdoutLine: {'line': b'copying /home/jetson/vmf/build/robot_grasping/build/lib/openpoints/optim/madgrad.py -> /home/jetson/vmf/install/robot_grasping/lib/python3.10/site-packages/openpoints/optim\n'}
[2.087476] (robot_grasping) StdoutLine: {'line': b'copying /home/jetson/vmf/build/robot_grasping/build/lib/openpoints/optim/nvnovograd.py -> /home/jetson/vmf/install/robot_grasping/lib/python3.10/site-packages/openpoints/optim\n'}
[2.088691] (robot_grasping) StdoutLine: {'line': b'byte-compiling /home/jetson/vmf/install/robot_grasping/lib/python3.10/site-packages/active_grasp/baselines.py to baselines.cpython-310.pyc\n'}
[2.089770] (robot_grasping) StdoutLine: {'line': b'byte-compiling /home/jetson/vmf/install/robot_grasping/lib/python3.10/site-packages/active_grasp/timer.py to timer.cpython-310.pyc\n'}
[2.090334] (robot_grasping) StdoutLine: {'line': b'byte-compiling /home/jetson/vmf/install/robot_grasping/lib/python3.10/site-packages/active_grasp/policy.py to policy.cpython-310.pyc\n'}
[2.092271] (robot_grasping) StdoutLine: {'line': b'byte-compiling /home/jetson/vmf/install/robot_grasping/lib/python3.10/site-packages/active_grasp/networks.py to networks.cpython-310.pyc\n'}
[2.094015] (robot_grasping) StdoutLine: {'line': b'byte-compiling /home/jetson/vmf/install/robot_grasping/lib/python3.10/site-packages/active_grasp/spatial.py to spatial.cpython-310.pyc\n'}
[2.096699] (robot_grasping) StdoutLine: {'line': b'byte-compiling /home/jetson/vmf/install/robot_grasping/lib/python3.10/site-packages/active_grasp/bbox.py to bbox.cpython-310.pyc\n'}
[2.097243] (robot_grasping) StdoutLine: {'line': b'byte-compiling /home/jetson/vmf/install/robot_grasping/lib/python3.10/site-packages/active_grasp/nbv.py to nbv.cpython-310.pyc\n'}
[2.099161] (robot_grasping) StdoutLine: {'line': b'byte-compiling /home/jetson/vmf/install/robot_grasping/lib/python3.10/site-packages/active_grasp/vlm_policy.py to vlm_policy.cpython-310.pyc\n'}
[2.101935] (robot_grasping) StdoutLine: {'line': b'byte-compiling /home/jetson/vmf/install/robot_grasping/lib/python3.10/site-packages/active_grasp/perception.py to perception.cpython-310.pyc\n'}
[2.102677] (robot_grasping) StdoutLine: {'line': b'byte-compiling /home/jetson/vmf/install/robot_grasping/lib/python3.10/site-packages/active_grasp/__init__.py to __init__.cpython-310.pyc\n'}
[2.103114] (robot_grasping) StdoutLine: {'line': b'byte-compiling /home/jetson/vmf/install/robot_grasping/lib/python3.10/site-packages/vmf_contact_main/train.py to train.cpython-310.pyc\n'}
[2.105438] (robot_grasping) StdoutLine: {'line': b'byte-compiling /home/jetson/vmf/install/robot_grasping/lib/python3.10/site-packages/vmf_contact_main/vmf_contact/datasets/_utils/transforms.py to transforms.cpython-310.pyc\n'}
[2.106168] (robot_grasping) StdoutLine: {'line': b'byte-compiling /home/jetson/vmf/install/robot_grasping/lib/python3.10/site-packages/vmf_contact_main/vmf_contact/datasets/_utils/_registry.py to _registry.cpython-310.pyc\n'}
[2.106646] (robot_grasping) StdoutLine: {'line': b'byte-compiling /home/jetson/vmf/install/robot_grasping/lib/python3.10/site-packages/vmf_contact_main/vmf_contact/datasets/_utils/split.py to split.cpython-310.pyc\n'}
[2.107459] (robot_grasping) StdoutLine: {'line': b'byte-compiling /home/jetson/vmf/install/robot_grasping/lib/python3.10/site-packages/vmf_contact_main/vmf_contact/datasets/_utils/_base.py to _base.cpython-310.pyc\n'}
[2.108548] (robot_grasping) StdoutLine: {'line': b'byte-compiling /home/jetson/vmf/install/robot_grasping/lib/python3.10/site-packages/vmf_contact_main/vmf_contact/datasets/_utils/__init__.py to __init__.cpython-310.pyc\n'}
[2.108913] (robot_grasping) StdoutLine: {'line': b'byte-compiling /home/jetson/vmf/install/robot_grasping/lib/python3.10/site-packages/vmf_contact_main/vmf_contact/datasets/pointcloud_process.py to pointcloud_process.cpython-310.pyc\n'}
[2.109678] (-) TimerEvent: {}
[2.110155] (robot_grasping) StdoutLine: {'line': b'byte-compiling /home/jetson/vmf/install/robot_grasping/lib/python3.10/site-packages/vmf_contact_main/vmf_contact/datasets/dataset.py to dataset.cpython-310.pyc\n'}
[2.112929] (robot_grasping) StdoutLine: {'line': b'byte-compiling /home/jetson/vmf/install/robot_grasping/lib/python3.10/site-packages/vmf_contact_main/vmf_contact/datasets/mgn.py to mgn.cpython-310.pyc\n'}
[2.114396] (robot_grasping) StdoutLine: {'line': b'byte-compiling /home/jetson/vmf/install/robot_grasping/lib/python3.10/site-packages/vmf_contact_main/vmf_contact/datasets/__init__.py to __init__.cpython-310.pyc\n'}
[2.114772] (robot_grasping) StdoutLine: {'line': b'byte-compiling /home/jetson/vmf/install/robot_grasping/lib/python3.10/site-packages/vmf_contact_main/vmf_contact/metrics/ausc_ause.py to ausc_ause.cpython-310.pyc\n'}
[2.116674] (robot_grasping) StdoutLine: {'line': b'byte-compiling /home/jetson/vmf/install/robot_grasping/lib/python3.10/site-packages/vmf_contact_main/vmf_contact/metrics/aucpr.py to aucpr.cpython-310.pyc\n'}
[2.117299] (robot_grasping) StdoutLine: {'line': b'byte-compiling /home/jetson/vmf/install/robot_grasping/lib/python3.10/site-packages/vmf_contact_main/vmf_contact/metrics/brier.py to brier.cpython-310.pyc\n'}
[2.117914] (robot_grasping) StdoutLine: {'line': b'byte-compiling /home/jetson/vmf/install/robot_grasping/lib/python3.10/site-packages/vmf_contact_main/vmf_contact/metrics/__init__.py to __init__.cpython-310.pyc\n'}
[2.118275] (robot_grasping) StdoutLine: {'line': b'byte-compiling /home/jetson/vmf/install/robot_grasping/lib/python3.10/site-packages/vmf_contact_main/vmf_contact/model/estimator.py to estimator.cpython-310.pyc\n'}
[2.120597] (robot_grasping) StdoutLine: {'line': b'byte-compiling /home/jetson/vmf/install/robot_grasping/lib/python3.10/site-packages/vmf_contact_main/vmf_contact/model/lightning_module_flow.py to lightning_module_flow.cpython-310.pyc\n'}
[2.121984] (robot_grasping) StdoutLine: {'line': b'byte-compiling /home/jetson/vmf/install/robot_grasping/lib/python3.10/site-packages/vmf_contact_main/vmf_contact/model/lightning_module.py to lightning_module.cpython-310.pyc\n'}
[2.126445] (robot_grasping) StdoutLine: {'line': b'byte-compiling /home/jetson/vmf/install/robot_grasping/lib/python3.10/site-packages/vmf_contact_main/vmf_contact/model/grasp_buffer.py to grasp_buffer.cpython-310.pyc\n'}
[2.131292] (robot_grasping) StdoutLine: {'line': b'byte-compiling /home/jetson/vmf/install/robot_grasping/lib/python3.10/site-packages/vmf_contact_main/vmf_contact/model/utils.py to utils.cpython-310.pyc\n'}
[2.146428] (robot_grasping) StdoutLine: {'line': b'byte-compiling /home/jetson/vmf/install/robot_grasping/lib/python3.10/site-packages/vmf_contact_main/vmf_contact/model/__init__.py to __init__.cpython-310.pyc\n'}
[2.147034] (robot_grasping) StdoutLine: {'line': b'byte-compiling /home/jetson/vmf/install/robot_grasping/lib/python3.10/site-packages/vmf_contact_main/vmf_contact/__init__.py to __init__.cpython-310.pyc\n'}
[2.147300] (robot_grasping) StdoutLine: {'line': b'byte-compiling /home/jetson/vmf/install/robot_grasping/lib/python3.10/site-packages/vmf_contact_main/vmf_contact/nn/position_encodings.py to position_encodings.cpython-310.pyc\n'}
[2.147487] (robot_grasping) StdoutLine: {'line': b'byte-compiling /home/jetson/vmf/install/robot_grasping/lib/python3.10/site-packages/vmf_contact_main/vmf_contact/nn/util.py to util.cpython-310.pyc\n'}
[2.147651] (robot_grasping) StdoutLine: {'line': b'byte-compiling /home/jetson/vmf/install/robot_grasping/lib/python3.10/site-packages/vmf_contact_main/vmf_contact/nn/attention.py to attention.cpython-310.pyc\n'}
[2.150459] (robot_grasping) StdoutLine: {'line': b'byte-compiling /home/jetson/vmf/install/robot_grasping/lib/python3.10/site-packages/vmf_contact_main/vmf_contact/nn/scaler.py to scaler.cpython-310.pyc\n'}
[2.151046] (robot_grasping) StdoutLine: {'line': b'byte-compiling /home/jetson/vmf/install/robot_grasping/lib/python3.10/site-packages/vmf_contact_main/vmf_contact/nn/network.py to network.cpython-310.pyc\n'}
[2.154504] (robot_grasping) StdoutLine: {'line': b'byte-compiling /home/jetson/vmf/install/robot_grasping/lib/python3.10/site-packages/vmf_contact_main/vmf_contact/nn/output/normal.py to normal.cpython-310.pyc\n'}
[2.161294] (robot_grasping) StdoutLine: {'line': b'byte-compiling /home/jetson/vmf/install/robot_grasping/lib/python3.10/site-packages/vmf_contact_main/vmf_contact/nn/output/ps.py to ps.cpython-310.pyc\n'}
[2.161709] (robot_grasping) StdoutLine: {'line': b'byte-compiling /home/jetson/vmf/install/robot_grasping/lib/python3.10/site-packages/vmf_contact_main/vmf_contact/nn/output/normal_multi.py to normal_multi.cpython-310.pyc\n'}
[2.162025] (robot_grasping) StdoutLine: {'line': b'byte-compiling /home/jetson/vmf/install/robot_grasping/lib/python3.10/site-packages/vmf_contact_main/vmf_contact/nn/output/_base.py to _base.cpython-310.pyc\n'}
[2.162293] (robot_grasping) StdoutLine: {'line': b'byte-compiling /home/jetson/vmf/install/robot_grasping/lib/python3.10/site-packages/vmf_contact_main/vmf_contact/nn/output/vmf.py to vmf.cpython-310.pyc\n'}
[2.179004] (robot_grasping) StdoutLine: {'line': b'byte-compiling /home/jetson/vmf/install/robot_grasping/lib/python3.10/site-packages/vmf_contact_main/vmf_contact/nn/output/__init__.py to __init__.cpython-310.pyc\n'}
[2.179416] (robot_grasping) StdoutLine: {'line': b'byte-compiling /home/jetson/vmf/install/robot_grasping/lib/python3.10/site-packages/vmf_contact_main/vmf_contact/nn/uncertainty_estimator.py to uncertainty_estimator.cpython-310.pyc\n'}
[2.179587] (robot_grasping) StdoutLine: {'line': b'byte-compiling /home/jetson/vmf/install/robot_grasping/lib/python3.10/site-packages/vmf_contact_main/vmf_contact/nn/loss.py to loss.cpython-310.pyc\n'}
[2.179723] (robot_grasping) StdoutLine: {'line': b'byte-compiling /home/jetson/vmf/install/robot_grasping/lib/python3.10/site-packages/vmf_contact_main/vmf_contact/nn/pointr.py to pointr.cpython-310.pyc\n'}
[2.179849] (robot_grasping) StdoutLine: {'line': b'byte-compiling /home/jetson/vmf/install/robot_grasping/lib/python3.10/site-packages/vmf_contact_main/vmf_contact/nn/multihead_custom_attention.py to multihead_custom_attention.cpython-310.pyc\n'}
[2.180014] (robot_grasping) StdoutLine: {'line': b'byte-compiling /home/jetson/vmf/install/robot_grasping/lib/python3.10/site-packages/vmf_contact_main/vmf_contact/nn/__init__.py to __init__.cpython-310.pyc\n'}
[2.180140] (robot_grasping) StdoutLine: {'line': b'byte-compiling /home/jetson/vmf/install/robot_grasping/lib/python3.10/site-packages/vmf_contact_main/test.py to test.cpython-310.pyc\n'}
[2.180263] (robot_grasping) StdoutLine: {'line': b'byte-compiling /home/jetson/vmf/install/robot_grasping/lib/python3.10/site-packages/vmf_contact_main/remote_agent.py to remote_agent.cpython-310.pyc\n'}
[2.180525] (robot_grasping) StdoutLine: {'line': b'byte-compiling /home/jetson/vmf/install/robot_grasping/lib/python3.10/site-packages/vmf_contact_main/openpoints/cpp/emd/setup.py to setup.cpython-310.pyc\n'}
[2.182171] (robot_grasping) StdoutLine: {'line': b'byte-compiling /home/jetson/vmf/install/robot_grasping/lib/python3.10/site-packages/vmf_contact_main/openpoints/cpp/emd/test_emd_loss.py to test_emd_loss.cpython-310.pyc\n'}
[2.182444] (robot_grasping) StdoutLine: {'line': b'byte-compiling /home/jetson/vmf/install/robot_grasping/lib/python3.10/site-packages/vmf_contact_main/openpoints/cpp/emd/emd.py to emd.cpython-310.pyc\n'}
[2.182775] (robot_grasping) StdoutLine: {'line': b'byte-compiling /home/jetson/vmf/install/robot_grasping/lib/python3.10/site-packages/vmf_contact_main/openpoints/cpp/emd/__init__.py to __init__.cpython-310.pyc\n'}
[2.183055] (robot_grasping) StdoutLine: {'line': b'byte-compiling /home/jetson/vmf/install/robot_grasping/lib/python3.10/site-packages/vmf_contact_main/openpoints/cpp/chamfer_dist/setup.py to setup.cpython-310.pyc\n'}
[2.183492] (robot_grasping) StdoutLine: {'line': b'byte-compiling /home/jetson/vmf/install/robot_grasping/lib/python3.10/site-packages/vmf_contact_main/openpoints/cpp/chamfer_dist/test.py to test.cpython-310.pyc\n'}
[2.184079] (robot_grasping) StdoutLine: {'line': b'byte-compiling /home/jetson/vmf/install/robot_grasping/lib/python3.10/site-packages/vmf_contact_main/openpoints/cpp/chamfer_dist/__init__.py to __init__.cpython-310.pyc\n'}
[2.185262] (robot_grasping) StdoutLine: {'line': b'byte-compiling /home/jetson/vmf/install/robot_grasping/lib/python3.10/site-packages/vmf_contact_main/openpoints/cpp/pointops/setup.py to setup.cpython-310.pyc\n'}
[2.185906] (robot_grasping) StdoutLine: {'line': b'byte-compiling /home/jetson/vmf/install/robot_grasping/lib/python3.10/site-packages/vmf_contact_main/openpoints/cpp/pointops/functions/pointops.py to pointops.cpython-310.pyc\n'}
[2.189400] (robot_grasping) StdoutLine: {'line': b'byte-compiling /home/jetson/vmf/install/robot_grasping/lib/python3.10/site-packages/vmf_contact_main/openpoints/cpp/pointops/functions/__init__.py to __init__.cpython-310.pyc\n'}
[2.189780] (robot_grasping) StdoutLine: {'line': b'byte-compiling /home/jetson/vmf/install/robot_grasping/lib/python3.10/site-packages/vmf_contact_main/openpoints/cpp/pointops/src/__init__.py to __init__.cpython-310.pyc\n'}
[2.190056] (robot_grasping) StdoutLine: {'line': b'byte-compiling /home/jetson/vmf/install/robot_grasping/lib/python3.10/site-packages/vmf_contact_main/openpoints/cpp/pointops/__init__.py to __init__.cpython-310.pyc\n'}
[2.190303] (robot_grasping) StdoutLine: {'line': b'byte-compiling /home/jetson/vmf/install/robot_grasping/lib/python3.10/site-packages/vmf_contact_main/openpoints/cpp/pointnet2_batch/setup.py to setup.cpython-310.pyc\n'}
[2.190670] (robot_grasping) StdoutLine: {'line': b'byte-compiling /home/jetson/vmf/install/robot_grasping/lib/python3.10/site-packages/vmf_contact_main/openpoints/cpp/pointnet2_batch/__init__.py to __init__.cpython-310.pyc\n'}
[2.191019] (robot_grasping) StdoutLine: {'line': b'byte-compiling /home/jetson/vmf/install/robot_grasping/lib/python3.10/site-packages/vmf_contact_main/openpoints/cpp/__init__.py to __init__.cpython-310.pyc\n'}
[2.191451] (robot_grasping) StdoutLine: {'line': b'byte-compiling /home/jetson/vmf/install/robot_grasping/lib/python3.10/site-packages/vmf_contact_main/openpoints/transforms/transforms_factory.py to transforms_factory.cpython-310.pyc\n'}
[2.192458] (robot_grasping) StdoutLine: {'line': b'byte-compiling /home/jetson/vmf/install/robot_grasping/lib/python3.10/site-packages/vmf_contact_main/openpoints/transforms/point_transform_cpu.py to point_transform_cpu.cpython-310.pyc\n'}
[2.196873] (robot_grasping) StdoutLine: {'line': b'byte-compiling /home/jetson/vmf/install/robot_grasping/lib/python3.10/site-packages/vmf_contact_main/openpoints/transforms/point_transformer_gpu.py to point_transformer_gpu.cpython-310.pyc\n'}
[2.201736] (robot_grasping) StdoutLine: {'line': b'byte-compiling /home/jetson/vmf/install/robot_grasping/lib/python3.10/site-packages/vmf_contact_main/openpoints/transforms/__init__.py to __init__.cpython-310.pyc\n'}
[2.202144] (robot_grasping) StdoutLine: {'line': b'byte-compiling /home/jetson/vmf/install/robot_grasping/lib/python3.10/site-packages/vmf_contact_main/openpoints/utils/wandb.py to wandb.cpython-310.pyc\n'}
[2.203464] (robot_grasping) StdoutLine: {'line': b'byte-compiling /home/jetson/vmf/install/robot_grasping/lib/python3.10/site-packages/vmf_contact_main/openpoints/utils/dist_utils.py to dist_utils.cpython-310.pyc\n'}
[2.204375] (robot_grasping) StdoutLine: {'line': b'byte-compiling /home/jetson/vmf/install/robot_grasping/lib/python3.10/site-packages/vmf_contact_main/openpoints/utils/registry.py to registry.cpython-310.pyc\n'}
[2.206555] (robot_grasping) StdoutLine: {'line': b'byte-compiling /home/jetson/vmf/install/robot_grasping/lib/python3.10/site-packages/vmf_contact_main/openpoints/utils/metrics.py to metrics.cpython-310.pyc\n'}
[2.209879] (-) TimerEvent: {}
[2.210271] (robot_grasping) StdoutLine: {'line': b'byte-compiling /home/jetson/vmf/install/robot_grasping/lib/python3.10/site-packages/vmf_contact_main/openpoints/utils/config.py to config.cpython-310.pyc\n'}
[2.211602] (robot_grasping) StdoutLine: {'line': b'byte-compiling /home/jetson/vmf/install/robot_grasping/lib/python3.10/site-packages/vmf_contact_main/openpoints/utils/ckpt_util.py to ckpt_util.cpython-310.pyc\n'}
[2.215982] (robot_grasping) StdoutLine: {'line': b'byte-compiling /home/jetson/vmf/install/robot_grasping/lib/python3.10/site-packages/vmf_contact_main/openpoints/utils/random.py to random.cpython-310.pyc\n'}
[2.216475] (robot_grasping) StdoutLine: {'line': b'byte-compiling /home/jetson/vmf/install/robot_grasping/lib/python3.10/site-packages/vmf_contact_main/openpoints/utils/str2bool.py to str2bool.cpython-310.pyc\n'}
[2.216986] (robot_grasping) StdoutLine: {'line': b'byte-compiling /home/jetson/vmf/install/robot_grasping/lib/python3.10/site-packages/vmf_contact_main/openpoints/utils/__init__.py to __init__.cpython-310.pyc\n'}
[2.217383] (robot_grasping) StdoutLine: {'line': b'byte-compiling /home/jetson/vmf/install/robot_grasping/lib/python3.10/site-packages/vmf_contact_main/openpoints/utils/logger.py to logger.cpython-310.pyc\n'}
[2.219305] (robot_grasping) StdoutLine: {'line': b'byte-compiling /home/jetson/vmf/install/robot_grasping/lib/python3.10/site-packages/vmf_contact_main/openpoints/models/reconstruction/maskedpoint.py to maskedpoint.cpython-310.pyc\n'}
[2.220663] (robot_grasping) StdoutLine: {'line': b'byte-compiling /home/jetson/vmf/install/robot_grasping/lib/python3.10/site-packages/vmf_contact_main/openpoints/models/reconstruction/base_recontruct.py to base_recontruct.cpython-310.pyc\n'}
[2.223512] (robot_grasping) StdoutLine: {'line': b'byte-compiling /home/jetson/vmf/install/robot_grasping/lib/python3.10/site-packages/vmf_contact_main/openpoints/models/reconstruction/nodeshuffle.py to nodeshuffle.cpython-310.pyc\n'}
[2.223901] (robot_grasping) StdoutLine: {'line': b'byte-compiling /home/jetson/vmf/install/robot_grasping/lib/python3.10/site-packages/vmf_contact_main/openpoints/models/reconstruction/maskedpointvit.py to maskedpointvit.cpython-310.pyc\n'}
[2.226337] (robot_grasping) StdoutLine: {'line': b'byte-compiling /home/jetson/vmf/install/robot_grasping/lib/python3.10/site-packages/vmf_contact_main/openpoints/models/reconstruction/maskedpointgroup.py to maskedpointgroup.cpython-310.pyc\n'}
[2.228091] (robot_grasping) StdoutLine: {'line': b'byte-compiling /home/jetson/vmf/install/robot_grasping/lib/python3.10/site-packages/vmf_contact_main/openpoints/models/reconstruction/__init__.py to __init__.cpython-310.pyc\n'}
[2.228469] (robot_grasping) StdoutLine: {'line': b'byte-compiling /home/jetson/vmf/install/robot_grasping/lib/python3.10/site-packages/vmf_contact_main/openpoints/models/grasp/vit_grasp.py to vit_grasp.cpython-310.pyc\n'}
[2.229756] (robot_grasping) StdoutLine: {'line': b'byte-compiling /home/jetson/vmf/install/robot_grasping/lib/python3.10/site-packages/vmf_contact_main/openpoints/models/grasp/base_grasp.py to base_grasp.cpython-310.pyc\n'}
[2.232427] (robot_grasping) StdoutLine: {'line': b'byte-compiling /home/jetson/vmf/install/robot_grasping/lib/python3.10/site-packages/vmf_contact_main/openpoints/models/grasp/__init__.py to __init__.cpython-310.pyc\n'}
[2.232793] (robot_grasping) StdoutLine: {'line': b'byte-compiling /home/jetson/vmf/install/robot_grasping/lib/python3.10/site-packages/vmf_contact_main/openpoints/models/classification/cls_base.py to cls_base.cpython-310.pyc\n'}
[2.234811] (robot_grasping) StdoutLine: {'line': b'byte-compiling /home/jetson/vmf/install/robot_grasping/lib/python3.10/site-packages/vmf_contact_main/openpoints/models/classification/point_bert.py to point_bert.cpython-310.pyc\n'}
[2.236774] (robot_grasping) StdoutLine: {'line': b'byte-compiling /home/jetson/vmf/install/robot_grasping/lib/python3.10/site-packages/vmf_contact_main/openpoints/models/classification/__init__.py to __init__.cpython-310.pyc\n'}
[2.238007] (robot_grasping) StdoutLine: {'line': b'byte-compiling /home/jetson/vmf/install/robot_grasping/lib/python3.10/site-packages/vmf_contact_main/openpoints/models/build.py to build.cpython-310.pyc\n'}
[2.238523] (robot_grasping) StdoutLine: {'line': b'byte-compiling /home/jetson/vmf/install/robot_grasping/lib/python3.10/site-packages/vmf_contact_main/openpoints/models/registry.py to registry.cpython-310.pyc\n'}
[2.239180] (robot_grasping) StdoutLine: {'line': b'byte-compiling /home/jetson/vmf/install/robot_grasping/lib/python3.10/site-packages/vmf_contact_main/openpoints/models/layers/graph_conv.py to graph_conv.cpython-310.pyc\n'}
[2.240933] (robot_grasping) StdoutLine: {'line': b'byte-compiling /home/jetson/vmf/install/robot_grasping/lib/python3.10/site-packages/vmf_contact_main/openpoints/models/layers/attention.py to attention.cpython-310.pyc\n'}
[2.242550] (robot_grasping) StdoutLine: {'line': b'byte-compiling /home/jetson/vmf/install/robot_grasping/lib/python3.10/site-packages/vmf_contact_main/openpoints/models/layers/weight_init.py to weight_init.cpython-310.pyc\n'}
[2.243615] (robot_grasping) StdoutLine: {'line': b'byte-compiling /home/jetson/vmf/install/robot_grasping/lib/python3.10/site-packages/vmf_contact_main/openpoints/models/layers/patch_embed.py to patch_embed.cpython-310.pyc\n'}
[2.244288] (robot_grasping) StdoutLine: {'line': b'byte-compiling /home/jetson/vmf/install/robot_grasping/lib/python3.10/site-packages/vmf_contact_main/openpoints/models/layers/local_aggregation.py to local_aggregation.cpython-310.pyc\n'}
[2.247131] (robot_grasping) StdoutLine: {'line': b'byte-compiling /home/jetson/vmf/install/robot_grasping/lib/python3.10/site-packages/vmf_contact_main/openpoints/models/layers/knn.py to knn.cpython-310.pyc\n'}
[2.248222] (robot_grasping) StdoutLine: {'line': b'byte-compiling /home/jetson/vmf/install/robot_grasping/lib/python3.10/site-packages/vmf_contact_main/openpoints/models/layers/activation.py to activation.cpython-310.pyc\n'}
[2.248959] (robot_grasping) StdoutLine: {'line': b'byte-compiling /home/jetson/vmf/install/robot_grasping/lib/python3.10/site-packages/vmf_contact_main/openpoints/models/layers/helpers.py to helpers.cpython-310.pyc\n'}
[2.249655] (robot_grasping) StdoutLine: {'line': b'byte-compiling /home/jetson/vmf/install/robot_grasping/lib/python3.10/site-packages/vmf_contact_main/openpoints/models/layers/registry.py to registry.cpython-310.pyc\n'}
[2.251387] (robot_grasping) StdoutLine: {'line': b'byte-compiling /home/jetson/vmf/install/robot_grasping/lib/python3.10/site-packages/vmf_contact_main/openpoints/models/layers/group_embed.py to group_embed.cpython-310.pyc\n'}
[2.254559] (robot_grasping) StdoutLine: {'line': b'byte-compiling /home/jetson/vmf/install/robot_grasping/lib/python3.10/site-packages/vmf_contact_main/openpoints/models/layers/padding.py to padding.cpython-310.pyc\n'}
[2.255474] (robot_grasping) StdoutLine: {'line': b'byte-compiling /home/jetson/vmf/install/robot_grasping/lib/python3.10/site-packages/vmf_contact_main/openpoints/models/layers/group.py to group.cpython-310.pyc\n'}
[2.259114] (robot_grasping) StdoutLine: {'line': b'byte-compiling /home/jetson/vmf/install/robot_grasping/lib/python3.10/site-packages/vmf_contact_main/openpoints/models/layers/norm.py to norm.cpython-310.pyc\n'}
[2.260393] (robot_grasping) StdoutLine: {'line': b'byte-compiling /home/jetson/vmf/install/robot_grasping/lib/python3.10/site-packages/vmf_contact_main/openpoints/models/layers/mlp.py to mlp.cpython-310.pyc\n'}
[2.261870] (robot_grasping) StdoutLine: {'line': b'byte-compiling /home/jetson/vmf/install/robot_grasping/lib/python3.10/site-packages/vmf_contact_main/openpoints/models/layers/conv.py to conv.cpython-310.pyc\n'}
[2.263994] (robot_grasping) StdoutLine: {'line': b'byte-compiling /home/jetson/vmf/install/robot_grasping/lib/python3.10/site-packages/vmf_contact_main/openpoints/models/layers/subsample.py to subsample.cpython-310.pyc\n'}
[2.265823] (robot_grasping) StdoutLine: {'line': b'byte-compiling /home/jetson/vmf/install/robot_grasping/lib/python3.10/site-packages/vmf_contact_main/openpoints/models/layers/kmeans.py to kmeans.cpython-310.pyc\n'}
[2.267138] (robot_grasping) StdoutLine: {'line': b'byte-compiling /home/jetson/vmf/install/robot_grasping/lib/python3.10/site-packages/vmf_contact_main/openpoints/models/layers/upsampling.py to upsampling.cpython-310.pyc\n'}
[2.268305] (robot_grasping) StdoutLine: {'line': b'byte-compiling /home/jetson/vmf/install/robot_grasping/lib/python3.10/site-packages/vmf_contact_main/openpoints/models/layers/__init__.py to __init__.cpython-310.pyc\n'}
[2.268777] (robot_grasping) StdoutLine: {'line': b'byte-compiling /home/jetson/vmf/install/robot_grasping/lib/python3.10/site-packages/vmf_contact_main/openpoints/models/layers/drop.py to drop.cpython-310.pyc\n'}
[2.270564] (robot_grasping) StdoutLine: {'line': b'byte-compiling /home/jetson/vmf/install/robot_grasping/lib/python3.10/site-packages/vmf_contact_main/openpoints/models/backbone/spotr.py to spotr.cpython-310.pyc\n'}
[2.278663] (robot_grasping) StdoutLine: {'line': b'byte-compiling /home/jetson/vmf/install/robot_grasping/lib/python3.10/site-packages/vmf_contact_main/openpoints/models/backbone/Stratified_transformer.py to Stratified_transformer.cpython-310.pyc\n'}
[2.285445] (robot_grasping) StdoutLine: {'line': b'byte-compiling /home/jetson/vmf/install/robot_grasping/lib/python3.10/site-packages/vmf_contact_main/openpoints/models/backbone/graphvit3d.py to graphvit3d.cpython-310.pyc\n'}
[2.287063] (robot_grasping) StdoutLine: {'line': b'byte-compiling /home/jetson/vmf/install/robot_grasping/lib/python3.10/site-packages/vmf_contact_main/openpoints/models/backbone/randlenet.py to randlenet.cpython-310.pyc\n'}
[2.289390] (robot_grasping) StdoutLine: {'line': b'byte-compiling /home/jetson/vmf/install/robot_grasping/lib/python3.10/site-packages/vmf_contact_main/openpoints/models/backbone/simpleview.py to simpleview.cpython-310.pyc\n'}
[2.290999] (robot_grasping) StdoutLine: {'line': b'byte-compiling /home/jetson/vmf/install/robot_grasping/lib/python3.10/site-packages/vmf_contact_main/openpoints/models/backbone/baafnet.py to baafnet.cpython-310.pyc\n'}
[2.294927] (robot_grasping) StdoutLine: {'line': b'byte-compiling /home/jetson/vmf/install/robot_grasping/lib/python3.10/site-packages/vmf_contact_main/openpoints/models/backbone/deepgcn.py to deepgcn.cpython-310.pyc\n'}
[2.296846] (robot_grasping) StdoutLine: {'line': b'byte-compiling /home/jetson/vmf/install/robot_grasping/lib/python3.10/site-packages/vmf_contact_main/openpoints/models/backbone/grouppointnet.py to grouppointnet.cpython-310.pyc\n'}
[2.298147] (robot_grasping) StdoutLine: {'line': b'byte-compiling /home/jetson/vmf/install/robot_grasping/lib/python3.10/site-packages/vmf_contact_main/openpoints/models/backbone/simpleview_util.py to simpleview_util.cpython-310.pyc\n'}
[2.300700] (robot_grasping) StdoutLine: {'line': b'byte-compiling /home/jetson/vmf/install/robot_grasping/lib/python3.10/site-packages/vmf_contact_main/openpoints/models/backbone/pointvit.py to pointvit.cpython-310.pyc\n'}
[2.305153] (robot_grasping) StdoutLine: {'line': b'byte-compiling /home/jetson/vmf/install/robot_grasping/lib/python3.10/site-packages/vmf_contact_main/openpoints/models/backbone/dgcnn.py to dgcnn.cpython-310.pyc\n'}
[2.306750] (robot_grasping) StdoutLine: {'line': b'byte-compiling /home/jetson/vmf/install/robot_grasping/lib/python3.10/site-packages/vmf_contact_main/openpoints/models/backbone/ball_dgcnn.py to ball_dgcnn.cpython-310.pyc\n'}
[2.308446] (robot_grasping) StdoutLine: {'line': b'byte-compiling /home/jetson/vmf/install/robot_grasping/lib/python3.10/site-packages/vmf_contact_main/openpoints/models/backbone/pointnextPyG.py to pointnextPyG.cpython-310.pyc\n'}
[2.309950] (-) TimerEvent: {}
[2.313957] (robot_grasping) StdoutLine: {'line': b'byte-compiling /home/jetson/vmf/install/robot_grasping/lib/python3.10/site-packages/vmf_contact_main/openpoints/models/backbone/pointvit_inv_old.py to pointvit_inv_old.cpython-310.pyc\n'}
[2.322106] (robot_grasping) StdoutLine: {'line': b'byte-compiling /home/jetson/vmf/install/robot_grasping/lib/python3.10/site-packages/vmf_contact_main/openpoints/models/backbone/pointvector.py to pointvector.cpython-310.pyc\n'}
[2.331568] (robot_grasping) StdoutLine: {'line': b'byte-compiling /home/jetson/vmf/install/robot_grasping/lib/python3.10/site-packages/vmf_contact_main/openpoints/models/backbone/pointmlp.py to pointmlp.cpython-310.pyc\n'}
[2.335675] (robot_grasping) StdoutLine: {'line': b'byte-compiling /home/jetson/vmf/install/robot_grasping/lib/python3.10/site-packages/vmf_contact_main/openpoints/models/backbone/pointnet.py to pointnet.cpython-310.pyc\n'}
[2.338060] (robot_grasping) StdoutLine: {'line': b'byte-compiling /home/jetson/vmf/install/robot_grasping/lib/python3.10/site-packages/vmf_contact_main/openpoints/models/backbone/pct.py to pct.cpython-310.pyc\n'}
[2.340137] (robot_grasping) StdoutLine: {'line': b'byte-compiling /home/jetson/vmf/install/robot_grasping/lib/python3.10/site-packages/vmf_contact_main/openpoints/models/backbone/debug_invvit.py to debug_invvit.cpython-310.pyc\n'}
[2.341602] (robot_grasping) StdoutLine: {'line': b'byte-compiling /home/jetson/vmf/install/robot_grasping/lib/python3.10/site-packages/vmf_contact_main/openpoints/models/backbone/pointnext.py to pointnext.cpython-310.pyc\n'}
[2.348564] (robot_grasping) StdoutLine: {'line': b'byte-compiling /home/jetson/vmf/install/robot_grasping/lib/python3.10/site-packages/vmf_contact_main/openpoints/models/backbone/curvenet.py to curvenet.cpython-310.pyc\n'}
[2.355596] (robot_grasping) StdoutLine: {'line': b'byte-compiling /home/jetson/vmf/install/robot_grasping/lib/python3.10/site-packages/vmf_contact_main/openpoints/models/backbone/pointtransformer.py to pointtransformer.cpython-310.pyc\n'}
[2.359703] (robot_grasping) StdoutLine: {'line': b'byte-compiling /home/jetson/vmf/install/robot_grasping/lib/python3.10/site-packages/vmf_contact_main/openpoints/models/backbone/resnet.py to resnet.cpython-310.pyc\n'}
[2.362513] (robot_grasping) StdoutLine: {'line': b'byte-compiling /home/jetson/vmf/install/robot_grasping/lib/python3.10/site-packages/vmf_contact_main/openpoints/models/backbone/pointnetv2.py to pointnetv2.cpython-310.pyc\n'}
[2.366997] (robot_grasping) StdoutLine: {'line': b'byte-compiling /home/jetson/vmf/install/robot_grasping/lib/python3.10/site-packages/vmf_contact_main/openpoints/models/backbone/__init__.py to __init__.cpython-310.pyc\n'}
[2.367494] (robot_grasping) StdoutLine: {'line': b'byte-compiling /home/jetson/vmf/install/robot_grasping/lib/python3.10/site-packages/vmf_contact_main/openpoints/models/backbone/pointvit_inv.py to pointvit_inv.cpython-310.pyc\n'}
[2.376189] (robot_grasping) StdoutLine: {'line': b'byte-compiling /home/jetson/vmf/install/robot_grasping/lib/python3.10/site-packages/vmf_contact_main/openpoints/models/segmentation/base_seg.py to base_seg.cpython-310.pyc\n'}
[2.378691] (robot_grasping) StdoutLine: {'line': b'byte-compiling /home/jetson/vmf/install/robot_grasping/lib/python3.10/site-packages/vmf_contact_main/openpoints/models/segmentation/vit_seg.py to vit_seg.cpython-310.pyc\n'}
[2.379866] (robot_grasping) StdoutLine: {'line': b'byte-compiling /home/jetson/vmf/install/robot_grasping/lib/python3.10/site-packages/vmf_contact_main/openpoints/models/segmentation/__init__.py to __init__.cpython-310.pyc\n'}
[2.380220] (robot_grasping) StdoutLine: {'line': b'byte-compiling /home/jetson/vmf/install/robot_grasping/lib/python3.10/site-packages/vmf_contact_main/openpoints/models/__init__.py to __init__.cpython-310.pyc\n'}
[2.380585] (robot_grasping) StdoutLine: {'line': b'byte-compiling /home/jetson/vmf/install/robot_grasping/lib/python3.10/site-packages/vmf_contact_main/openpoints/scheduler/multistep_lr.py to multistep_lr.cpython-310.pyc\n'}
[2.381516] (robot_grasping) StdoutLine: {'line': b'byte-compiling /home/jetson/vmf/install/robot_grasping/lib/python3.10/site-packages/vmf_contact_main/openpoints/scheduler/step_lr.py to step_lr.cpython-310.pyc\n'}
[2.382350] (robot_grasping) StdoutLine: {'line': b'byte-compiling /home/jetson/vmf/install/robot_grasping/lib/python3.10/site-packages/vmf_contact_main/openpoints/scheduler/poly_lr.py to poly_lr.cpython-310.pyc\n'}
[2.383626] (robot_grasping) StdoutLine: {'line': b'byte-compiling /home/jetson/vmf/install/robot_grasping/lib/python3.10/site-packages/vmf_contact_main/openpoints/scheduler/plateau_lr.py to plateau_lr.cpython-310.pyc\n'}
[2.384818] (robot_grasping) StdoutLine: {'line': b'byte-compiling /home/jetson/vmf/install/robot_grasping/lib/python3.10/site-packages/vmf_contact_main/openpoints/scheduler/scheduler_factory.py to scheduler_factory.cpython-310.pyc\n'}
[2.385930] (robot_grasping) StdoutLine: {'line': b'byte-compiling /home/jetson/vmf/install/robot_grasping/lib/python3.10/site-packages/vmf_contact_main/openpoints/scheduler/cosine_lr.py to cosine_lr.cpython-310.pyc\n'}
[2.387276] (robot_grasping) StdoutLine: {'line': b'byte-compiling /home/jetson/vmf/install/robot_grasping/lib/python3.10/site-packages/vmf_contact_main/openpoints/scheduler/scheduler.py to scheduler.cpython-310.pyc\n'}
[2.388640] (robot_grasping) StdoutLine: {'line': b'byte-compiling /home/jetson/vmf/install/robot_grasping/lib/python3.10/site-packages/vmf_contact_main/openpoints/scheduler/tanh_lr.py to tanh_lr.cpython-310.pyc\n'}
[2.389905] (robot_grasping) StdoutLine: {'line': b'byte-compiling /home/jetson/vmf/install/robot_grasping/lib/python3.10/site-packages/vmf_contact_main/openpoints/scheduler/__init__.py to __init__.cpython-310.pyc\n'}
[2.390284] (robot_grasping) StdoutLine: {'line': b'byte-compiling /home/jetson/vmf/install/robot_grasping/lib/python3.10/site-packages/vmf_contact_main/openpoints/loss/cross_entropy.py to cross_entropy.cpython-310.pyc\n'}
[2.391082] (robot_grasping) StdoutLine: {'line': b'byte-compiling /home/jetson/vmf/install/robot_grasping/lib/python3.10/site-packages/vmf_contact_main/openpoints/loss/build.py to build.cpython-310.pyc\n'}
[2.393758] (robot_grasping) StdoutLine: {'line': b'byte-compiling /home/jetson/vmf/install/robot_grasping/lib/python3.10/site-packages/vmf_contact_main/openpoints/loss/distill_loss.py to distill_loss.cpython-310.pyc\n'}
[2.394615] (robot_grasping) StdoutLine: {'line': b'byte-compiling /home/jetson/vmf/install/robot_grasping/lib/python3.10/site-packages/vmf_contact_main/openpoints/loss/__init__.py to __init__.cpython-310.pyc\n'}
[2.395009] (robot_grasping) StdoutLine: {'line': b'byte-compiling /home/jetson/vmf/install/robot_grasping/lib/python3.10/site-packages/vmf_contact_main/openpoints/dataset/pcqm4m/data.py to data.cpython-310.pyc\n'}
[2.395927] (robot_grasping) StdoutLine: {'line': b'byte-compiling /home/jetson/vmf/install/robot_grasping/lib/python3.10/site-packages/vmf_contact_main/openpoints/dataset/pcqm4m/__init__.py to __init__.cpython-310.pyc\n'}
[2.396250] (robot_grasping) StdoutLine: {'line': b'byte-compiling /home/jetson/vmf/install/robot_grasping/lib/python3.10/site-packages/vmf_contact_main/openpoints/dataset/graph_dataset/svd_encodings_dataset.py to svd_encodings_dataset.cpython-310.pyc\n'}
[2.397780] (robot_grasping) StdoutLine: {'line': b'byte-compiling /home/jetson/vmf/install/robot_grasping/lib/python3.10/site-packages/vmf_contact_main/openpoints/dataset/graph_dataset/structural_dataset.py to structural_dataset.cpython-310.pyc\n'}
[2.398775] (robot_grasping) StdoutLine: {'line': b'byte-compiling /home/jetson/vmf/install/robot_grasping/lib/python3.10/site-packages/vmf_contact_main/openpoints/dataset/graph_dataset/stack_with_pad.py to stack_with_pad.cpython-310.pyc\n'}
[2.399906] (robot_grasping) StdoutLine: {'line': b'byte-compiling /home/jetson/vmf/install/robot_grasping/lib/python3.10/site-packages/vmf_contact_main/openpoints/dataset/graph_dataset/graph_dataset.py to graph_dataset.cpython-310.pyc\n'}
[2.401056] (robot_grasping) StdoutLine: {'line': b'byte-compiling /home/jetson/vmf/install/robot_grasping/lib/python3.10/site-packages/vmf_contact_main/openpoints/dataset/graph_dataset/__init__.py to __init__.cpython-310.pyc\n'}
[2.401419] (robot_grasping) StdoutLine: {'line': b'byte-compiling /home/jetson/vmf/install/robot_grasping/lib/python3.10/site-packages/vmf_contact_main/openpoints/dataset/pcqm4mv2/data.py to data.cpython-310.pyc\n'}
[2.402360] (robot_grasping) StdoutLine: {'line': b'byte-compiling /home/jetson/vmf/install/robot_grasping/lib/python3.10/site-packages/vmf_contact_main/openpoints/dataset/pcqm4mv2/__init__.py to __init__.cpython-310.pyc\n'}
[2.402770] (robot_grasping) StdoutLine: {'line': b'byte-compiling /home/jetson/vmf/install/robot_grasping/lib/python3.10/site-packages/vmf_contact_main/openpoints/dataset/dataset_base.py to dataset_base.cpython-310.pyc\n'}
[2.404053] (robot_grasping) StdoutLine: {'line': b'byte-compiling /home/jetson/vmf/install/robot_grasping/lib/python3.10/site-packages/vmf_contact_main/openpoints/dataset/atom3d/psr.py to psr.cpython-310.pyc\n'}
[2.405215] (robot_grasping) StdoutLine: {'line': b'byte-compiling /home/jetson/vmf/install/robot_grasping/lib/python3.10/site-packages/vmf_contact_main/openpoints/dataset/atom3d/__init__.py to __init__.cpython-310.pyc\n'}
[2.405560] (robot_grasping) StdoutLine: {'line': b'byte-compiling /home/jetson/vmf/install/robot_grasping/lib/python3.10/site-packages/vmf_contact_main/openpoints/dataset/build.py to build.cpython-310.pyc\n'}
[2.406703] (robot_grasping) StdoutLine: {'line': b'byte-compiling /home/jetson/vmf/install/robot_grasping/lib/python3.10/site-packages/vmf_contact_main/openpoints/dataset/data_util.py to data_util.cpython-310.pyc\n'}
[2.408646] (robot_grasping) StdoutLine: {'line': b'byte-compiling /home/jetson/vmf/install/robot_grasping/lib/python3.10/site-packages/vmf_contact_main/openpoints/dataset/s3dis/s3dis.py to s3dis.cpython-310.pyc\n'}
[2.410031] (-) TimerEvent: {}
[2.410676] (robot_grasping) StdoutLine: {'line': b'byte-compiling /home/jetson/vmf/install/robot_grasping/lib/python3.10/site-packages/vmf_contact_main/openpoints/dataset/s3dis/s3dis_sphere.py to s3dis_sphere.cpython-310.pyc\n'}
[2.414333] (robot_grasping) StdoutLine: {'line': b'byte-compiling /home/jetson/vmf/install/robot_grasping/lib/python3.10/site-packages/vmf_contact_main/openpoints/dataset/s3dis/s3dis_block.py to s3dis_block.cpython-310.pyc\n'}
[2.414723] (robot_grasping) StdoutLine: {'line': b'byte-compiling /home/jetson/vmf/install/robot_grasping/lib/python3.10/site-packages/vmf_contact_main/openpoints/dataset/s3dis/__init__.py to __init__.cpython-310.pyc\n'}
[2.415089] (robot_grasping) StdoutLine: {'line': b'byte-compiling /home/jetson/vmf/install/robot_grasping/lib/python3.10/site-packages/vmf_contact_main/openpoints/dataset/shapenetpart/shapenetpart.py to shapenetpart.cpython-310.pyc\n'}
[2.419958] (robot_grasping) StdoutLine: {'line': b'byte-compiling /home/jetson/vmf/install/robot_grasping/lib/python3.10/site-packages/vmf_contact_main/openpoints/dataset/shapenetpart/shapenet55.py to shapenet55.cpython-310.pyc\n'}
[2.420968] (robot_grasping) StdoutLine: {'line': b'byte-compiling /home/jetson/vmf/install/robot_grasping/lib/python3.10/site-packages/vmf_contact_main/openpoints/dataset/shapenetpart/__init__.py to __init__.cpython-310.pyc\n'}
[2.421334] (robot_grasping) StdoutLine: {'line': b'byte-compiling /home/jetson/vmf/install/robot_grasping/lib/python3.10/site-packages/vmf_contact_main/openpoints/dataset/vis2d.py to vis2d.cpython-310.pyc\n'}
[2.421830] (robot_grasping) StdoutLine: {'line': b'byte-compiling /home/jetson/vmf/install/robot_grasping/lib/python3.10/site-packages/vmf_contact_main/openpoints/dataset/modelnet/modelnet40_normal_resampled_loader.py to modelnet40_normal_resampled_loader.cpython-310.pyc\n'}
[2.423582] (robot_grasping) StdoutLine: {'line': b'byte-compiling /home/jetson/vmf/install/robot_grasping/lib/python3.10/site-packages/vmf_contact_main/openpoints/dataset/modelnet/modelnet40_ply_2048_loader.py to modelnet40_ply_2048_loader.cpython-310.pyc\n'}
[2.425098] (robot_grasping) StdoutLine: {'line': b'byte-compiling /home/jetson/vmf/install/robot_grasping/lib/python3.10/site-packages/vmf_contact_main/openpoints/dataset/modelnet/__init__.py to __init__.cpython-310.pyc\n'}
[2.425526] (robot_grasping) StdoutLine: {'line': b'byte-compiling /home/jetson/vmf/install/robot_grasping/lib/python3.10/site-packages/vmf_contact_main/openpoints/dataset/shapenet/shapenetpart.py to shapenetpart.cpython-310.pyc\n'}
[2.427179] (robot_grasping) StdoutLine: {'line': b'byte-compiling /home/jetson/vmf/install/robot_grasping/lib/python3.10/site-packages/vmf_contact_main/openpoints/dataset/shapenet/shapenet55.py to shapenet55.cpython-310.pyc\n'}
[2.428115] (robot_grasping) StdoutLine: {'line': b'byte-compiling /home/jetson/vmf/install/robot_grasping/lib/python3.10/site-packages/vmf_contact_main/openpoints/dataset/shapenet/__init__.py to __init__.cpython-310.pyc\n'}
[2.428444] (robot_grasping) StdoutLine: {'line': b'byte-compiling /home/jetson/vmf/install/robot_grasping/lib/python3.10/site-packages/vmf_contact_main/openpoints/dataset/matterport3d/matterport3d_dataprocessing.py to matterport3d_dataprocessing.cpython-310.pyc\n'}
[2.429622] (robot_grasping) StdoutLine: {'line': b'byte-compiling /home/jetson/vmf/install/robot_grasping/lib/python3.10/site-packages/vmf_contact_main/openpoints/dataset/matterport3d/__init__.py to __init__.cpython-310.pyc\n'}
[2.429947] (robot_grasping) StdoutLine: {'line': b'byte-compiling /home/jetson/vmf/install/robot_grasping/lib/python3.10/site-packages/vmf_contact_main/openpoints/dataset/matterport3d/matterport3d.py to matterport3d.cpython-310.pyc\n'}
[2.431947] (robot_grasping) StdoutLine: {'line': b'byte-compiling /home/jetson/vmf/install/robot_grasping/lib/python3.10/site-packages/vmf_contact_main/openpoints/dataset/semantic_kitti/semantickitti.py to semantickitti.cpython-310.pyc\n'}
[2.434990] (robot_grasping) StdoutLine: {'line': b'byte-compiling /home/jetson/vmf/install/robot_grasping/lib/python3.10/site-packages/vmf_contact_main/openpoints/dataset/semantic_kitti/helper_tool.py to helper_tool.cpython-310.pyc\n'}
[2.437386] (robot_grasping) StderrLine: {'line': b'/home/jetson/vmf/install/robot_grasping/lib/python3.10/site-packages/vmf_contact_main/openpoints/dataset/semantic_kitti/helper_tool.py:212: SyntaxWarning: "is" with a literal. Did you mean "=="?\n'}
[2.437728] (robot_grasping) StderrLine: {'line': b"  if dataset_name is 'S3DIS':\n"}
[2.437960] (robot_grasping) StderrLine: {'line': b'/home/jetson/vmf/install/robot_grasping/lib/python3.10/site-packages/vmf_contact_main/openpoints/dataset/semantic_kitti/helper_tool.py:215: SyntaxWarning: "is" with a literal. Did you mean "=="?\n'}
[2.438178] (robot_grasping) StderrLine: {'line': b"  elif dataset_name is 'Semantic3D':\n"}
[2.438525] (robot_grasping) StdoutLine: {'line': b'byte-compiling /home/jetson/vmf/install/robot_grasping/lib/python3.10/site-packages/vmf_contact_main/openpoints/dataset/semantic_kitti/__init__.py to __init__.cpython-310.pyc\n'}
[2.439306] (robot_grasping) StdoutLine: {'line': b'byte-compiling /home/jetson/vmf/install/robot_grasping/lib/python3.10/site-packages/vmf_contact_main/openpoints/dataset/grid_sample.py to grid_sample.cpython-310.pyc\n'}
[2.439634] (robot_grasping) StdoutLine: {'line': b'byte-compiling /home/jetson/vmf/install/robot_grasping/lib/python3.10/site-packages/vmf_contact_main/openpoints/dataset/molpcba/data.py to data.cpython-310.pyc\n'}
[2.440226] (robot_grasping) StdoutLine: {'line': b'byte-compiling /home/jetson/vmf/install/robot_grasping/lib/python3.10/site-packages/vmf_contact_main/openpoints/dataset/molpcba/__init__.py to __init__.cpython-310.pyc\n'}
[2.440623] (robot_grasping) StdoutLine: {'line': b'byte-compiling /home/jetson/vmf/install/robot_grasping/lib/python3.10/site-packages/vmf_contact_main/openpoints/dataset/scanobjectnn/scanobjectnn.py to scanobjectnn.cpython-310.pyc\n'}
[2.441653] (robot_grasping) StdoutLine: {'line': b'byte-compiling /home/jetson/vmf/install/robot_grasping/lib/python3.10/site-packages/vmf_contact_main/openpoints/dataset/scanobjectnn/__init__.py to __init__.cpython-310.pyc\n'}
[2.441988] (robot_grasping) StdoutLine: {'line': b'byte-compiling /home/jetson/vmf/install/robot_grasping/lib/python3.10/site-packages/vmf_contact_main/openpoints/dataset/molhiv/data.py to data.cpython-310.pyc\n'}
[2.442937] (robot_grasping) StdoutLine: {'line': b'byte-compiling /home/jetson/vmf/install/robot_grasping/lib/python3.10/site-packages/vmf_contact_main/openpoints/dataset/molhiv/__init__.py to __init__.cpython-310.pyc\n'}
[2.443256] (robot_grasping) StdoutLine: {'line': b'byte-compiling /home/jetson/vmf/install/robot_grasping/lib/python3.10/site-packages/vmf_contact_main/openpoints/dataset/parsers/parser_factory.py to parser_factory.cpython-310.pyc\n'}
[2.443931] (robot_grasping) StdoutLine: {'line': b'byte-compiling /home/jetson/vmf/install/robot_grasping/lib/python3.10/site-packages/vmf_contact_main/openpoints/dataset/parsers/parser_image_tar.py to parser_image_tar.cpython-310.pyc\n'}
[2.444933] (robot_grasping) StdoutLine: {'line': b'byte-compiling /home/jetson/vmf/install/robot_grasping/lib/python3.10/site-packages/vmf_contact_main/openpoints/dataset/parsers/parser_tfds.py to parser_tfds.cpython-310.pyc\n'}
[2.447060] (robot_grasping) StdoutLine: {'line': b'byte-compiling /home/jetson/vmf/install/robot_grasping/lib/python3.10/site-packages/vmf_contact_main/openpoints/dataset/parsers/parser_image_folder.py to parser_image_folder.cpython-310.pyc\n'}
[2.448186] (robot_grasping) StdoutLine: {'line': b'byte-compiling /home/jetson/vmf/install/robot_grasping/lib/python3.10/site-packages/vmf_contact_main/openpoints/dataset/parsers/parser_image_in_tar.py to parser_image_in_tar.cpython-310.pyc\n'}
[2.450849] (robot_grasping) StdoutLine: {'line': b'byte-compiling /home/jetson/vmf/install/robot_grasping/lib/python3.10/site-packages/vmf_contact_main/openpoints/dataset/parsers/constants.py to constants.cpython-310.pyc\n'}
[2.451259] (robot_grasping) StdoutLine: {'line': b'byte-compiling /home/jetson/vmf/install/robot_grasping/lib/python3.10/site-packages/vmf_contact_main/openpoints/dataset/parsers/parser.py to parser.cpython-310.pyc\n'}
[2.451820] (robot_grasping) StdoutLine: {'line': b'byte-compiling /home/jetson/vmf/install/robot_grasping/lib/python3.10/site-packages/vmf_contact_main/openpoints/dataset/parsers/class_map.py to class_map.cpython-310.pyc\n'}
[2.452372] (robot_grasping) StdoutLine: {'line': b'byte-compiling /home/jetson/vmf/install/robot_grasping/lib/python3.10/site-packages/vmf_contact_main/openpoints/dataset/parsers/__init__.py to __init__.cpython-310.pyc\n'}
[2.452687] (robot_grasping) StdoutLine: {'line': b'byte-compiling /home/jetson/vmf/install/robot_grasping/lib/python3.10/site-packages/vmf_contact_main/openpoints/dataset/vis3d.py to vis3d.cpython-310.pyc\n'}
[2.454239] (robot_grasping) StdoutLine: {'line': b'byte-compiling /home/jetson/vmf/install/robot_grasping/lib/python3.10/site-packages/vmf_contact_main/openpoints/dataset/scannetv2/scannet.py to scannet.cpython-310.pyc\n'}
[2.456377] (robot_grasping) StdoutLine: {'line': b'byte-compiling /home/jetson/vmf/install/robot_grasping/lib/python3.10/site-packages/vmf_contact_main/openpoints/dataset/scannetv2/__init__.py to __init__.cpython-310.pyc\n'}
[2.456719] (robot_grasping) StdoutLine: {'line': b'byte-compiling /home/jetson/vmf/install/robot_grasping/lib/python3.10/site-packages/vmf_contact_main/openpoints/dataset/datalist.py to datalist.cpython-310.pyc\n'}
[2.457736] (robot_grasping) StdoutLine: {'line': b'byte-compiling /home/jetson/vmf/install/robot_grasping/lib/python3.10/site-packages/vmf_contact_main/openpoints/dataset/__init__.py to __init__.cpython-310.pyc\n'}
[2.458161] (robot_grasping) StdoutLine: {'line': b'byte-compiling /home/jetson/vmf/install/robot_grasping/lib/python3.10/site-packages/vmf_contact_main/openpoints/__init__.py to __init__.cpython-310.pyc\n'}
[2.458535] (robot_grasping) StdoutLine: {'line': b'byte-compiling /home/jetson/vmf/install/robot_grasping/lib/python3.10/site-packages/vmf_contact_main/openpoints/optim/radam.py to radam.cpython-310.pyc\n'}
[2.459780] (robot_grasping) StdoutLine: {'line': b'byte-compiling /home/jetson/vmf/install/robot_grasping/lib/python3.10/site-packages/vmf_contact_main/openpoints/optim/adafactor.py to adafactor.cpython-310.pyc\n'}
[2.461399] (robot_grasping) StdoutLine: {'line': b'byte-compiling /home/jetson/vmf/install/robot_grasping/lib/python3.10/site-packages/vmf_contact_main/openpoints/optim/adamw.py to adamw.cpython-310.pyc\n'}
[2.462520] (robot_grasping) StdoutLine: {'line': b'byte-compiling /home/jetson/vmf/install/robot_grasping/lib/python3.10/site-packages/vmf_contact_main/openpoints/optim/sgdp.py to sgdp.cpython-310.pyc\n'}
[2.463389] (robot_grasping) StdoutLine: {'line': b'byte-compiling /home/jetson/vmf/install/robot_grasping/lib/python3.10/site-packages/vmf_contact_main/openpoints/optim/rmsprop_tf.py to rmsprop_tf.cpython-310.pyc\n'}
[2.464555] (robot_grasping) StdoutLine: {'line': b'byte-compiling /home/jetson/vmf/install/robot_grasping/lib/python3.10/site-packages/vmf_contact_main/openpoints/optim/optim_factory.py to optim_factory.cpython-310.pyc\n'}
[2.467450] (robot_grasping) StdoutLine: {'line': b'byte-compiling /home/jetson/vmf/install/robot_grasping/lib/python3.10/site-packages/vmf_contact_main/openpoints/optim/lars.py to lars.cpython-310.pyc\n'}
[2.468699] (robot_grasping) StdoutLine: {'line': b'byte-compiling /home/jetson/vmf/install/robot_grasping/lib/python3.10/site-packages/vmf_contact_main/openpoints/optim/adahessian.py to adahessian.cpython-310.pyc\n'}
[2.470470] (robot_grasping) StdoutLine: {'line': b'byte-compiling /home/jetson/vmf/install/robot_grasping/lib/python3.10/site-packages/vmf_contact_main/openpoints/optim/lookahead.py to lookahead.cpython-310.pyc\n'}
[2.471596] (robot_grasping) StdoutLine: {'line': b'byte-compiling /home/jetson/vmf/install/robot_grasping/lib/python3.10/site-packages/vmf_contact_main/openpoints/optim/nadam.py to nadam.cpython-310.pyc\n'}
[2.473561] (robot_grasping) StdoutLine: {'line': b'byte-compiling /home/jetson/vmf/install/robot_grasping/lib/python3.10/site-packages/vmf_contact_main/openpoints/optim/adamp.py to adamp.cpython-310.pyc\n'}
[2.474061] (robot_grasping) StdoutLine: {'line': b'byte-compiling /home/jetson/vmf/install/robot_grasping/lib/python3.10/site-packages/vmf_contact_main/openpoints/optim/adabelief.py to adabelief.cpython-310.pyc\n'}
[2.475984] (robot_grasping) StdoutLine: {'line': b'byte-compiling /home/jetson/vmf/install/robot_grasping/lib/python3.10/site-packages/vmf_contact_main/openpoints/optim/lamb.py to lamb.cpython-310.pyc\n'}
[2.477314] (robot_grasping) StdoutLine: {'line': b'byte-compiling /home/jetson/vmf/install/robot_grasping/lib/python3.10/site-packages/vmf_contact_main/openpoints/optim/__init__.py to __init__.cpython-310.pyc\n'}
[2.477769] (robot_grasping) StdoutLine: {'line': b'byte-compiling /home/jetson/vmf/install/robot_grasping/lib/python3.10/site-packages/vmf_contact_main/openpoints/optim/madgrad.py to madgrad.cpython-310.pyc\n'}
[2.479501] (robot_grasping) StdoutLine: {'line': b'byte-compiling /home/jetson/vmf/install/robot_grasping/lib/python3.10/site-packages/vmf_contact_main/openpoints/optim/nvnovograd.py to nvnovograd.cpython-310.pyc\n'}
[2.480806] (robot_grasping) StdoutLine: {'line': b'byte-compiling /home/jetson/vmf/install/robot_grasping/lib/python3.10/site-packages/vmf_contact_main/__init__.py to __init__.cpython-310.pyc\n'}
[2.481252] (robot_grasping) StdoutLine: {'line': b'byte-compiling /home/jetson/vmf/install/robot_grasping/lib/python3.10/site-packages/ros2_nodes/camera_utils.py to camera_utils.cpython-310.pyc\n'}
[2.482868] (robot_grasping) StdoutLine: {'line': b'byte-compiling /home/jetson/vmf/install/robot_grasping/lib/python3.10/site-packages/ros2_nodes/utils_camera.py to utils_camera.cpython-310.pyc\n'}
[2.485126] (robot_grasping) StdoutLine: {'line': b'byte-compiling /home/jetson/vmf/install/robot_grasping/lib/python3.10/site-packages/ros2_nodes/inference_node_vlm.py to inference_node_vlm.cpython-310.pyc\n'}
[2.488488] (robot_grasping) StdoutLine: {'line': b'byte-compiling /home/jetson/vmf/install/robot_grasping/lib/python3.10/site-packages/ros2_nodes/inference_node_data.py to inference_node_data.cpython-310.pyc\n'}
[2.491652] (robot_grasping) StdoutLine: {'line': b'byte-compiling /home/jetson/vmf/install/robot_grasping/lib/python3.10/site-packages/ros2_nodes/test_frame_saver.py to test_frame_saver.cpython-310.pyc\n'}
[2.492932] (robot_grasping) StdoutLine: {'line': b'byte-compiling /home/jetson/vmf/install/robot_grasping/lib/python3.10/site-packages/ros2_nodes/inference_node_giga_active.py to inference_node_giga_active.cpython-310.pyc\n'}
[2.497231] (robot_grasping) StdoutLine: {'line': b'byte-compiling /home/jetson/vmf/install/robot_grasping/lib/python3.10/site-packages/ros2_nodes/inference_node_vmf.py to inference_node_vmf.cpython-310.pyc\n'}
[2.497789] (robot_grasping) StdoutLine: {'line': b'byte-compiling /home/jetson/vmf/install/robot_grasping/lib/python3.10/site-packages/ros2_nodes/utils_node.py to utils_node.cpython-310.pyc\n'}
[2.501097] (robot_grasping) StdoutLine: {'line': b'byte-compiling /home/jetson/vmf/install/robot_grasping/lib/python3.10/site-packages/ros2_nodes/test_visualization_node.py to test_visualization_node.cpython-310.pyc\n'}
[2.502541] (robot_grasping) StdoutLine: {'line': b'byte-compiling /home/jetson/vmf/install/robot_grasping/lib/python3.10/site-packages/ros2_nodes/inference_node_base.py to inference_node_base.cpython-310.pyc\n'}
[2.510087] (robot_grasping) StdoutLine: {'line': b'byte-compiling /home/jetson/vmf/install/robot_grasping/lib/python3.10/site-packages/ros2_nodes/inference_node_giga.py to inference_node_giga.cpython-310.pyc\n'}
[2.510649] (-) TimerEvent: {}
[2.512171] (robot_grasping) StdoutLine: {'line': b'byte-compiling /home/jetson/vmf/install/robot_grasping/lib/python3.10/site-packages/ros2_nodes/__init__.py to __init__.cpython-310.pyc\n'}
[2.512887] (robot_grasping) StdoutLine: {'line': b'byte-compiling /home/jetson/vmf/install/robot_grasping/lib/python3.10/site-packages/openpoints/cpp/emd/setup.py to setup.cpython-310.pyc\n'}
[2.514562] (robot_grasping) StdoutLine: {'line': b'byte-compiling /home/jetson/vmf/install/robot_grasping/lib/python3.10/site-packages/openpoints/cpp/emd/test_emd_loss.py to test_emd_loss.cpython-310.pyc\n'}
[2.515086] (robot_grasping) StdoutLine: {'line': b'byte-compiling /home/jetson/vmf/install/robot_grasping/lib/python3.10/site-packages/openpoints/cpp/emd/emd.py to emd.cpython-310.pyc\n'}
[2.516064] (robot_grasping) StdoutLine: {'line': b'byte-compiling /home/jetson/vmf/install/robot_grasping/lib/python3.10/site-packages/openpoints/cpp/emd/__init__.py to __init__.cpython-310.pyc\n'}
[2.516739] (robot_grasping) StdoutLine: {'line': b'byte-compiling /home/jetson/vmf/install/robot_grasping/lib/python3.10/site-packages/openpoints/cpp/chamfer_dist/setup.py to setup.cpython-310.pyc\n'}
[2.517014] (robot_grasping) StdoutLine: {'line': b'byte-compiling /home/jetson/vmf/install/robot_grasping/lib/python3.10/site-packages/openpoints/cpp/chamfer_dist/test.py to test.cpython-310.pyc\n'}
[2.517248] (robot_grasping) StdoutLine: {'line': b'byte-compiling /home/jetson/vmf/install/robot_grasping/lib/python3.10/site-packages/openpoints/cpp/chamfer_dist/__init__.py to __init__.cpython-310.pyc\n'}
[2.517608] (robot_grasping) StdoutLine: {'line': b'byte-compiling /home/jetson/vmf/install/robot_grasping/lib/python3.10/site-packages/openpoints/cpp/pointops/setup.py to setup.cpython-310.pyc\n'}
[2.518919] (robot_grasping) StdoutLine: {'line': b'byte-compiling /home/jetson/vmf/install/robot_grasping/lib/python3.10/site-packages/openpoints/cpp/pointops/functions/pointops.py to pointops.cpython-310.pyc\n'}
[2.521917] (robot_grasping) StdoutLine: {'line': b'byte-compiling /home/jetson/vmf/install/robot_grasping/lib/python3.10/site-packages/openpoints/cpp/pointops/functions/__init__.py to __init__.cpython-310.pyc\n'}
[2.523287] (robot_grasping) StdoutLine: {'line': b'byte-compiling /home/jetson/vmf/install/robot_grasping/lib/python3.10/site-packages/openpoints/cpp/pointops/src/__init__.py to __init__.cpython-310.pyc\n'}
[2.523754] (robot_grasping) StdoutLine: {'line': b'byte-compiling /home/jetson/vmf/install/robot_grasping/lib/python3.10/site-packages/openpoints/cpp/pointops/__init__.py to __init__.cpython-310.pyc\n'}
[2.524079] (robot_grasping) StdoutLine: {'line': b'byte-compiling /home/jetson/vmf/install/robot_grasping/lib/python3.10/site-packages/openpoints/cpp/pointnet2_batch/setup.py to setup.cpython-310.pyc\n'}
[2.524320] (robot_grasping) StdoutLine: {'line': b'byte-compiling /home/jetson/vmf/install/robot_grasping/lib/python3.10/site-packages/openpoints/cpp/pointnet2_batch/__init__.py to __init__.cpython-310.pyc\n'}
[2.524543] (robot_grasping) StdoutLine: {'line': b'byte-compiling /home/jetson/vmf/install/robot_grasping/lib/python3.10/site-packages/openpoints/cpp/__init__.py to __init__.cpython-310.pyc\n'}
[2.524814] (robot_grasping) StdoutLine: {'line': b'byte-compiling /home/jetson/vmf/install/robot_grasping/lib/python3.10/site-packages/openpoints/transforms/transforms_factory.py to transforms_factory.cpython-310.pyc\n'}
[2.525707] (robot_grasping) StdoutLine: {'line': b'byte-compiling /home/jetson/vmf/install/robot_grasping/lib/python3.10/site-packages/openpoints/transforms/point_transform_cpu.py to point_transform_cpu.cpython-310.pyc\n'}
[2.529744] (robot_grasping) StdoutLine: {'line': b'byte-compiling /home/jetson/vmf/install/robot_grasping/lib/python3.10/site-packages/openpoints/transforms/point_transformer_gpu.py to point_transformer_gpu.cpython-310.pyc\n'}
[2.534888] (robot_grasping) StdoutLine: {'line': b'byte-compiling /home/jetson/vmf/install/robot_grasping/lib/python3.10/site-packages/openpoints/transforms/__init__.py to __init__.cpython-310.pyc\n'}
[2.535483] (robot_grasping) StdoutLine: {'line': b'byte-compiling /home/jetson/vmf/install/robot_grasping/lib/python3.10/site-packages/openpoints/utils/wandb.py to wandb.cpython-310.pyc\n'}
[2.536923] (robot_grasping) StdoutLine: {'line': b'byte-compiling /home/jetson/vmf/install/robot_grasping/lib/python3.10/site-packages/openpoints/utils/dist_utils.py to dist_utils.cpython-310.pyc\n'}
[2.540089] (robot_grasping) StdoutLine: {'line': b'byte-compiling /home/jetson/vmf/install/robot_grasping/lib/python3.10/site-packages/openpoints/utils/registry.py to registry.cpython-310.pyc\n'}
[2.540537] (robot_grasping) StdoutLine: {'line': b'byte-compiling /home/jetson/vmf/install/robot_grasping/lib/python3.10/site-packages/openpoints/utils/metrics.py to metrics.cpython-310.pyc\n'}
[2.543078] (robot_grasping) StdoutLine: {'line': b'byte-compiling /home/jetson/vmf/install/robot_grasping/lib/python3.10/site-packages/openpoints/utils/config.py to config.cpython-310.pyc\n'}
[2.544688] (robot_grasping) StdoutLine: {'line': b'byte-compiling /home/jetson/vmf/install/robot_grasping/lib/python3.10/site-packages/openpoints/utils/ckpt_util.py to ckpt_util.cpython-310.pyc\n'}
[2.549854] (robot_grasping) StdoutLine: {'line': b'byte-compiling /home/jetson/vmf/install/robot_grasping/lib/python3.10/site-packages/openpoints/utils/random.py to random.cpython-310.pyc\n'}
[2.550241] (robot_grasping) StdoutLine: {'line': b'byte-compiling /home/jetson/vmf/install/robot_grasping/lib/python3.10/site-packages/openpoints/utils/str2bool.py to str2bool.cpython-310.pyc\n'}
[2.555561] (robot_grasping) StdoutLine: {'line': b'byte-compiling /home/jetson/vmf/install/robot_grasping/lib/python3.10/site-packages/openpoints/utils/__init__.py to __init__.cpython-310.pyc\n'}
[2.555841] (robot_grasping) StdoutLine: {'line': b'byte-compiling /home/jetson/vmf/install/robot_grasping/lib/python3.10/site-packages/openpoints/utils/logger.py to logger.cpython-310.pyc\n'}
[2.555981] (robot_grasping) StdoutLine: {'line': b'byte-compiling /home/jetson/vmf/install/robot_grasping/lib/python3.10/site-packages/openpoints/models/reconstruction/maskedpoint.py to maskedpoint.cpython-310.pyc\n'}
[2.556129] (robot_grasping) StdoutLine: {'line': b'byte-compiling /home/jetson/vmf/install/robot_grasping/lib/python3.10/site-packages/openpoints/models/reconstruction/base_recontruct.py to base_recontruct.cpython-310.pyc\n'}
[2.557175] (robot_grasping) StdoutLine: {'line': b'byte-compiling /home/jetson/vmf/install/robot_grasping/lib/python3.10/site-packages/openpoints/models/reconstruction/nodeshuffle.py to nodeshuffle.cpython-310.pyc\n'}
[2.557380] (robot_grasping) StdoutLine: {'line': b'byte-compiling /home/jetson/vmf/install/robot_grasping/lib/python3.10/site-packages/openpoints/models/reconstruction/maskedpointvit.py to maskedpointvit.cpython-310.pyc\n'}
[2.559580] (robot_grasping) StdoutLine: {'line': b'byte-compiling /home/jetson/vmf/install/robot_grasping/lib/python3.10/site-packages/openpoints/models/reconstruction/maskedpointgroup.py to maskedpointgroup.cpython-310.pyc\n'}
[2.561403] (robot_grasping) StdoutLine: {'line': b'byte-compiling /home/jetson/vmf/install/robot_grasping/lib/python3.10/site-packages/openpoints/models/reconstruction/__init__.py to __init__.cpython-310.pyc\n'}
[2.561781] (robot_grasping) StdoutLine: {'line': b'byte-compiling /home/jetson/vmf/install/robot_grasping/lib/python3.10/site-packages/openpoints/models/grasp/vit_grasp.py to vit_grasp.cpython-310.pyc\n'}
[2.563334] (robot_grasping) StdoutLine: {'line': b'byte-compiling /home/jetson/vmf/install/robot_grasping/lib/python3.10/site-packages/openpoints/models/grasp/base_grasp.py to base_grasp.cpython-310.pyc\n'}
[2.565912] (robot_grasping) StdoutLine: {'line': b'byte-compiling /home/jetson/vmf/install/robot_grasping/lib/python3.10/site-packages/openpoints/models/grasp/__init__.py to __init__.cpython-310.pyc\n'}
[2.566329] (robot_grasping) StdoutLine: {'line': b'byte-compiling /home/jetson/vmf/install/robot_grasping/lib/python3.10/site-packages/openpoints/models/classification/cls_base.py to cls_base.cpython-310.pyc\n'}
[2.568395] (robot_grasping) StdoutLine: {'line': b'byte-compiling /home/jetson/vmf/install/robot_grasping/lib/python3.10/site-packages/openpoints/models/classification/point_bert.py to point_bert.cpython-310.pyc\n'}
[2.570372] (robot_grasping) StdoutLine: {'line': b'byte-compiling /home/jetson/vmf/install/robot_grasping/lib/python3.10/site-packages/openpoints/models/classification/__init__.py to __init__.cpython-310.pyc\n'}
[2.570720] (robot_grasping) StdoutLine: {'line': b'byte-compiling /home/jetson/vmf/install/robot_grasping/lib/python3.10/site-packages/openpoints/models/build.py to build.cpython-310.pyc\n'}
[2.571401] (robot_grasping) StdoutLine: {'line': b'byte-compiling /home/jetson/vmf/install/robot_grasping/lib/python3.10/site-packages/openpoints/models/registry.py to registry.cpython-310.pyc\n'}
[2.573061] (robot_grasping) StdoutLine: {'line': b'byte-compiling /home/jetson/vmf/install/robot_grasping/lib/python3.10/site-packages/openpoints/models/layers/graph_conv.py to graph_conv.cpython-310.pyc\n'}
[2.574569] (robot_grasping) StdoutLine: {'line': b'byte-compiling /home/jetson/vmf/install/robot_grasping/lib/python3.10/site-packages/openpoints/models/layers/attention.py to attention.cpython-310.pyc\n'}
[2.576163] (robot_grasping) StdoutLine: {'line': b'byte-compiling /home/jetson/vmf/install/robot_grasping/lib/python3.10/site-packages/openpoints/models/layers/weight_init.py to weight_init.cpython-310.pyc\n'}
[2.577159] (robot_grasping) StdoutLine: {'line': b'byte-compiling /home/jetson/vmf/install/robot_grasping/lib/python3.10/site-packages/openpoints/models/layers/patch_embed.py to patch_embed.cpython-310.pyc\n'}
[2.577919] (robot_grasping) StdoutLine: {'line': b'byte-compiling /home/jetson/vmf/install/robot_grasping/lib/python3.10/site-packages/openpoints/models/layers/local_aggregation.py to local_aggregation.cpython-310.pyc\n'}
[2.580775] (robot_grasping) StdoutLine: {'line': b'byte-compiling /home/jetson/vmf/install/robot_grasping/lib/python3.10/site-packages/openpoints/models/layers/knn.py to knn.cpython-310.pyc\n'}
[2.581963] (robot_grasping) StdoutLine: {'line': b'byte-compiling /home/jetson/vmf/install/robot_grasping/lib/python3.10/site-packages/openpoints/models/layers/activation.py to activation.cpython-310.pyc\n'}
[2.582698] (robot_grasping) StdoutLine: {'line': b'byte-compiling /home/jetson/vmf/install/robot_grasping/lib/python3.10/site-packages/openpoints/models/layers/helpers.py to helpers.cpython-310.pyc\n'}
[2.583469] (robot_grasping) StdoutLine: {'line': b'byte-compiling /home/jetson/vmf/install/robot_grasping/lib/python3.10/site-packages/openpoints/models/layers/registry.py to registry.cpython-310.pyc\n'}
[2.585018] (robot_grasping) StdoutLine: {'line': b'byte-compiling /home/jetson/vmf/install/robot_grasping/lib/python3.10/site-packages/openpoints/models/layers/group_embed.py to group_embed.cpython-310.pyc\n'}
[2.588285] (robot_grasping) StdoutLine: {'line': b'byte-compiling /home/jetson/vmf/install/robot_grasping/lib/python3.10/site-packages/openpoints/models/layers/padding.py to padding.cpython-310.pyc\n'}
[2.589568] (robot_grasping) StdoutLine: {'line': b'byte-compiling /home/jetson/vmf/install/robot_grasping/lib/python3.10/site-packages/openpoints/models/layers/group.py to group.cpython-310.pyc\n'}
[2.592906] (robot_grasping) StdoutLine: {'line': b'byte-compiling /home/jetson/vmf/install/robot_grasping/lib/python3.10/site-packages/openpoints/models/layers/norm.py to norm.cpython-310.pyc\n'}
[2.594168] (robot_grasping) StdoutLine: {'line': b'byte-compiling /home/jetson/vmf/install/robot_grasping/lib/python3.10/site-packages/openpoints/models/layers/mlp.py to mlp.cpython-310.pyc\n'}
[2.595794] (robot_grasping) StdoutLine: {'line': b'byte-compiling /home/jetson/vmf/install/robot_grasping/lib/python3.10/site-packages/openpoints/models/layers/conv.py to conv.cpython-310.pyc\n'}
[2.597902] (robot_grasping) StdoutLine: {'line': b'byte-compiling /home/jetson/vmf/install/robot_grasping/lib/python3.10/site-packages/openpoints/models/layers/subsample.py to subsample.cpython-310.pyc\n'}
[2.599844] (robot_grasping) StdoutLine: {'line': b'byte-compiling /home/jetson/vmf/install/robot_grasping/lib/python3.10/site-packages/openpoints/models/layers/kmeans.py to kmeans.cpython-310.pyc\n'}
[2.601163] (robot_grasping) StdoutLine: {'line': b'byte-compiling /home/jetson/vmf/install/robot_grasping/lib/python3.10/site-packages/openpoints/models/layers/upsampling.py to upsampling.cpython-310.pyc\n'}
[2.602281] (robot_grasping) StdoutLine: {'line': b'byte-compiling /home/jetson/vmf/install/robot_grasping/lib/python3.10/site-packages/openpoints/models/layers/__init__.py to __init__.cpython-310.pyc\n'}
[2.602833] (robot_grasping) StdoutLine: {'line': b'byte-compiling /home/jetson/vmf/install/robot_grasping/lib/python3.10/site-packages/openpoints/models/layers/drop.py to drop.cpython-310.pyc\n'}
[2.604706] (robot_grasping) StdoutLine: {'line': b'byte-compiling /home/jetson/vmf/install/robot_grasping/lib/python3.10/site-packages/openpoints/models/backbone/spotr.py to spotr.cpython-310.pyc\n'}
[2.610833] (-) TimerEvent: {}
[2.612321] (robot_grasping) StdoutLine: {'line': b'byte-compiling /home/jetson/vmf/install/robot_grasping/lib/python3.10/site-packages/openpoints/models/backbone/Stratified_transformer.py to Stratified_transformer.cpython-310.pyc\n'}
[2.619252] (robot_grasping) StdoutLine: {'line': b'byte-compiling /home/jetson/vmf/install/robot_grasping/lib/python3.10/site-packages/openpoints/models/backbone/graphvit3d.py to graphvit3d.cpython-310.pyc\n'}
[2.621020] (robot_grasping) StdoutLine: {'line': b'byte-compiling /home/jetson/vmf/install/robot_grasping/lib/python3.10/site-packages/openpoints/models/backbone/randlenet.py to randlenet.cpython-310.pyc\n'}
[2.623839] (robot_grasping) StdoutLine: {'line': b'byte-compiling /home/jetson/vmf/install/robot_grasping/lib/python3.10/site-packages/openpoints/models/backbone/simpleview.py to simpleview.cpython-310.pyc\n'}
[2.625512] (robot_grasping) StdoutLine: {'line': b'byte-compiling /home/jetson/vmf/install/robot_grasping/lib/python3.10/site-packages/openpoints/models/backbone/baafnet.py to baafnet.cpython-310.pyc\n'}
[2.629629] (robot_grasping) StdoutLine: {'line': b'byte-compiling /home/jetson/vmf/install/robot_grasping/lib/python3.10/site-packages/openpoints/models/backbone/deepgcn.py to deepgcn.cpython-310.pyc\n'}
[2.631787] (robot_grasping) StdoutLine: {'line': b'byte-compiling /home/jetson/vmf/install/robot_grasping/lib/python3.10/site-packages/openpoints/models/backbone/grouppointnet.py to grouppointnet.cpython-310.pyc\n'}
[2.633159] (robot_grasping) StdoutLine: {'line': b'byte-compiling /home/jetson/vmf/install/robot_grasping/lib/python3.10/site-packages/openpoints/models/backbone/simpleview_util.py to simpleview_util.cpython-310.pyc\n'}
[2.635900] (robot_grasping) StdoutLine: {'line': b'byte-compiling /home/jetson/vmf/install/robot_grasping/lib/python3.10/site-packages/openpoints/models/backbone/pointvit.py to pointvit.cpython-310.pyc\n'}
[2.640616] (robot_grasping) StdoutLine: {'line': b'byte-compiling /home/jetson/vmf/install/robot_grasping/lib/python3.10/site-packages/openpoints/models/backbone/dgcnn.py to dgcnn.cpython-310.pyc\n'}
[2.642930] (robot_grasping) StdoutLine: {'line': b'byte-compiling /home/jetson/vmf/install/robot_grasping/lib/python3.10/site-packages/openpoints/models/backbone/ball_dgcnn.py to ball_dgcnn.cpython-310.pyc\n'}
[2.644361] (robot_grasping) StdoutLine: {'line': b'byte-compiling /home/jetson/vmf/install/robot_grasping/lib/python3.10/site-packages/openpoints/models/backbone/pointnextPyG.py to pointnextPyG.cpython-310.pyc\n'}
[2.649458] (robot_grasping) StdoutLine: {'line': b'byte-compiling /home/jetson/vmf/install/robot_grasping/lib/python3.10/site-packages/openpoints/models/backbone/pointvit_inv_old.py to pointvit_inv_old.cpython-310.pyc\n'}
[2.658472] (robot_grasping) StdoutLine: {'line': b'byte-compiling /home/jetson/vmf/install/robot_grasping/lib/python3.10/site-packages/openpoints/models/backbone/pointvector.py to pointvector.cpython-310.pyc\n'}
[2.667899] (robot_grasping) StdoutLine: {'line': b'byte-compiling /home/jetson/vmf/install/robot_grasping/lib/python3.10/site-packages/openpoints/models/backbone/pointmlp.py to pointmlp.cpython-310.pyc\n'}
[2.672918] (robot_grasping) StdoutLine: {'line': b'byte-compiling /home/jetson/vmf/install/robot_grasping/lib/python3.10/site-packages/openpoints/models/backbone/pointnet.py to pointnet.cpython-310.pyc\n'}
[2.675606] (robot_grasping) StdoutLine: {'line': b'byte-compiling /home/jetson/vmf/install/robot_grasping/lib/python3.10/site-packages/openpoints/models/backbone/pct.py to pct.cpython-310.pyc\n'}
[2.677972] (robot_grasping) StdoutLine: {'line': b'byte-compiling /home/jetson/vmf/install/robot_grasping/lib/python3.10/site-packages/openpoints/models/backbone/debug_invvit.py to debug_invvit.cpython-310.pyc\n'}
[2.679622] (robot_grasping) StdoutLine: {'line': b'byte-compiling /home/jetson/vmf/install/robot_grasping/lib/python3.10/site-packages/openpoints/models/backbone/pointnext.py to pointnext.cpython-310.pyc\n'}
[2.686984] (robot_grasping) StdoutLine: {'line': b'byte-compiling /home/jetson/vmf/install/robot_grasping/lib/python3.10/site-packages/openpoints/models/backbone/curvenet.py to curvenet.cpython-310.pyc\n'}
[2.694830] (robot_grasping) StdoutLine: {'line': b'byte-compiling /home/jetson/vmf/install/robot_grasping/lib/python3.10/site-packages/openpoints/models/backbone/pointtransformer.py to pointtransformer.cpython-310.pyc\n'}
[2.699386] (robot_grasping) StdoutLine: {'line': b'byte-compiling /home/jetson/vmf/install/robot_grasping/lib/python3.10/site-packages/openpoints/models/backbone/resnet.py to resnet.cpython-310.pyc\n'}
[2.702509] (robot_grasping) StdoutLine: {'line': b'byte-compiling /home/jetson/vmf/install/robot_grasping/lib/python3.10/site-packages/openpoints/models/backbone/pointnetv2.py to pointnetv2.cpython-310.pyc\n'}
[2.707476] (robot_grasping) StdoutLine: {'line': b'byte-compiling /home/jetson/vmf/install/robot_grasping/lib/python3.10/site-packages/openpoints/models/backbone/__init__.py to __init__.cpython-310.pyc\n'}
[2.707957] (robot_grasping) StdoutLine: {'line': b'byte-compiling /home/jetson/vmf/install/robot_grasping/lib/python3.10/site-packages/openpoints/models/backbone/pointvit_inv.py to pointvit_inv.cpython-310.pyc\n'}
[2.710966] (-) TimerEvent: {}
[2.717860] (robot_grasping) StdoutLine: {'line': b'byte-compiling /home/jetson/vmf/install/robot_grasping/lib/python3.10/site-packages/openpoints/models/segmentation/base_seg.py to base_seg.cpython-310.pyc\n'}
[2.720753] (robot_grasping) StdoutLine: {'line': b'byte-compiling /home/jetson/vmf/install/robot_grasping/lib/python3.10/site-packages/openpoints/models/segmentation/vit_seg.py to vit_seg.cpython-310.pyc\n'}
[2.721973] (robot_grasping) StdoutLine: {'line': b'byte-compiling /home/jetson/vmf/install/robot_grasping/lib/python3.10/site-packages/openpoints/models/segmentation/__init__.py to __init__.cpython-310.pyc\n'}
[2.722387] (robot_grasping) StdoutLine: {'line': b'byte-compiling /home/jetson/vmf/install/robot_grasping/lib/python3.10/site-packages/openpoints/models/__init__.py to __init__.cpython-310.pyc\n'}
[2.722772] (robot_grasping) StdoutLine: {'line': b'byte-compiling /home/jetson/vmf/install/robot_grasping/lib/python3.10/site-packages/openpoints/scheduler/multistep_lr.py to multistep_lr.cpython-310.pyc\n'}
[2.723902] (robot_grasping) StdoutLine: {'line': b'byte-compiling /home/jetson/vmf/install/robot_grasping/lib/python3.10/site-packages/openpoints/scheduler/step_lr.py to step_lr.cpython-310.pyc\n'}
[2.724769] (robot_grasping) StdoutLine: {'line': b'byte-compiling /home/jetson/vmf/install/robot_grasping/lib/python3.10/site-packages/openpoints/scheduler/poly_lr.py to poly_lr.cpython-310.pyc\n'}
[2.726182] (robot_grasping) StdoutLine: {'line': b'byte-compiling /home/jetson/vmf/install/robot_grasping/lib/python3.10/site-packages/openpoints/scheduler/plateau_lr.py to plateau_lr.cpython-310.pyc\n'}
[2.727614] (robot_grasping) StdoutLine: {'line': b'byte-compiling /home/jetson/vmf/install/robot_grasping/lib/python3.10/site-packages/openpoints/scheduler/scheduler_factory.py to scheduler_factory.cpython-310.pyc\n'}
[2.728847] (robot_grasping) StdoutLine: {'line': b'byte-compiling /home/jetson/vmf/install/robot_grasping/lib/python3.10/site-packages/openpoints/scheduler/cosine_lr.py to cosine_lr.cpython-310.pyc\n'}
[2.730235] (robot_grasping) StdoutLine: {'line': b'byte-compiling /home/jetson/vmf/install/robot_grasping/lib/python3.10/site-packages/openpoints/scheduler/scheduler.py to scheduler.cpython-310.pyc\n'}
[2.731776] (robot_grasping) StdoutLine: {'line': b'byte-compiling /home/jetson/vmf/install/robot_grasping/lib/python3.10/site-packages/openpoints/scheduler/tanh_lr.py to tanh_lr.cpython-310.pyc\n'}
[2.733171] (robot_grasping) StdoutLine: {'line': b'byte-compiling /home/jetson/vmf/install/robot_grasping/lib/python3.10/site-packages/openpoints/scheduler/__init__.py to __init__.cpython-310.pyc\n'}
[2.733560] (robot_grasping) StdoutLine: {'line': b'byte-compiling /home/jetson/vmf/install/robot_grasping/lib/python3.10/site-packages/openpoints/loss/cross_entropy.py to cross_entropy.cpython-310.pyc\n'}
[2.734538] (robot_grasping) StdoutLine: {'line': b'byte-compiling /home/jetson/vmf/install/robot_grasping/lib/python3.10/site-packages/openpoints/loss/build.py to build.cpython-310.pyc\n'}
[2.737881] (robot_grasping) StdoutLine: {'line': b'byte-compiling /home/jetson/vmf/install/robot_grasping/lib/python3.10/site-packages/openpoints/loss/distill_loss.py to distill_loss.cpython-310.pyc\n'}
[2.738858] (robot_grasping) StdoutLine: {'line': b'byte-compiling /home/jetson/vmf/install/robot_grasping/lib/python3.10/site-packages/openpoints/loss/__init__.py to __init__.cpython-310.pyc\n'}
[2.739224] (robot_grasping) StdoutLine: {'line': b'byte-compiling /home/jetson/vmf/install/robot_grasping/lib/python3.10/site-packages/openpoints/dataset/pcqm4m/data.py to data.cpython-310.pyc\n'}
[2.743009] (robot_grasping) StdoutLine: {'line': b'byte-compiling /home/jetson/vmf/install/robot_grasping/lib/python3.10/site-packages/openpoints/dataset/pcqm4m/__init__.py to __init__.cpython-310.pyc\n'}
[2.743386] (robot_grasping) StdoutLine: {'line': b'byte-compiling /home/jetson/vmf/install/robot_grasping/lib/python3.10/site-packages/openpoints/dataset/graph_dataset/svd_encodings_dataset.py to svd_encodings_dataset.cpython-310.pyc\n'}
[2.743653] (robot_grasping) StdoutLine: {'line': b'byte-compiling /home/jetson/vmf/install/robot_grasping/lib/python3.10/site-packages/openpoints/dataset/graph_dataset/structural_dataset.py to structural_dataset.cpython-310.pyc\n'}
[2.743779] (robot_grasping) StdoutLine: {'line': b'byte-compiling /home/jetson/vmf/install/robot_grasping/lib/python3.10/site-packages/openpoints/dataset/graph_dataset/stack_with_pad.py to stack_with_pad.cpython-310.pyc\n'}
[2.744926] (robot_grasping) StdoutLine: {'line': b'byte-compiling /home/jetson/vmf/install/robot_grasping/lib/python3.10/site-packages/openpoints/dataset/graph_dataset/graph_dataset.py to graph_dataset.cpython-310.pyc\n'}
[2.746235] (robot_grasping) StdoutLine: {'line': b'byte-compiling /home/jetson/vmf/install/robot_grasping/lib/python3.10/site-packages/openpoints/dataset/graph_dataset/__init__.py to __init__.cpython-310.pyc\n'}
[2.746625] (robot_grasping) StdoutLine: {'line': b'byte-compiling /home/jetson/vmf/install/robot_grasping/lib/python3.10/site-packages/openpoints/dataset/pcqm4mv2/data.py to data.cpython-310.pyc\n'}
[2.747849] (robot_grasping) StdoutLine: {'line': b'byte-compiling /home/jetson/vmf/install/robot_grasping/lib/python3.10/site-packages/openpoints/dataset/pcqm4mv2/__init__.py to __init__.cpython-310.pyc\n'}
[2.748156] (robot_grasping) StdoutLine: {'line': b'byte-compiling /home/jetson/vmf/install/robot_grasping/lib/python3.10/site-packages/openpoints/dataset/dataset_base.py to dataset_base.cpython-310.pyc\n'}
[2.749633] (robot_grasping) StdoutLine: {'line': b'byte-compiling /home/jetson/vmf/install/robot_grasping/lib/python3.10/site-packages/openpoints/dataset/atom3d/psr.py to psr.cpython-310.pyc\n'}
[2.750610] (robot_grasping) StdoutLine: {'line': b'byte-compiling /home/jetson/vmf/install/robot_grasping/lib/python3.10/site-packages/openpoints/dataset/atom3d/__init__.py to __init__.cpython-310.pyc\n'}
[2.750999] (robot_grasping) StdoutLine: {'line': b'byte-compiling /home/jetson/vmf/install/robot_grasping/lib/python3.10/site-packages/openpoints/dataset/build.py to build.cpython-310.pyc\n'}
[2.752261] (robot_grasping) StdoutLine: {'line': b'byte-compiling /home/jetson/vmf/install/robot_grasping/lib/python3.10/site-packages/openpoints/dataset/data_util.py to data_util.cpython-310.pyc\n'}
[2.754666] (robot_grasping) StdoutLine: {'line': b'byte-compiling /home/jetson/vmf/install/robot_grasping/lib/python3.10/site-packages/openpoints/dataset/s3dis/s3dis.py to s3dis.cpython-310.pyc\n'}
[2.757103] (robot_grasping) StdoutLine: {'line': b'byte-compiling /home/jetson/vmf/install/robot_grasping/lib/python3.10/site-packages/openpoints/dataset/s3dis/s3dis_sphere.py to s3dis_sphere.cpython-310.pyc\n'}
[2.760953] (robot_grasping) StdoutLine: {'line': b'byte-compiling /home/jetson/vmf/install/robot_grasping/lib/python3.10/site-packages/openpoints/dataset/s3dis/s3dis_block.py to s3dis_block.cpython-310.pyc\n'}
[2.761344] (robot_grasping) StdoutLine: {'line': b'byte-compiling /home/jetson/vmf/install/robot_grasping/lib/python3.10/site-packages/openpoints/dataset/s3dis/__init__.py to __init__.cpython-310.pyc\n'}
[2.761683] (robot_grasping) StdoutLine: {'line': b'byte-compiling /home/jetson/vmf/install/robot_grasping/lib/python3.10/site-packages/openpoints/dataset/shapenetpart/shapenetpart.py to shapenetpart.cpython-310.pyc\n'}
[2.767177] (robot_grasping) StdoutLine: {'line': b'byte-compiling /home/jetson/vmf/install/robot_grasping/lib/python3.10/site-packages/openpoints/dataset/shapenetpart/shapenet55.py to shapenet55.cpython-310.pyc\n'}
[2.768349] (robot_grasping) StdoutLine: {'line': b'byte-compiling /home/jetson/vmf/install/robot_grasping/lib/python3.10/site-packages/openpoints/dataset/shapenetpart/__init__.py to __init__.cpython-310.pyc\n'}
[2.768727] (robot_grasping) StdoutLine: {'line': b'byte-compiling /home/jetson/vmf/install/robot_grasping/lib/python3.10/site-packages/openpoints/dataset/vis2d.py to vis2d.cpython-310.pyc\n'}
[2.769317] (robot_grasping) StdoutLine: {'line': b'byte-compiling /home/jetson/vmf/install/robot_grasping/lib/python3.10/site-packages/openpoints/dataset/modelnet/modelnet40_normal_resampled_loader.py to modelnet40_normal_resampled_loader.cpython-310.pyc\n'}
[2.771412] (robot_grasping) StdoutLine: {'line': b'byte-compiling /home/jetson/vmf/install/robot_grasping/lib/python3.10/site-packages/openpoints/dataset/modelnet/modelnet40_ply_2048_loader.py to modelnet40_ply_2048_loader.cpython-310.pyc\n'}
[2.773097] (robot_grasping) StdoutLine: {'line': b'byte-compiling /home/jetson/vmf/install/robot_grasping/lib/python3.10/site-packages/openpoints/dataset/modelnet/__init__.py to __init__.cpython-310.pyc\n'}
[2.773490] (robot_grasping) StdoutLine: {'line': b'byte-compiling /home/jetson/vmf/install/robot_grasping/lib/python3.10/site-packages/openpoints/dataset/shapenet/shapenetpart.py to shapenetpart.cpython-310.pyc\n'}
[2.775479] (robot_grasping) StdoutLine: {'line': b'byte-compiling /home/jetson/vmf/install/robot_grasping/lib/python3.10/site-packages/openpoints/dataset/shapenet/shapenet55.py to shapenet55.cpython-310.pyc\n'}
[2.776548] (robot_grasping) StdoutLine: {'line': b'byte-compiling /home/jetson/vmf/install/robot_grasping/lib/python3.10/site-packages/openpoints/dataset/shapenet/__init__.py to __init__.cpython-310.pyc\n'}
[2.776945] (robot_grasping) StdoutLine: {'line': b'byte-compiling /home/jetson/vmf/install/robot_grasping/lib/python3.10/site-packages/openpoints/dataset/matterport3d/matterport3d_dataprocessing.py to matterport3d_dataprocessing.cpython-310.pyc\n'}
[2.778336] (robot_grasping) StdoutLine: {'line': b'byte-compiling /home/jetson/vmf/install/robot_grasping/lib/python3.10/site-packages/openpoints/dataset/matterport3d/__init__.py to __init__.cpython-310.pyc\n'}
[2.778696] (robot_grasping) StdoutLine: {'line': b'byte-compiling /home/jetson/vmf/install/robot_grasping/lib/python3.10/site-packages/openpoints/dataset/matterport3d/matterport3d.py to matterport3d.cpython-310.pyc\n'}
[2.780895] (robot_grasping) StdoutLine: {'line': b'byte-compiling /home/jetson/vmf/install/robot_grasping/lib/python3.10/site-packages/openpoints/dataset/semantic_kitti/semantickitti.py to semantickitti.cpython-310.pyc\n'}
[2.784371] (robot_grasping) StdoutLine: {'line': b'byte-compiling /home/jetson/vmf/install/robot_grasping/lib/python3.10/site-packages/openpoints/dataset/semantic_kitti/helper_tool.py to helper_tool.cpython-310.pyc\n'}
[2.786981] (robot_grasping) StderrLine: {'line': b'/home/jetson/vmf/install/robot_grasping/lib/python3.10/site-packages/openpoints/dataset/semantic_kitti/helper_tool.py:212: SyntaxWarning: "is" with a literal. Did you mean "=="?\n'}
[2.787192] (robot_grasping) StderrLine: {'line': b"  if dataset_name is 'S3DIS':\n"}
[2.787300] (robot_grasping) StderrLine: {'line': b'/home/jetson/vmf/install/robot_grasping/lib/python3.10/site-packages/openpoints/dataset/semantic_kitti/helper_tool.py:215: SyntaxWarning: "is" with a literal. Did you mean "=="?\n'}
[2.787398] (robot_grasping) StderrLine: {'line': b"  elif dataset_name is 'Semantic3D':\n"}
[2.787736] (robot_grasping) StdoutLine: {'line': b'byte-compiling /home/jetson/vmf/install/robot_grasping/lib/python3.10/site-packages/openpoints/dataset/semantic_kitti/__init__.py to __init__.cpython-310.pyc\n'}
[2.788098] (robot_grasping) StdoutLine: {'line': b'byte-compiling /home/jetson/vmf/install/robot_grasping/lib/python3.10/site-packages/openpoints/dataset/grid_sample.py to grid_sample.cpython-310.pyc\n'}
[2.788694] (robot_grasping) StdoutLine: {'line': b'byte-compiling /home/jetson/vmf/install/robot_grasping/lib/python3.10/site-packages/openpoints/dataset/molpcba/data.py to data.cpython-310.pyc\n'}
[2.789740] (robot_grasping) StdoutLine: {'line': b'byte-compiling /home/jetson/vmf/install/robot_grasping/lib/python3.10/site-packages/openpoints/dataset/molpcba/__init__.py to __init__.cpython-310.pyc\n'}
[2.790036] (robot_grasping) StdoutLine: {'line': b'byte-compiling /home/jetson/vmf/install/robot_grasping/lib/python3.10/site-packages/openpoints/dataset/scanobjectnn/scanobjectnn.py to scanobjectnn.cpython-310.pyc\n'}
[2.791594] (robot_grasping) StdoutLine: {'line': b'byte-compiling /home/jetson/vmf/install/robot_grasping/lib/python3.10/site-packages/openpoints/dataset/scanobjectnn/__init__.py to __init__.cpython-310.pyc\n'}
[2.791920] (robot_grasping) StdoutLine: {'line': b'byte-compiling /home/jetson/vmf/install/robot_grasping/lib/python3.10/site-packages/openpoints/dataset/molhiv/data.py to data.cpython-310.pyc\n'}
[2.792843] (robot_grasping) StdoutLine: {'line': b'byte-compiling /home/jetson/vmf/install/robot_grasping/lib/python3.10/site-packages/openpoints/dataset/molhiv/__init__.py to __init__.cpython-310.pyc\n'}
[2.793202] (robot_grasping) StdoutLine: {'line': b'byte-compiling /home/jetson/vmf/install/robot_grasping/lib/python3.10/site-packages/openpoints/dataset/parsers/parser_factory.py to parser_factory.cpython-310.pyc\n'}
[2.793933] (robot_grasping) StdoutLine: {'line': b'byte-compiling /home/jetson/vmf/install/robot_grasping/lib/python3.10/site-packages/openpoints/dataset/parsers/parser_image_tar.py to parser_image_tar.cpython-310.pyc\n'}
[2.795014] (robot_grasping) StdoutLine: {'line': b'byte-compiling /home/jetson/vmf/install/robot_grasping/lib/python3.10/site-packages/openpoints/dataset/parsers/parser_tfds.py to parser_tfds.cpython-310.pyc\n'}
[2.797428] (robot_grasping) StdoutLine: {'line': b'byte-compiling /home/jetson/vmf/install/robot_grasping/lib/python3.10/site-packages/openpoints/dataset/parsers/parser_image_folder.py to parser_image_folder.cpython-310.pyc\n'}
[2.798619] (robot_grasping) StdoutLine: {'line': b'byte-compiling /home/jetson/vmf/install/robot_grasping/lib/python3.10/site-packages/openpoints/dataset/parsers/parser_image_in_tar.py to parser_image_in_tar.cpython-310.pyc\n'}
[2.801554] (robot_grasping) StdoutLine: {'line': b'byte-compiling /home/jetson/vmf/install/robot_grasping/lib/python3.10/site-packages/openpoints/dataset/parsers/constants.py to constants.cpython-310.pyc\n'}
[2.801948] (robot_grasping) StdoutLine: {'line': b'byte-compiling /home/jetson/vmf/install/robot_grasping/lib/python3.10/site-packages/openpoints/dataset/parsers/parser.py to parser.cpython-310.pyc\n'}
[2.802497] (robot_grasping) StdoutLine: {'line': b'byte-compiling /home/jetson/vmf/install/robot_grasping/lib/python3.10/site-packages/openpoints/dataset/parsers/class_map.py to class_map.cpython-310.pyc\n'}
[2.803106] (robot_grasping) StdoutLine: {'line': b'byte-compiling /home/jetson/vmf/install/robot_grasping/lib/python3.10/site-packages/openpoints/dataset/parsers/__init__.py to __init__.cpython-310.pyc\n'}
[2.803438] (robot_grasping) StdoutLine: {'line': b'byte-compiling /home/jetson/vmf/install/robot_grasping/lib/python3.10/site-packages/openpoints/dataset/vis3d.py to vis3d.cpython-310.pyc\n'}
[2.805146] (robot_grasping) StdoutLine: {'line': b'byte-compiling /home/jetson/vmf/install/robot_grasping/lib/python3.10/site-packages/openpoints/dataset/scannetv2/scannet.py to scannet.cpython-310.pyc\n'}
[2.807654] (robot_grasping) StdoutLine: {'line': b'byte-compiling /home/jetson/vmf/install/robot_grasping/lib/python3.10/site-packages/openpoints/dataset/scannetv2/__init__.py to __init__.cpython-310.pyc\n'}
[2.807984] (robot_grasping) StdoutLine: {'line': b'byte-compiling /home/jetson/vmf/install/robot_grasping/lib/python3.10/site-packages/openpoints/dataset/datalist.py to datalist.cpython-310.pyc\n'}
[2.809142] (robot_grasping) StdoutLine: {'line': b'byte-compiling /home/jetson/vmf/install/robot_grasping/lib/python3.10/site-packages/openpoints/dataset/__init__.py to __init__.cpython-310.pyc\n'}
[2.809554] (robot_grasping) StdoutLine: {'line': b'byte-compiling /home/jetson/vmf/install/robot_grasping/lib/python3.10/site-packages/openpoints/__init__.py to __init__.cpython-310.pyc\n'}
[2.809950] (robot_grasping) StdoutLine: {'line': b'byte-compiling /home/jetson/vmf/install/robot_grasping/lib/python3.10/site-packages/openpoints/optim/radam.py to radam.cpython-310.pyc\n'}
[2.811325] (-) TimerEvent: {}
[2.811652] (robot_grasping) StdoutLine: {'line': b'byte-compiling /home/jetson/vmf/install/robot_grasping/lib/python3.10/site-packages/openpoints/optim/adafactor.py to adafactor.cpython-310.pyc\n'}
[2.813105] (robot_grasping) StdoutLine: {'line': b'byte-compiling /home/jetson/vmf/install/robot_grasping/lib/python3.10/site-packages/openpoints/optim/adamw.py to adamw.cpython-310.pyc\n'}
[2.814347] (robot_grasping) StdoutLine: {'line': b'byte-compiling /home/jetson/vmf/install/robot_grasping/lib/python3.10/site-packages/openpoints/optim/sgdp.py to sgdp.cpython-310.pyc\n'}
[2.815254] (robot_grasping) StdoutLine: {'line': b'byte-compiling /home/jetson/vmf/install/robot_grasping/lib/python3.10/site-packages/openpoints/optim/rmsprop_tf.py to rmsprop_tf.cpython-310.pyc\n'}
[2.816578] (robot_grasping) StdoutLine: {'line': b'byte-compiling /home/jetson/vmf/install/robot_grasping/lib/python3.10/site-packages/openpoints/optim/optim_factory.py to optim_factory.cpython-310.pyc\n'}
[2.820729] (robot_grasping) StdoutLine: {'line': b'byte-compiling /home/jetson/vmf/install/robot_grasping/lib/python3.10/site-packages/openpoints/optim/lars.py to lars.cpython-310.pyc\n'}
[2.821216] (robot_grasping) StdoutLine: {'line': b'byte-compiling /home/jetson/vmf/install/robot_grasping/lib/python3.10/site-packages/openpoints/optim/adahessian.py to adahessian.cpython-310.pyc\n'}
[2.822981] (robot_grasping) StdoutLine: {'line': b'byte-compiling /home/jetson/vmf/install/robot_grasping/lib/python3.10/site-packages/openpoints/optim/lookahead.py to lookahead.cpython-310.pyc\n'}
[2.824239] (robot_grasping) StdoutLine: {'line': b'byte-compiling /home/jetson/vmf/install/robot_grasping/lib/python3.10/site-packages/openpoints/optim/nadam.py to nadam.cpython-310.pyc\n'}
[2.825000] (robot_grasping) StdoutLine: {'line': b'byte-compiling /home/jetson/vmf/install/robot_grasping/lib/python3.10/site-packages/openpoints/optim/adamp.py to adamp.cpython-310.pyc\n'}
[2.826412] (robot_grasping) StdoutLine: {'line': b'byte-compiling /home/jetson/vmf/install/robot_grasping/lib/python3.10/site-packages/openpoints/optim/adabelief.py to adabelief.cpython-310.pyc\n'}
[2.828447] (robot_grasping) StdoutLine: {'line': b'byte-compiling /home/jetson/vmf/install/robot_grasping/lib/python3.10/site-packages/openpoints/optim/lamb.py to lamb.cpython-310.pyc\n'}
[2.829881] (robot_grasping) StdoutLine: {'line': b'byte-compiling /home/jetson/vmf/install/robot_grasping/lib/python3.10/site-packages/openpoints/optim/__init__.py to __init__.cpython-310.pyc\n'}
[2.830317] (robot_grasping) StdoutLine: {'line': b'byte-compiling /home/jetson/vmf/install/robot_grasping/lib/python3.10/site-packages/openpoints/optim/madgrad.py to madgrad.cpython-310.pyc\n'}
[2.831994] (robot_grasping) StdoutLine: {'line': b'byte-compiling /home/jetson/vmf/install/robot_grasping/lib/python3.10/site-packages/openpoints/optim/nvnovograd.py to nvnovograd.cpython-310.pyc\n'}
[2.833270] (robot_grasping) StdoutLine: {'line': b'running install_data\n'}
[2.838961] (robot_grasping) StdoutLine: {'line': b'creating /home/jetson/vmf/install/robot_grasping/share/ament_index\n'}
[2.839225] (robot_grasping) StdoutLine: {'line': b'creating /home/jetson/vmf/install/robot_grasping/share/ament_index/resource_index\n'}
[2.839352] (robot_grasping) StdoutLine: {'line': b'creating /home/jetson/vmf/install/robot_grasping/share/ament_index/resource_index/packages\n'}
[2.839462] (robot_grasping) StdoutLine: {'line': b'copying resource/robot_grasping -> /home/jetson/vmf/install/robot_grasping/share/ament_index/resource_index/packages\n'}
[2.839568] (robot_grasping) StdoutLine: {'line': b'copying package.xml -> /home/jetson/vmf/install/robot_grasping/share/robot_grasping\n'}
[2.839669] (robot_grasping) StdoutLine: {'line': b'running install_egg_info\n'}
[2.839766] (robot_grasping) StdoutLine: {'line': b'Copying build/robot_grasping/robot_grasping.egg-info to /home/jetson/vmf/install/robot_grasping/lib/python3.10/site-packages/robot_grasping-0.0.0-py3.10.egg-info\n'}
[2.840041] (robot_grasping) StdoutLine: {'line': b'running install_scripts\n'}
[2.879424] (robot_grasping) StdoutLine: {'line': b'Installing data script to /home/jetson/vmf/install/robot_grasping/lib/robot_grasping\n'}
[2.880806] (robot_grasping) StdoutLine: {'line': b'Installing frame_saver script to /home/jetson/vmf/install/robot_grasping/lib/robot_grasping\n'}
[2.881041] (robot_grasping) StdoutLine: {'line': b'Installing giga script to /home/jetson/vmf/install/robot_grasping/lib/robot_grasping\n'}
[2.881163] (robot_grasping) StdoutLine: {'line': b'Installing giga_active script to /home/jetson/vmf/install/robot_grasping/lib/robot_grasping\n'}
[2.881269] (robot_grasping) StdoutLine: {'line': b'Installing visualization script to /home/jetson/vmf/install/robot_grasping/lib/robot_grasping\n'}
[2.881370] (robot_grasping) StdoutLine: {'line': b'Installing vlm script to /home/jetson/vmf/install/robot_grasping/lib/robot_grasping\n'}
[2.881494] (robot_grasping) StdoutLine: {'line': b'Installing vmf script to /home/jetson/vmf/install/robot_grasping/lib/robot_grasping\n'}
[2.901999] (robot_grasping) StdoutLine: {'line': b"writing list of installed files to '/home/jetson/vmf/build/robot_grasping/install.log'\n"}
[2.911531] (-) TimerEvent: {}
[2.979002] (robot_grasping) CommandEnded: {'returncode': 0}
[3.009959] (robot_grasping) JobEnded: {'identifier': 'robot_grasping', 'rc': 0}
[3.011719] (-) EventReactorShutdown: {}
