running egg_info
creating build/robot_grasping/robot_grasping.egg-info
writing build/robot_grasping/robot_grasping.egg-info/PKG-INFO
writing dependency_links to build/robot_grasping/robot_grasping.egg-info/dependency_links.txt
writing entry points to build/robot_grasping/robot_grasping.egg-info/entry_points.txt
writing requirements to build/robot_grasping/robot_grasping.egg-info/requires.txt
writing top-level names to build/robot_grasping/robot_grasping.egg-info/top_level.txt
writing manifest file 'build/robot_grasping/robot_grasping.egg-info/SOURCES.txt'
reading manifest file 'build/robot_grasping/robot_grasping.egg-info/SOURCES.txt'
writing manifest file 'build/robot_grasping/robot_grasping.egg-info/SOURCES.txt'
running build
running build_py
creating /home/jetson/vmf/build/robot_grasping/build
creating /home/jetson/vmf/build/robot_grasping/build/lib
creating /home/jetson/vmf/build/robot_grasping/build/lib/active_grasp
copying active_grasp/baselines.py -> /home/jetson/vmf/build/robot_grasping/build/lib/active_grasp
copying active_grasp/timer.py -> /home/jetson/vmf/build/robot_grasping/build/lib/active_grasp
copying active_grasp/policy.py -> /home/jetson/vmf/build/robot_grasping/build/lib/active_grasp
copying active_grasp/networks.py -> /home/jetson/vmf/build/robot_grasping/build/lib/active_grasp
copying active_grasp/spatial.py -> /home/jetson/vmf/build/robot_grasping/build/lib/active_grasp
copying active_grasp/bbox.py -> /home/jetson/vmf/build/robot_grasping/build/lib/active_grasp
copying active_grasp/nbv.py -> /home/jetson/vmf/build/robot_grasping/build/lib/active_grasp
copying active_grasp/vlm_policy.py -> /home/jetson/vmf/build/robot_grasping/build/lib/active_grasp
copying active_grasp/perception.py -> /home/jetson/vmf/build/robot_grasping/build/lib/active_grasp
copying active_grasp/__init__.py -> /home/jetson/vmf/build/robot_grasping/build/lib/active_grasp
creating /home/jetson/vmf/build/robot_grasping/build/lib/vmf_contact_main
copying vmf_contact_main/train.py -> /home/jetson/vmf/build/robot_grasping/build/lib/vmf_contact_main
copying vmf_contact_main/test.py -> /home/jetson/vmf/build/robot_grasping/build/lib/vmf_contact_main
copying vmf_contact_main/remote_agent.py -> /home/jetson/vmf/build/robot_grasping/build/lib/vmf_contact_main
copying vmf_contact_main/__init__.py -> /home/jetson/vmf/build/robot_grasping/build/lib/vmf_contact_main
creating /home/jetson/vmf/build/robot_grasping/build/lib/ros2_nodes
copying ros2_nodes/camera_utils.py -> /home/jetson/vmf/build/robot_grasping/build/lib/ros2_nodes
copying ros2_nodes/utils_camera.py -> /home/jetson/vmf/build/robot_grasping/build/lib/ros2_nodes
copying ros2_nodes/inference_node_vlm.py -> /home/jetson/vmf/build/robot_grasping/build/lib/ros2_nodes
copying ros2_nodes/inference_node_data.py -> /home/jetson/vmf/build/robot_grasping/build/lib/ros2_nodes
copying ros2_nodes/test_frame_saver.py -> /home/jetson/vmf/build/robot_grasping/build/lib/ros2_nodes
copying ros2_nodes/inference_node_giga_active.py -> /home/jetson/vmf/build/robot_grasping/build/lib/ros2_nodes
copying ros2_nodes/inference_node_vmf.py -> /home/jetson/vmf/build/robot_grasping/build/lib/ros2_nodes
copying ros2_nodes/utils_node.py -> /home/jetson/vmf/build/robot_grasping/build/lib/ros2_nodes
copying ros2_nodes/test_visualization_node.py -> /home/jetson/vmf/build/robot_grasping/build/lib/ros2_nodes
copying ros2_nodes/inference_node_base.py -> /home/jetson/vmf/build/robot_grasping/build/lib/ros2_nodes
copying ros2_nodes/inference_node_giga.py -> /home/jetson/vmf/build/robot_grasping/build/lib/ros2_nodes
copying ros2_nodes/__init__.py -> /home/jetson/vmf/build/robot_grasping/build/lib/ros2_nodes
creating /home/jetson/vmf/build/robot_grasping/build/lib/openpoints
copying openpoints/__init__.py -> /home/jetson/vmf/build/robot_grasping/build/lib/openpoints
creating /home/jetson/vmf/build/robot_grasping/build/lib/vmf_contact_main/vmf_contact
copying vmf_contact_main/vmf_contact/__init__.py -> /home/jetson/vmf/build/robot_grasping/build/lib/vmf_contact_main/vmf_contact
creating /home/jetson/vmf/build/robot_grasping/build/lib/vmf_contact_main/openpoints
copying vmf_contact_main/openpoints/__init__.py -> /home/jetson/vmf/build/robot_grasping/build/lib/vmf_contact_main/openpoints
creating /home/jetson/vmf/build/robot_grasping/build/lib/vmf_contact_main/vmf_contact/datasets
copying vmf_contact_main/vmf_contact/datasets/pointcloud_process.py -> /home/jetson/vmf/build/robot_grasping/build/lib/vmf_contact_main/vmf_contact/datasets
copying vmf_contact_main/vmf_contact/datasets/dataset.py -> /home/jetson/vmf/build/robot_grasping/build/lib/vmf_contact_main/vmf_contact/datasets
copying vmf_contact_main/vmf_contact/datasets/mgn.py -> /home/jetson/vmf/build/robot_grasping/build/lib/vmf_contact_main/vmf_contact/datasets
copying vmf_contact_main/vmf_contact/datasets/__init__.py -> /home/jetson/vmf/build/robot_grasping/build/lib/vmf_contact_main/vmf_contact/datasets
creating /home/jetson/vmf/build/robot_grasping/build/lib/vmf_contact_main/vmf_contact/metrics
copying vmf_contact_main/vmf_contact/metrics/ausc_ause.py -> /home/jetson/vmf/build/robot_grasping/build/lib/vmf_contact_main/vmf_contact/metrics
copying vmf_contact_main/vmf_contact/metrics/aucpr.py -> /home/jetson/vmf/build/robot_grasping/build/lib/vmf_contact_main/vmf_contact/metrics
copying vmf_contact_main/vmf_contact/metrics/brier.py -> /home/jetson/vmf/build/robot_grasping/build/lib/vmf_contact_main/vmf_contact/metrics
copying vmf_contact_main/vmf_contact/metrics/__init__.py -> /home/jetson/vmf/build/robot_grasping/build/lib/vmf_contact_main/vmf_contact/metrics
creating /home/jetson/vmf/build/robot_grasping/build/lib/vmf_contact_main/vmf_contact/model
copying vmf_contact_main/vmf_contact/model/estimator.py -> /home/jetson/vmf/build/robot_grasping/build/lib/vmf_contact_main/vmf_contact/model
copying vmf_contact_main/vmf_contact/model/lightning_module_flow.py -> /home/jetson/vmf/build/robot_grasping/build/lib/vmf_contact_main/vmf_contact/model
copying vmf_contact_main/vmf_contact/model/lightning_module.py -> /home/jetson/vmf/build/robot_grasping/build/lib/vmf_contact_main/vmf_contact/model
copying vmf_contact_main/vmf_contact/model/grasp_buffer.py -> /home/jetson/vmf/build/robot_grasping/build/lib/vmf_contact_main/vmf_contact/model
copying vmf_contact_main/vmf_contact/model/utils.py -> /home/jetson/vmf/build/robot_grasping/build/lib/vmf_contact_main/vmf_contact/model
copying vmf_contact_main/vmf_contact/model/__init__.py -> /home/jetson/vmf/build/robot_grasping/build/lib/vmf_contact_main/vmf_contact/model
creating /home/jetson/vmf/build/robot_grasping/build/lib/vmf_contact_main/vmf_contact/nn
copying vmf_contact_main/vmf_contact/nn/position_encodings.py -> /home/jetson/vmf/build/robot_grasping/build/lib/vmf_contact_main/vmf_contact/nn
copying vmf_contact_main/vmf_contact/nn/util.py -> /home/jetson/vmf/build/robot_grasping/build/lib/vmf_contact_main/vmf_contact/nn
copying vmf_contact_main/vmf_contact/nn/attention.py -> /home/jetson/vmf/build/robot_grasping/build/lib/vmf_contact_main/vmf_contact/nn
copying vmf_contact_main/vmf_contact/nn/scaler.py -> /home/jetson/vmf/build/robot_grasping/build/lib/vmf_contact_main/vmf_contact/nn
copying vmf_contact_main/vmf_contact/nn/network.py -> /home/jetson/vmf/build/robot_grasping/build/lib/vmf_contact_main/vmf_contact/nn
copying vmf_contact_main/vmf_contact/nn/uncertainty_estimator.py -> /home/jetson/vmf/build/robot_grasping/build/lib/vmf_contact_main/vmf_contact/nn
copying vmf_contact_main/vmf_contact/nn/loss.py -> /home/jetson/vmf/build/robot_grasping/build/lib/vmf_contact_main/vmf_contact/nn
copying vmf_contact_main/vmf_contact/nn/pointr.py -> /home/jetson/vmf/build/robot_grasping/build/lib/vmf_contact_main/vmf_contact/nn
copying vmf_contact_main/vmf_contact/nn/multihead_custom_attention.py -> /home/jetson/vmf/build/robot_grasping/build/lib/vmf_contact_main/vmf_contact/nn
copying vmf_contact_main/vmf_contact/nn/__init__.py -> /home/jetson/vmf/build/robot_grasping/build/lib/vmf_contact_main/vmf_contact/nn
creating /home/jetson/vmf/build/robot_grasping/build/lib/vmf_contact_main/vmf_contact/datasets/_utils
copying vmf_contact_main/vmf_contact/datasets/_utils/transforms.py -> /home/jetson/vmf/build/robot_grasping/build/lib/vmf_contact_main/vmf_contact/datasets/_utils
copying vmf_contact_main/vmf_contact/datasets/_utils/_registry.py -> /home/jetson/vmf/build/robot_grasping/build/lib/vmf_contact_main/vmf_contact/datasets/_utils
copying vmf_contact_main/vmf_contact/datasets/_utils/split.py -> /home/jetson/vmf/build/robot_grasping/build/lib/vmf_contact_main/vmf_contact/datasets/_utils
copying vmf_contact_main/vmf_contact/datasets/_utils/_base.py -> /home/jetson/vmf/build/robot_grasping/build/lib/vmf_contact_main/vmf_contact/datasets/_utils
copying vmf_contact_main/vmf_contact/datasets/_utils/__init__.py -> /home/jetson/vmf/build/robot_grasping/build/lib/vmf_contact_main/vmf_contact/datasets/_utils
creating /home/jetson/vmf/build/robot_grasping/build/lib/vmf_contact_main/vmf_contact/nn/output
copying vmf_contact_main/vmf_contact/nn/output/normal.py -> /home/jetson/vmf/build/robot_grasping/build/lib/vmf_contact_main/vmf_contact/nn/output
copying vmf_contact_main/vmf_contact/nn/output/ps.py -> /home/jetson/vmf/build/robot_grasping/build/lib/vmf_contact_main/vmf_contact/nn/output
copying vmf_contact_main/vmf_contact/nn/output/normal_multi.py -> /home/jetson/vmf/build/robot_grasping/build/lib/vmf_contact_main/vmf_contact/nn/output
copying vmf_contact_main/vmf_contact/nn/output/_base.py -> /home/jetson/vmf/build/robot_grasping/build/lib/vmf_contact_main/vmf_contact/nn/output
copying vmf_contact_main/vmf_contact/nn/output/vmf.py -> /home/jetson/vmf/build/robot_grasping/build/lib/vmf_contact_main/vmf_contact/nn/output
copying vmf_contact_main/vmf_contact/nn/output/__init__.py -> /home/jetson/vmf/build/robot_grasping/build/lib/vmf_contact_main/vmf_contact/nn/output
creating /home/jetson/vmf/build/robot_grasping/build/lib/vmf_contact_main/openpoints/cpp
copying vmf_contact_main/openpoints/cpp/__init__.py -> /home/jetson/vmf/build/robot_grasping/build/lib/vmf_contact_main/openpoints/cpp
creating /home/jetson/vmf/build/robot_grasping/build/lib/vmf_contact_main/openpoints/transforms
copying vmf_contact_main/openpoints/transforms/transforms_factory.py -> /home/jetson/vmf/build/robot_grasping/build/lib/vmf_contact_main/openpoints/transforms
copying vmf_contact_main/openpoints/transforms/point_transform_cpu.py -> /home/jetson/vmf/build/robot_grasping/build/lib/vmf_contact_main/openpoints/transforms
copying vmf_contact_main/openpoints/transforms/point_transformer_gpu.py -> /home/jetson/vmf/build/robot_grasping/build/lib/vmf_contact_main/openpoints/transforms
copying vmf_contact_main/openpoints/transforms/__init__.py -> /home/jetson/vmf/build/robot_grasping/build/lib/vmf_contact_main/openpoints/transforms
creating /home/jetson/vmf/build/robot_grasping/build/lib/vmf_contact_main/openpoints/utils
copying vmf_contact_main/openpoints/utils/wandb.py -> /home/jetson/vmf/build/robot_grasping/build/lib/vmf_contact_main/openpoints/utils
copying vmf_contact_main/openpoints/utils/dist_utils.py -> /home/jetson/vmf/build/robot_grasping/build/lib/vmf_contact_main/openpoints/utils
copying vmf_contact_main/openpoints/utils/registry.py -> /home/jetson/vmf/build/robot_grasping/build/lib/vmf_contact_main/openpoints/utils
copying vmf_contact_main/openpoints/utils/metrics.py -> /home/jetson/vmf/build/robot_grasping/build/lib/vmf_contact_main/openpoints/utils
copying vmf_contact_main/openpoints/utils/config.py -> /home/jetson/vmf/build/robot_grasping/build/lib/vmf_contact_main/openpoints/utils
copying vmf_contact_main/openpoints/utils/ckpt_util.py -> /home/jetson/vmf/build/robot_grasping/build/lib/vmf_contact_main/openpoints/utils
copying vmf_contact_main/openpoints/utils/random.py -> /home/jetson/vmf/build/robot_grasping/build/lib/vmf_contact_main/openpoints/utils
copying vmf_contact_main/openpoints/utils/str2bool.py -> /home/jetson/vmf/build/robot_grasping/build/lib/vmf_contact_main/openpoints/utils
copying vmf_contact_main/openpoints/utils/__init__.py -> /home/jetson/vmf/build/robot_grasping/build/lib/vmf_contact_main/openpoints/utils
copying vmf_contact_main/openpoints/utils/logger.py -> /home/jetson/vmf/build/robot_grasping/build/lib/vmf_contact_main/openpoints/utils
creating /home/jetson/vmf/build/robot_grasping/build/lib/vmf_contact_main/openpoints/models
copying vmf_contact_main/openpoints/models/build.py -> /home/jetson/vmf/build/robot_grasping/build/lib/vmf_contact_main/openpoints/models
copying vmf_contact_main/openpoints/models/registry.py -> /home/jetson/vmf/build/robot_grasping/build/lib/vmf_contact_main/openpoints/models
copying vmf_contact_main/openpoints/models/__init__.py -> /home/jetson/vmf/build/robot_grasping/build/lib/vmf_contact_main/openpoints/models
creating /home/jetson/vmf/build/robot_grasping/build/lib/vmf_contact_main/openpoints/scheduler
copying vmf_contact_main/openpoints/scheduler/multistep_lr.py -> /home/jetson/vmf/build/robot_grasping/build/lib/vmf_contact_main/openpoints/scheduler
copying vmf_contact_main/openpoints/scheduler/step_lr.py -> /home/jetson/vmf/build/robot_grasping/build/lib/vmf_contact_main/openpoints/scheduler
copying vmf_contact_main/openpoints/scheduler/poly_lr.py -> /home/jetson/vmf/build/robot_grasping/build/lib/vmf_contact_main/openpoints/scheduler
copying vmf_contact_main/openpoints/scheduler/plateau_lr.py -> /home/jetson/vmf/build/robot_grasping/build/lib/vmf_contact_main/openpoints/scheduler
copying vmf_contact_main/openpoints/scheduler/scheduler_factory.py -> /home/jetson/vmf/build/robot_grasping/build/lib/vmf_contact_main/openpoints/scheduler
copying vmf_contact_main/openpoints/scheduler/cosine_lr.py -> /home/jetson/vmf/build/robot_grasping/build/lib/vmf_contact_main/openpoints/scheduler
copying vmf_contact_main/openpoints/scheduler/scheduler.py -> /home/jetson/vmf/build/robot_grasping/build/lib/vmf_contact_main/openpoints/scheduler
copying vmf_contact_main/openpoints/scheduler/tanh_lr.py -> /home/jetson/vmf/build/robot_grasping/build/lib/vmf_contact_main/openpoints/scheduler
copying vmf_contact_main/openpoints/scheduler/__init__.py -> /home/jetson/vmf/build/robot_grasping/build/lib/vmf_contact_main/openpoints/scheduler
creating /home/jetson/vmf/build/robot_grasping/build/lib/vmf_contact_main/openpoints/loss
copying vmf_contact_main/openpoints/loss/cross_entropy.py -> /home/jetson/vmf/build/robot_grasping/build/lib/vmf_contact_main/openpoints/loss
copying vmf_contact_main/openpoints/loss/build.py -> /home/jetson/vmf/build/robot_grasping/build/lib/vmf_contact_main/openpoints/loss
copying vmf_contact_main/openpoints/loss/distill_loss.py -> /home/jetson/vmf/build/robot_grasping/build/lib/vmf_contact_main/openpoints/loss
copying vmf_contact_main/openpoints/loss/__init__.py -> /home/jetson/vmf/build/robot_grasping/build/lib/vmf_contact_main/openpoints/loss
creating /home/jetson/vmf/build/robot_grasping/build/lib/vmf_contact_main/openpoints/dataset
copying vmf_contact_main/openpoints/dataset/dataset_base.py -> /home/jetson/vmf/build/robot_grasping/build/lib/vmf_contact_main/openpoints/dataset
copying vmf_contact_main/openpoints/dataset/build.py -> /home/jetson/vmf/build/robot_grasping/build/lib/vmf_contact_main/openpoints/dataset
copying vmf_contact_main/openpoints/dataset/data_util.py -> /home/jetson/vmf/build/robot_grasping/build/lib/vmf_contact_main/openpoints/dataset
copying vmf_contact_main/openpoints/dataset/vis2d.py -> /home/jetson/vmf/build/robot_grasping/build/lib/vmf_contact_main/openpoints/dataset
copying vmf_contact_main/openpoints/dataset/grid_sample.py -> /home/jetson/vmf/build/robot_grasping/build/lib/vmf_contact_main/openpoints/dataset
copying vmf_contact_main/openpoints/dataset/vis3d.py -> /home/jetson/vmf/build/robot_grasping/build/lib/vmf_contact_main/openpoints/dataset
copying vmf_contact_main/openpoints/dataset/datalist.py -> /home/jetson/vmf/build/robot_grasping/build/lib/vmf_contact_main/openpoints/dataset
copying vmf_contact_main/openpoints/dataset/__init__.py -> /home/jetson/vmf/build/robot_grasping/build/lib/vmf_contact_main/openpoints/dataset
creating /home/jetson/vmf/build/robot_grasping/build/lib/vmf_contact_main/openpoints/optim
copying vmf_contact_main/openpoints/optim/radam.py -> /home/jetson/vmf/build/robot_grasping/build/lib/vmf_contact_main/openpoints/optim
copying vmf_contact_main/openpoints/optim/adafactor.py -> /home/jetson/vmf/build/robot_grasping/build/lib/vmf_contact_main/openpoints/optim
copying vmf_contact_main/openpoints/optim/adamw.py -> /home/jetson/vmf/build/robot_grasping/build/lib/vmf_contact_main/openpoints/optim
copying vmf_contact_main/openpoints/optim/sgdp.py -> /home/jetson/vmf/build/robot_grasping/build/lib/vmf_contact_main/openpoints/optim
copying vmf_contact_main/openpoints/optim/rmsprop_tf.py -> /home/jetson/vmf/build/robot_grasping/build/lib/vmf_contact_main/openpoints/optim
copying vmf_contact_main/openpoints/optim/optim_factory.py -> /home/jetson/vmf/build/robot_grasping/build/lib/vmf_contact_main/openpoints/optim
copying vmf_contact_main/openpoints/optim/lars.py -> /home/jetson/vmf/build/robot_grasping/build/lib/vmf_contact_main/openpoints/optim
copying vmf_contact_main/openpoints/optim/adahessian.py -> /home/jetson/vmf/build/robot_grasping/build/lib/vmf_contact_main/openpoints/optim
copying vmf_contact_main/openpoints/optim/lookahead.py -> /home/jetson/vmf/build/robot_grasping/build/lib/vmf_contact_main/openpoints/optim
copying vmf_contact_main/openpoints/optim/nadam.py -> /home/jetson/vmf/build/robot_grasping/build/lib/vmf_contact_main/openpoints/optim
copying vmf_contact_main/openpoints/optim/adamp.py -> /home/jetson/vmf/build/robot_grasping/build/lib/vmf_contact_main/openpoints/optim
copying vmf_contact_main/openpoints/optim/adabelief.py -> /home/jetson/vmf/build/robot_grasping/build/lib/vmf_contact_main/openpoints/optim
copying vmf_contact_main/openpoints/optim/lamb.py -> /home/jetson/vmf/build/robot_grasping/build/lib/vmf_contact_main/openpoints/optim
copying vmf_contact_main/openpoints/optim/__init__.py -> /home/jetson/vmf/build/robot_grasping/build/lib/vmf_contact_main/openpoints/optim
copying vmf_contact_main/openpoints/optim/madgrad.py -> /home/jetson/vmf/build/robot_grasping/build/lib/vmf_contact_main/openpoints/optim
copying vmf_contact_main/openpoints/optim/nvnovograd.py -> /home/jetson/vmf/build/robot_grasping/build/lib/vmf_contact_main/openpoints/optim
creating /home/jetson/vmf/build/robot_grasping/build/lib/vmf_contact_main/openpoints/cpp/emd
copying vmf_contact_main/openpoints/cpp/emd/setup.py -> /home/jetson/vmf/build/robot_grasping/build/lib/vmf_contact_main/openpoints/cpp/emd
copying vmf_contact_main/openpoints/cpp/emd/test_emd_loss.py -> /home/jetson/vmf/build/robot_grasping/build/lib/vmf_contact_main/openpoints/cpp/emd
copying vmf_contact_main/openpoints/cpp/emd/emd.py -> /home/jetson/vmf/build/robot_grasping/build/lib/vmf_contact_main/openpoints/cpp/emd
copying vmf_contact_main/openpoints/cpp/emd/__init__.py -> /home/jetson/vmf/build/robot_grasping/build/lib/vmf_contact_main/openpoints/cpp/emd
creating /home/jetson/vmf/build/robot_grasping/build/lib/vmf_contact_main/openpoints/cpp/chamfer_dist
copying vmf_contact_main/openpoints/cpp/chamfer_dist/setup.py -> /home/jetson/vmf/build/robot_grasping/build/lib/vmf_contact_main/openpoints/cpp/chamfer_dist
copying vmf_contact_main/openpoints/cpp/chamfer_dist/test.py -> /home/jetson/vmf/build/robot_grasping/build/lib/vmf_contact_main/openpoints/cpp/chamfer_dist
copying vmf_contact_main/openpoints/cpp/chamfer_dist/__init__.py -> /home/jetson/vmf/build/robot_grasping/build/lib/vmf_contact_main/openpoints/cpp/chamfer_dist
creating /home/jetson/vmf/build/robot_grasping/build/lib/vmf_contact_main/openpoints/cpp/pointops
copying vmf_contact_main/openpoints/cpp/pointops/setup.py -> /home/jetson/vmf/build/robot_grasping/build/lib/vmf_contact_main/openpoints/cpp/pointops
copying vmf_contact_main/openpoints/cpp/pointops/__init__.py -> /home/jetson/vmf/build/robot_grasping/build/lib/vmf_contact_main/openpoints/cpp/pointops
creating /home/jetson/vmf/build/robot_grasping/build/lib/vmf_contact_main/openpoints/cpp/pointnet2_batch
copying vmf_contact_main/openpoints/cpp/pointnet2_batch/setup.py -> /home/jetson/vmf/build/robot_grasping/build/lib/vmf_contact_main/openpoints/cpp/pointnet2_batch
copying vmf_contact_main/openpoints/cpp/pointnet2_batch/__init__.py -> /home/jetson/vmf/build/robot_grasping/build/lib/vmf_contact_main/openpoints/cpp/pointnet2_batch
creating /home/jetson/vmf/build/robot_grasping/build/lib/vmf_contact_main/openpoints/cpp/pointops/functions
copying vmf_contact_main/openpoints/cpp/pointops/functions/pointops.py -> /home/jetson/vmf/build/robot_grasping/build/lib/vmf_contact_main/openpoints/cpp/pointops/functions
copying vmf_contact_main/openpoints/cpp/pointops/functions/__init__.py -> /home/jetson/vmf/build/robot_grasping/build/lib/vmf_contact_main/openpoints/cpp/pointops/functions
creating /home/jetson/vmf/build/robot_grasping/build/lib/vmf_contact_main/openpoints/cpp/pointops/src
copying vmf_contact_main/openpoints/cpp/pointops/src/__init__.py -> /home/jetson/vmf/build/robot_grasping/build/lib/vmf_contact_main/openpoints/cpp/pointops/src
creating /home/jetson/vmf/build/robot_grasping/build/lib/vmf_contact_main/openpoints/models/reconstruction
copying vmf_contact_main/openpoints/models/reconstruction/maskedpoint.py -> /home/jetson/vmf/build/robot_grasping/build/lib/vmf_contact_main/openpoints/models/reconstruction
copying vmf_contact_main/openpoints/models/reconstruction/base_recontruct.py -> /home/jetson/vmf/build/robot_grasping/build/lib/vmf_contact_main/openpoints/models/reconstruction
copying vmf_contact_main/openpoints/models/reconstruction/nodeshuffle.py -> /home/jetson/vmf/build/robot_grasping/build/lib/vmf_contact_main/openpoints/models/reconstruction
copying vmf_contact_main/openpoints/models/reconstruction/maskedpointvit.py -> /home/jetson/vmf/build/robot_grasping/build/lib/vmf_contact_main/openpoints/models/reconstruction
copying vmf_contact_main/openpoints/models/reconstruction/maskedpointgroup.py -> /home/jetson/vmf/build/robot_grasping/build/lib/vmf_contact_main/openpoints/models/reconstruction
copying vmf_contact_main/openpoints/models/reconstruction/__init__.py -> /home/jetson/vmf/build/robot_grasping/build/lib/vmf_contact_main/openpoints/models/reconstruction
creating /home/jetson/vmf/build/robot_grasping/build/lib/vmf_contact_main/openpoints/models/grasp
copying vmf_contact_main/openpoints/models/grasp/vit_grasp.py -> /home/jetson/vmf/build/robot_grasping/build/lib/vmf_contact_main/openpoints/models/grasp
copying vmf_contact_main/openpoints/models/grasp/base_grasp.py -> /home/jetson/vmf/build/robot_grasping/build/lib/vmf_contact_main/openpoints/models/grasp
copying vmf_contact_main/openpoints/models/grasp/__init__.py -> /home/jetson/vmf/build/robot_grasping/build/lib/vmf_contact_main/openpoints/models/grasp
creating /home/jetson/vmf/build/robot_grasping/build/lib/vmf_contact_main/openpoints/models/classification
copying vmf_contact_main/openpoints/models/classification/cls_base.py -> /home/jetson/vmf/build/robot_grasping/build/lib/vmf_contact_main/openpoints/models/classification
copying vmf_contact_main/openpoints/models/classification/point_bert.py -> /home/jetson/vmf/build/robot_grasping/build/lib/vmf_contact_main/openpoints/models/classification
copying vmf_contact_main/openpoints/models/classification/__init__.py -> /home/jetson/vmf/build/robot_grasping/build/lib/vmf_contact_main/openpoints/models/classification
creating /home/jetson/vmf/build/robot_grasping/build/lib/vmf_contact_main/openpoints/models/layers
copying vmf_contact_main/openpoints/models/layers/graph_conv.py -> /home/jetson/vmf/build/robot_grasping/build/lib/vmf_contact_main/openpoints/models/layers
copying vmf_contact_main/openpoints/models/layers/attention.py -> /home/jetson/vmf/build/robot_grasping/build/lib/vmf_contact_main/openpoints/models/layers
copying vmf_contact_main/openpoints/models/layers/weight_init.py -> /home/jetson/vmf/build/robot_grasping/build/lib/vmf_contact_main/openpoints/models/layers
copying vmf_contact_main/openpoints/models/layers/patch_embed.py -> /home/jetson/vmf/build/robot_grasping/build/lib/vmf_contact_main/openpoints/models/layers
copying vmf_contact_main/openpoints/models/layers/local_aggregation.py -> /home/jetson/vmf/build/robot_grasping/build/lib/vmf_contact_main/openpoints/models/layers
copying vmf_contact_main/openpoints/models/layers/knn.py -> /home/jetson/vmf/build/robot_grasping/build/lib/vmf_contact_main/openpoints/models/layers
copying vmf_contact_main/openpoints/models/layers/activation.py -> /home/jetson/vmf/build/robot_grasping/build/lib/vmf_contact_main/openpoints/models/layers
copying vmf_contact_main/openpoints/models/layers/helpers.py -> /home/jetson/vmf/build/robot_grasping/build/lib/vmf_contact_main/openpoints/models/layers
copying vmf_contact_main/openpoints/models/layers/registry.py -> /home/jetson/vmf/build/robot_grasping/build/lib/vmf_contact_main/openpoints/models/layers
copying vmf_contact_main/openpoints/models/layers/group_embed.py -> /home/jetson/vmf/build/robot_grasping/build/lib/vmf_contact_main/openpoints/models/layers
copying vmf_contact_main/openpoints/models/layers/padding.py -> /home/jetson/vmf/build/robot_grasping/build/lib/vmf_contact_main/openpoints/models/layers
copying vmf_contact_main/openpoints/models/layers/group.py -> /home/jetson/vmf/build/robot_grasping/build/lib/vmf_contact_main/openpoints/models/layers
copying vmf_contact_main/openpoints/models/layers/norm.py -> /home/jetson/vmf/build/robot_grasping/build/lib/vmf_contact_main/openpoints/models/layers
copying vmf_contact_main/openpoints/models/layers/mlp.py -> /home/jetson/vmf/build/robot_grasping/build/lib/vmf_contact_main/openpoints/models/layers
copying vmf_contact_main/openpoints/models/layers/conv.py -> /home/jetson/vmf/build/robot_grasping/build/lib/vmf_contact_main/openpoints/models/layers
copying vmf_contact_main/openpoints/models/layers/subsample.py -> /home/jetson/vmf/build/robot_grasping/build/lib/vmf_contact_main/openpoints/models/layers
copying vmf_contact_main/openpoints/models/layers/kmeans.py -> /home/jetson/vmf/build/robot_grasping/build/lib/vmf_contact_main/openpoints/models/layers
copying vmf_contact_main/openpoints/models/layers/upsampling.py -> /home/jetson/vmf/build/robot_grasping/build/lib/vmf_contact_main/openpoints/models/layers
copying vmf_contact_main/openpoints/models/layers/__init__.py -> /home/jetson/vmf/build/robot_grasping/build/lib/vmf_contact_main/openpoints/models/layers
copying vmf_contact_main/openpoints/models/layers/drop.py -> /home/jetson/vmf/build/robot_grasping/build/lib/vmf_contact_main/openpoints/models/layers
creating /home/jetson/vmf/build/robot_grasping/build/lib/vmf_contact_main/openpoints/models/backbone
copying vmf_contact_main/openpoints/models/backbone/spotr.py -> /home/jetson/vmf/build/robot_grasping/build/lib/vmf_contact_main/openpoints/models/backbone
copying vmf_contact_main/openpoints/models/backbone/Stratified_transformer.py -> /home/jetson/vmf/build/robot_grasping/build/lib/vmf_contact_main/openpoints/models/backbone
copying vmf_contact_main/openpoints/models/backbone/graphvit3d.py -> /home/jetson/vmf/build/robot_grasping/build/lib/vmf_contact_main/openpoints/models/backbone
copying vmf_contact_main/openpoints/models/backbone/randlenet.py -> /home/jetson/vmf/build/robot_grasping/build/lib/vmf_contact_main/openpoints/models/backbone
copying vmf_contact_main/openpoints/models/backbone/simpleview.py -> /home/jetson/vmf/build/robot_grasping/build/lib/vmf_contact_main/openpoints/models/backbone
copying vmf_contact_main/openpoints/models/backbone/baafnet.py -> /home/jetson/vmf/build/robot_grasping/build/lib/vmf_contact_main/openpoints/models/backbone
copying vmf_contact_main/openpoints/models/backbone/deepgcn.py -> /home/jetson/vmf/build/robot_grasping/build/lib/vmf_contact_main/openpoints/models/backbone
copying vmf_contact_main/openpoints/models/backbone/grouppointnet.py -> /home/jetson/vmf/build/robot_grasping/build/lib/vmf_contact_main/openpoints/models/backbone
copying vmf_contact_main/openpoints/models/backbone/simpleview_util.py -> /home/jetson/vmf/build/robot_grasping/build/lib/vmf_contact_main/openpoints/models/backbone
copying vmf_contact_main/openpoints/models/backbone/pointvit.py -> /home/jetson/vmf/build/robot_grasping/build/lib/vmf_contact_main/openpoints/models/backbone
copying vmf_contact_main/openpoints/models/backbone/dgcnn.py -> /home/jetson/vmf/build/robot_grasping/build/lib/vmf_contact_main/openpoints/models/backbone
copying vmf_contact_main/openpoints/models/backbone/ball_dgcnn.py -> /home/jetson/vmf/build/robot_grasping/build/lib/vmf_contact_main/openpoints/models/backbone
copying vmf_contact_main/openpoints/models/backbone/pointnextPyG.py -> /home/jetson/vmf/build/robot_grasping/build/lib/vmf_contact_main/openpoints/models/backbone
copying vmf_contact_main/openpoints/models/backbone/pointvit_inv_old.py -> /home/jetson/vmf/build/robot_grasping/build/lib/vmf_contact_main/openpoints/models/backbone
copying vmf_contact_main/openpoints/models/backbone/pointvector.py -> /home/jetson/vmf/build/robot_grasping/build/lib/vmf_contact_main/openpoints/models/backbone
copying vmf_contact_main/openpoints/models/backbone/pointmlp.py -> /home/jetson/vmf/build/robot_grasping/build/lib/vmf_contact_main/openpoints/models/backbone
copying vmf_contact_main/openpoints/models/backbone/pointnet.py -> /home/jetson/vmf/build/robot_grasping/build/lib/vmf_contact_main/openpoints/models/backbone
copying vmf_contact_main/openpoints/models/backbone/pct.py -> /home/jetson/vmf/build/robot_grasping/build/lib/vmf_contact_main/openpoints/models/backbone
copying vmf_contact_main/openpoints/models/backbone/debug_invvit.py -> /home/jetson/vmf/build/robot_grasping/build/lib/vmf_contact_main/openpoints/models/backbone
copying vmf_contact_main/openpoints/models/backbone/pointnext.py -> /home/jetson/vmf/build/robot_grasping/build/lib/vmf_contact_main/openpoints/models/backbone
copying vmf_contact_main/openpoints/models/backbone/curvenet.py -> /home/jetson/vmf/build/robot_grasping/build/lib/vmf_contact_main/openpoints/models/backbone
copying vmf_contact_main/openpoints/models/backbone/pointtransformer.py -> /home/jetson/vmf/build/robot_grasping/build/lib/vmf_contact_main/openpoints/models/backbone
copying vmf_contact_main/openpoints/models/backbone/resnet.py -> /home/jetson/vmf/build/robot_grasping/build/lib/vmf_contact_main/openpoints/models/backbone
copying vmf_contact_main/openpoints/models/backbone/pointnetv2.py -> /home/jetson/vmf/build/robot_grasping/build/lib/vmf_contact_main/openpoints/models/backbone
copying vmf_contact_main/openpoints/models/backbone/__init__.py -> /home/jetson/vmf/build/robot_grasping/build/lib/vmf_contact_main/openpoints/models/backbone
copying vmf_contact_main/openpoints/models/backbone/pointvit_inv.py -> /home/jetson/vmf/build/robot_grasping/build/lib/vmf_contact_main/openpoints/models/backbone
creating /home/jetson/vmf/build/robot_grasping/build/lib/vmf_contact_main/openpoints/models/segmentation
copying vmf_contact_main/openpoints/models/segmentation/base_seg.py -> /home/jetson/vmf/build/robot_grasping/build/lib/vmf_contact_main/openpoints/models/segmentation
copying vmf_contact_main/openpoints/models/segmentation/vit_seg.py -> /home/jetson/vmf/build/robot_grasping/build/lib/vmf_contact_main/openpoints/models/segmentation
copying vmf_contact_main/openpoints/models/segmentation/__init__.py -> /home/jetson/vmf/build/robot_grasping/build/lib/vmf_contact_main/openpoints/models/segmentation
creating /home/jetson/vmf/build/robot_grasping/build/lib/vmf_contact_main/openpoints/dataset/pcqm4m
copying vmf_contact_main/openpoints/dataset/pcqm4m/data.py -> /home/jetson/vmf/build/robot_grasping/build/lib/vmf_contact_main/openpoints/dataset/pcqm4m
copying vmf_contact_main/openpoints/dataset/pcqm4m/__init__.py -> /home/jetson/vmf/build/robot_grasping/build/lib/vmf_contact_main/openpoints/dataset/pcqm4m
creating /home/jetson/vmf/build/robot_grasping/build/lib/vmf_contact_main/openpoints/dataset/graph_dataset
copying vmf_contact_main/openpoints/dataset/graph_dataset/svd_encodings_dataset.py -> /home/jetson/vmf/build/robot_grasping/build/lib/vmf_contact_main/openpoints/dataset/graph_dataset
copying vmf_contact_main/openpoints/dataset/graph_dataset/structural_dataset.py -> /home/jetson/vmf/build/robot_grasping/build/lib/vmf_contact_main/openpoints/dataset/graph_dataset
copying vmf_contact_main/openpoints/dataset/graph_dataset/stack_with_pad.py -> /home/jetson/vmf/build/robot_grasping/build/lib/vmf_contact_main/openpoints/dataset/graph_dataset
copying vmf_contact_main/openpoints/dataset/graph_dataset/graph_dataset.py -> /home/jetson/vmf/build/robot_grasping/build/lib/vmf_contact_main/openpoints/dataset/graph_dataset
copying vmf_contact_main/openpoints/dataset/graph_dataset/__init__.py -> /home/jetson/vmf/build/robot_grasping/build/lib/vmf_contact_main/openpoints/dataset/graph_dataset
creating /home/jetson/vmf/build/robot_grasping/build/lib/vmf_contact_main/openpoints/dataset/pcqm4mv2
copying vmf_contact_main/openpoints/dataset/pcqm4mv2/data.py -> /home/jetson/vmf/build/robot_grasping/build/lib/vmf_contact_main/openpoints/dataset/pcqm4mv2
copying vmf_contact_main/openpoints/dataset/pcqm4mv2/__init__.py -> /home/jetson/vmf/build/robot_grasping/build/lib/vmf_contact_main/openpoints/dataset/pcqm4mv2
creating /home/jetson/vmf/build/robot_grasping/build/lib/vmf_contact_main/openpoints/dataset/atom3d
copying vmf_contact_main/openpoints/dataset/atom3d/psr.py -> /home/jetson/vmf/build/robot_grasping/build/lib/vmf_contact_main/openpoints/dataset/atom3d
copying vmf_contact_main/openpoints/dataset/atom3d/__init__.py -> /home/jetson/vmf/build/robot_grasping/build/lib/vmf_contact_main/openpoints/dataset/atom3d
creating /home/jetson/vmf/build/robot_grasping/build/lib/vmf_contact_main/openpoints/dataset/s3dis
copying vmf_contact_main/openpoints/dataset/s3dis/s3dis.py -> /home/jetson/vmf/build/robot_grasping/build/lib/vmf_contact_main/openpoints/dataset/s3dis
copying vmf_contact_main/openpoints/dataset/s3dis/s3dis_sphere.py -> /home/jetson/vmf/build/robot_grasping/build/lib/vmf_contact_main/openpoints/dataset/s3dis
copying vmf_contact_main/openpoints/dataset/s3dis/s3dis_block.py -> /home/jetson/vmf/build/robot_grasping/build/lib/vmf_contact_main/openpoints/dataset/s3dis
copying vmf_contact_main/openpoints/dataset/s3dis/__init__.py -> /home/jetson/vmf/build/robot_grasping/build/lib/vmf_contact_main/openpoints/dataset/s3dis
creating /home/jetson/vmf/build/robot_grasping/build/lib/vmf_contact_main/openpoints/dataset/shapenetpart
copying vmf_contact_main/openpoints/dataset/shapenetpart/shapenetpart.py -> /home/jetson/vmf/build/robot_grasping/build/lib/vmf_contact_main/openpoints/dataset/shapenetpart
copying vmf_contact_main/openpoints/dataset/shapenetpart/shapenet55.py -> /home/jetson/vmf/build/robot_grasping/build/lib/vmf_contact_main/openpoints/dataset/shapenetpart
copying vmf_contact_main/openpoints/dataset/shapenetpart/__init__.py -> /home/jetson/vmf/build/robot_grasping/build/lib/vmf_contact_main/openpoints/dataset/shapenetpart
creating /home/jetson/vmf/build/robot_grasping/build/lib/vmf_contact_main/openpoints/dataset/modelnet
copying vmf_contact_main/openpoints/dataset/modelnet/modelnet40_normal_resampled_loader.py -> /home/jetson/vmf/build/robot_grasping/build/lib/vmf_contact_main/openpoints/dataset/modelnet
copying vmf_contact_main/openpoints/dataset/modelnet/modelnet40_ply_2048_loader.py -> /home/jetson/vmf/build/robot_grasping/build/lib/vmf_contact_main/openpoints/dataset/modelnet
copying vmf_contact_main/openpoints/dataset/modelnet/__init__.py -> /home/jetson/vmf/build/robot_grasping/build/lib/vmf_contact_main/openpoints/dataset/modelnet
creating /home/jetson/vmf/build/robot_grasping/build/lib/vmf_contact_main/openpoints/dataset/shapenet
copying vmf_contact_main/openpoints/dataset/shapenet/shapenetpart.py -> /home/jetson/vmf/build/robot_grasping/build/lib/vmf_contact_main/openpoints/dataset/shapenet
copying vmf_contact_main/openpoints/dataset/shapenet/shapenet55.py -> /home/jetson/vmf/build/robot_grasping/build/lib/vmf_contact_main/openpoints/dataset/shapenet
copying vmf_contact_main/openpoints/dataset/shapenet/__init__.py -> /home/jetson/vmf/build/robot_grasping/build/lib/vmf_contact_main/openpoints/dataset/shapenet
creating /home/jetson/vmf/build/robot_grasping/build/lib/vmf_contact_main/openpoints/dataset/matterport3d
copying vmf_contact_main/openpoints/dataset/matterport3d/matterport3d_dataprocessing.py -> /home/jetson/vmf/build/robot_grasping/build/lib/vmf_contact_main/openpoints/dataset/matterport3d
copying vmf_contact_main/openpoints/dataset/matterport3d/__init__.py -> /home/jetson/vmf/build/robot_grasping/build/lib/vmf_contact_main/openpoints/dataset/matterport3d
copying vmf_contact_main/openpoints/dataset/matterport3d/matterport3d.py -> /home/jetson/vmf/build/robot_grasping/build/lib/vmf_contact_main/openpoints/dataset/matterport3d
creating /home/jetson/vmf/build/robot_grasping/build/lib/vmf_contact_main/openpoints/dataset/semantic_kitti
copying vmf_contact_main/openpoints/dataset/semantic_kitti/semantickitti.py -> /home/jetson/vmf/build/robot_grasping/build/lib/vmf_contact_main/openpoints/dataset/semantic_kitti
copying vmf_contact_main/openpoints/dataset/semantic_kitti/helper_tool.py -> /home/jetson/vmf/build/robot_grasping/build/lib/vmf_contact_main/openpoints/dataset/semantic_kitti
copying vmf_contact_main/openpoints/dataset/semantic_kitti/__init__.py -> /home/jetson/vmf/build/robot_grasping/build/lib/vmf_contact_main/openpoints/dataset/semantic_kitti
creating /home/jetson/vmf/build/robot_grasping/build/lib/vmf_contact_main/openpoints/dataset/molpcba
copying vmf_contact_main/openpoints/dataset/molpcba/data.py -> /home/jetson/vmf/build/robot_grasping/build/lib/vmf_contact_main/openpoints/dataset/molpcba
copying vmf_contact_main/openpoints/dataset/molpcba/__init__.py -> /home/jetson/vmf/build/robot_grasping/build/lib/vmf_contact_main/openpoints/dataset/molpcba
creating /home/jetson/vmf/build/robot_grasping/build/lib/vmf_contact_main/openpoints/dataset/scanobjectnn
copying vmf_contact_main/openpoints/dataset/scanobjectnn/scanobjectnn.py -> /home/jetson/vmf/build/robot_grasping/build/lib/vmf_contact_main/openpoints/dataset/scanobjectnn
copying vmf_contact_main/openpoints/dataset/scanobjectnn/__init__.py -> /home/jetson/vmf/build/robot_grasping/build/lib/vmf_contact_main/openpoints/dataset/scanobjectnn
creating /home/jetson/vmf/build/robot_grasping/build/lib/vmf_contact_main/openpoints/dataset/molhiv
copying vmf_contact_main/openpoints/dataset/molhiv/data.py -> /home/jetson/vmf/build/robot_grasping/build/lib/vmf_contact_main/openpoints/dataset/molhiv
copying vmf_contact_main/openpoints/dataset/molhiv/__init__.py -> /home/jetson/vmf/build/robot_grasping/build/lib/vmf_contact_main/openpoints/dataset/molhiv
creating /home/jetson/vmf/build/robot_grasping/build/lib/vmf_contact_main/openpoints/dataset/parsers
copying vmf_contact_main/openpoints/dataset/parsers/parser_factory.py -> /home/jetson/vmf/build/robot_grasping/build/lib/vmf_contact_main/openpoints/dataset/parsers
copying vmf_contact_main/openpoints/dataset/parsers/parser_image_tar.py -> /home/jetson/vmf/build/robot_grasping/build/lib/vmf_contact_main/openpoints/dataset/parsers
copying vmf_contact_main/openpoints/dataset/parsers/parser_tfds.py -> /home/jetson/vmf/build/robot_grasping/build/lib/vmf_contact_main/openpoints/dataset/parsers
copying vmf_contact_main/openpoints/dataset/parsers/parser_image_folder.py -> /home/jetson/vmf/build/robot_grasping/build/lib/vmf_contact_main/openpoints/dataset/parsers
copying vmf_contact_main/openpoints/dataset/parsers/parser_image_in_tar.py -> /home/jetson/vmf/build/robot_grasping/build/lib/vmf_contact_main/openpoints/dataset/parsers
copying vmf_contact_main/openpoints/dataset/parsers/constants.py -> /home/jetson/vmf/build/robot_grasping/build/lib/vmf_contact_main/openpoints/dataset/parsers
copying vmf_contact_main/openpoints/dataset/parsers/parser.py -> /home/jetson/vmf/build/robot_grasping/build/lib/vmf_contact_main/openpoints/dataset/parsers
copying vmf_contact_main/openpoints/dataset/parsers/class_map.py -> /home/jetson/vmf/build/robot_grasping/build/lib/vmf_contact_main/openpoints/dataset/parsers
copying vmf_contact_main/openpoints/dataset/parsers/__init__.py -> /home/jetson/vmf/build/robot_grasping/build/lib/vmf_contact_main/openpoints/dataset/parsers
creating /home/jetson/vmf/build/robot_grasping/build/lib/vmf_contact_main/openpoints/dataset/scannetv2
copying vmf_contact_main/openpoints/dataset/scannetv2/scannet.py -> /home/jetson/vmf/build/robot_grasping/build/lib/vmf_contact_main/openpoints/dataset/scannetv2
copying vmf_contact_main/openpoints/dataset/scannetv2/__init__.py -> /home/jetson/vmf/build/robot_grasping/build/lib/vmf_contact_main/openpoints/dataset/scannetv2
creating /home/jetson/vmf/build/robot_grasping/build/lib/openpoints/cpp
copying openpoints/cpp/__init__.py -> /home/jetson/vmf/build/robot_grasping/build/lib/openpoints/cpp
creating /home/jetson/vmf/build/robot_grasping/build/lib/openpoints/transforms
copying openpoints/transforms/transforms_factory.py -> /home/jetson/vmf/build/robot_grasping/build/lib/openpoints/transforms
copying openpoints/transforms/point_transform_cpu.py -> /home/jetson/vmf/build/robot_grasping/build/lib/openpoints/transforms
copying openpoints/transforms/point_transformer_gpu.py -> /home/jetson/vmf/build/robot_grasping/build/lib/openpoints/transforms
copying openpoints/transforms/__init__.py -> /home/jetson/vmf/build/robot_grasping/build/lib/openpoints/transforms
creating /home/jetson/vmf/build/robot_grasping/build/lib/openpoints/utils
copying openpoints/utils/wandb.py -> /home/jetson/vmf/build/robot_grasping/build/lib/openpoints/utils
copying openpoints/utils/dist_utils.py -> /home/jetson/vmf/build/robot_grasping/build/lib/openpoints/utils
copying openpoints/utils/registry.py -> /home/jetson/vmf/build/robot_grasping/build/lib/openpoints/utils
copying openpoints/utils/metrics.py -> /home/jetson/vmf/build/robot_grasping/build/lib/openpoints/utils
copying openpoints/utils/config.py -> /home/jetson/vmf/build/robot_grasping/build/lib/openpoints/utils
copying openpoints/utils/ckpt_util.py -> /home/jetson/vmf/build/robot_grasping/build/lib/openpoints/utils
copying openpoints/utils/random.py -> /home/jetson/vmf/build/robot_grasping/build/lib/openpoints/utils
copying openpoints/utils/str2bool.py -> /home/jetson/vmf/build/robot_grasping/build/lib/openpoints/utils
copying openpoints/utils/__init__.py -> /home/jetson/vmf/build/robot_grasping/build/lib/openpoints/utils
copying openpoints/utils/logger.py -> /home/jetson/vmf/build/robot_grasping/build/lib/openpoints/utils
creating /home/jetson/vmf/build/robot_grasping/build/lib/openpoints/models
copying openpoints/models/build.py -> /home/jetson/vmf/build/robot_grasping/build/lib/openpoints/models
copying openpoints/models/registry.py -> /home/jetson/vmf/build/robot_grasping/build/lib/openpoints/models
copying openpoints/models/__init__.py -> /home/jetson/vmf/build/robot_grasping/build/lib/openpoints/models
creating /home/jetson/vmf/build/robot_grasping/build/lib/openpoints/scheduler
copying openpoints/scheduler/multistep_lr.py -> /home/jetson/vmf/build/robot_grasping/build/lib/openpoints/scheduler
copying openpoints/scheduler/step_lr.py -> /home/jetson/vmf/build/robot_grasping/build/lib/openpoints/scheduler
copying openpoints/scheduler/poly_lr.py -> /home/jetson/vmf/build/robot_grasping/build/lib/openpoints/scheduler
copying openpoints/scheduler/plateau_lr.py -> /home/jetson/vmf/build/robot_grasping/build/lib/openpoints/scheduler
copying openpoints/scheduler/scheduler_factory.py -> /home/jetson/vmf/build/robot_grasping/build/lib/openpoints/scheduler
copying openpoints/scheduler/cosine_lr.py -> /home/jetson/vmf/build/robot_grasping/build/lib/openpoints/scheduler
copying openpoints/scheduler/scheduler.py -> /home/jetson/vmf/build/robot_grasping/build/lib/openpoints/scheduler
copying openpoints/scheduler/tanh_lr.py -> /home/jetson/vmf/build/robot_grasping/build/lib/openpoints/scheduler
copying openpoints/scheduler/__init__.py -> /home/jetson/vmf/build/robot_grasping/build/lib/openpoints/scheduler
creating /home/jetson/vmf/build/robot_grasping/build/lib/openpoints/loss
copying openpoints/loss/cross_entropy.py -> /home/jetson/vmf/build/robot_grasping/build/lib/openpoints/loss
copying openpoints/loss/build.py -> /home/jetson/vmf/build/robot_grasping/build/lib/openpoints/loss
copying openpoints/loss/distill_loss.py -> /home/jetson/vmf/build/robot_grasping/build/lib/openpoints/loss
copying openpoints/loss/__init__.py -> /home/jetson/vmf/build/robot_grasping/build/lib/openpoints/loss
creating /home/jetson/vmf/build/robot_grasping/build/lib/openpoints/dataset
copying openpoints/dataset/dataset_base.py -> /home/jetson/vmf/build/robot_grasping/build/lib/openpoints/dataset
copying openpoints/dataset/build.py -> /home/jetson/vmf/build/robot_grasping/build/lib/openpoints/dataset
copying openpoints/dataset/data_util.py -> /home/jetson/vmf/build/robot_grasping/build/lib/openpoints/dataset
copying openpoints/dataset/vis2d.py -> /home/jetson/vmf/build/robot_grasping/build/lib/openpoints/dataset
copying openpoints/dataset/grid_sample.py -> /home/jetson/vmf/build/robot_grasping/build/lib/openpoints/dataset
copying openpoints/dataset/vis3d.py -> /home/jetson/vmf/build/robot_grasping/build/lib/openpoints/dataset
copying openpoints/dataset/datalist.py -> /home/jetson/vmf/build/robot_grasping/build/lib/openpoints/dataset
copying openpoints/dataset/__init__.py -> /home/jetson/vmf/build/robot_grasping/build/lib/openpoints/dataset
creating /home/jetson/vmf/build/robot_grasping/build/lib/openpoints/optim
copying openpoints/optim/radam.py -> /home/jetson/vmf/build/robot_grasping/build/lib/openpoints/optim
copying openpoints/optim/adafactor.py -> /home/jetson/vmf/build/robot_grasping/build/lib/openpoints/optim
copying openpoints/optim/adamw.py -> /home/jetson/vmf/build/robot_grasping/build/lib/openpoints/optim
copying openpoints/optim/sgdp.py -> /home/jetson/vmf/build/robot_grasping/build/lib/openpoints/optim
copying openpoints/optim/rmsprop_tf.py -> /home/jetson/vmf/build/robot_grasping/build/lib/openpoints/optim
copying openpoints/optim/optim_factory.py -> /home/jetson/vmf/build/robot_grasping/build/lib/openpoints/optim
copying openpoints/optim/lars.py -> /home/jetson/vmf/build/robot_grasping/build/lib/openpoints/optim
copying openpoints/optim/adahessian.py -> /home/jetson/vmf/build/robot_grasping/build/lib/openpoints/optim
copying openpoints/optim/lookahead.py -> /home/jetson/vmf/build/robot_grasping/build/lib/openpoints/optim
copying openpoints/optim/nadam.py -> /home/jetson/vmf/build/robot_grasping/build/lib/openpoints/optim
copying openpoints/optim/adamp.py -> /home/jetson/vmf/build/robot_grasping/build/lib/openpoints/optim
copying openpoints/optim/adabelief.py -> /home/jetson/vmf/build/robot_grasping/build/lib/openpoints/optim
copying openpoints/optim/lamb.py -> /home/jetson/vmf/build/robot_grasping/build/lib/openpoints/optim
copying openpoints/optim/__init__.py -> /home/jetson/vmf/build/robot_grasping/build/lib/openpoints/optim
copying openpoints/optim/madgrad.py -> /home/jetson/vmf/build/robot_grasping/build/lib/openpoints/optim
copying openpoints/optim/nvnovograd.py -> /home/jetson/vmf/build/robot_grasping/build/lib/openpoints/optim
creating /home/jetson/vmf/build/robot_grasping/build/lib/openpoints/cpp/emd
copying openpoints/cpp/emd/setup.py -> /home/jetson/vmf/build/robot_grasping/build/lib/openpoints/cpp/emd
copying openpoints/cpp/emd/test_emd_loss.py -> /home/jetson/vmf/build/robot_grasping/build/lib/openpoints/cpp/emd
copying openpoints/cpp/emd/emd.py -> /home/jetson/vmf/build/robot_grasping/build/lib/openpoints/cpp/emd
copying openpoints/cpp/emd/__init__.py -> /home/jetson/vmf/build/robot_grasping/build/lib/openpoints/cpp/emd
creating /home/jetson/vmf/build/robot_grasping/build/lib/openpoints/cpp/chamfer_dist
copying openpoints/cpp/chamfer_dist/setup.py -> /home/jetson/vmf/build/robot_grasping/build/lib/openpoints/cpp/chamfer_dist
copying openpoints/cpp/chamfer_dist/test.py -> /home/jetson/vmf/build/robot_grasping/build/lib/openpoints/cpp/chamfer_dist
copying openpoints/cpp/chamfer_dist/__init__.py -> /home/jetson/vmf/build/robot_grasping/build/lib/openpoints/cpp/chamfer_dist
creating /home/jetson/vmf/build/robot_grasping/build/lib/openpoints/cpp/pointops
copying openpoints/cpp/pointops/setup.py -> /home/jetson/vmf/build/robot_grasping/build/lib/openpoints/cpp/pointops
copying openpoints/cpp/pointops/__init__.py -> /home/jetson/vmf/build/robot_grasping/build/lib/openpoints/cpp/pointops
creating /home/jetson/vmf/build/robot_grasping/build/lib/openpoints/cpp/pointnet2_batch
copying openpoints/cpp/pointnet2_batch/setup.py -> /home/jetson/vmf/build/robot_grasping/build/lib/openpoints/cpp/pointnet2_batch
copying openpoints/cpp/pointnet2_batch/__init__.py -> /home/jetson/vmf/build/robot_grasping/build/lib/openpoints/cpp/pointnet2_batch
creating /home/jetson/vmf/build/robot_grasping/build/lib/openpoints/cpp/pointops/functions
copying openpoints/cpp/pointops/functions/pointops.py -> /home/jetson/vmf/build/robot_grasping/build/lib/openpoints/cpp/pointops/functions
copying openpoints/cpp/pointops/functions/__init__.py -> /home/jetson/vmf/build/robot_grasping/build/lib/openpoints/cpp/pointops/functions
creating /home/jetson/vmf/build/robot_grasping/build/lib/openpoints/cpp/pointops/src
copying openpoints/cpp/pointops/src/__init__.py -> /home/jetson/vmf/build/robot_grasping/build/lib/openpoints/cpp/pointops/src
creating /home/jetson/vmf/build/robot_grasping/build/lib/openpoints/models/reconstruction
copying openpoints/models/reconstruction/maskedpoint.py -> /home/jetson/vmf/build/robot_grasping/build/lib/openpoints/models/reconstruction
copying openpoints/models/reconstruction/base_recontruct.py -> /home/jetson/vmf/build/robot_grasping/build/lib/openpoints/models/reconstruction
copying openpoints/models/reconstruction/nodeshuffle.py -> /home/jetson/vmf/build/robot_grasping/build/lib/openpoints/models/reconstruction
copying openpoints/models/reconstruction/maskedpointvit.py -> /home/jetson/vmf/build/robot_grasping/build/lib/openpoints/models/reconstruction
copying openpoints/models/reconstruction/maskedpointgroup.py -> /home/jetson/vmf/build/robot_grasping/build/lib/openpoints/models/reconstruction
copying openpoints/models/reconstruction/__init__.py -> /home/jetson/vmf/build/robot_grasping/build/lib/openpoints/models/reconstruction
creating /home/jetson/vmf/build/robot_grasping/build/lib/openpoints/models/grasp
copying openpoints/models/grasp/vit_grasp.py -> /home/jetson/vmf/build/robot_grasping/build/lib/openpoints/models/grasp
copying openpoints/models/grasp/base_grasp.py -> /home/jetson/vmf/build/robot_grasping/build/lib/openpoints/models/grasp
copying openpoints/models/grasp/__init__.py -> /home/jetson/vmf/build/robot_grasping/build/lib/openpoints/models/grasp
creating /home/jetson/vmf/build/robot_grasping/build/lib/openpoints/models/classification
copying openpoints/models/classification/cls_base.py -> /home/jetson/vmf/build/robot_grasping/build/lib/openpoints/models/classification
copying openpoints/models/classification/point_bert.py -> /home/jetson/vmf/build/robot_grasping/build/lib/openpoints/models/classification
copying openpoints/models/classification/__init__.py -> /home/jetson/vmf/build/robot_grasping/build/lib/openpoints/models/classification
creating /home/jetson/vmf/build/robot_grasping/build/lib/openpoints/models/layers
copying openpoints/models/layers/graph_conv.py -> /home/jetson/vmf/build/robot_grasping/build/lib/openpoints/models/layers
copying openpoints/models/layers/attention.py -> /home/jetson/vmf/build/robot_grasping/build/lib/openpoints/models/layers
copying openpoints/models/layers/weight_init.py -> /home/jetson/vmf/build/robot_grasping/build/lib/openpoints/models/layers
copying openpoints/models/layers/patch_embed.py -> /home/jetson/vmf/build/robot_grasping/build/lib/openpoints/models/layers
copying openpoints/models/layers/local_aggregation.py -> /home/jetson/vmf/build/robot_grasping/build/lib/openpoints/models/layers
copying openpoints/models/layers/knn.py -> /home/jetson/vmf/build/robot_grasping/build/lib/openpoints/models/layers
copying openpoints/models/layers/activation.py -> /home/jetson/vmf/build/robot_grasping/build/lib/openpoints/models/layers
copying openpoints/models/layers/helpers.py -> /home/jetson/vmf/build/robot_grasping/build/lib/openpoints/models/layers
copying openpoints/models/layers/registry.py -> /home/jetson/vmf/build/robot_grasping/build/lib/openpoints/models/layers
copying openpoints/models/layers/group_embed.py -> /home/jetson/vmf/build/robot_grasping/build/lib/openpoints/models/layers
copying openpoints/models/layers/padding.py -> /home/jetson/vmf/build/robot_grasping/build/lib/openpoints/models/layers
copying openpoints/models/layers/group.py -> /home/jetson/vmf/build/robot_grasping/build/lib/openpoints/models/layers
copying openpoints/models/layers/norm.py -> /home/jetson/vmf/build/robot_grasping/build/lib/openpoints/models/layers
copying openpoints/models/layers/mlp.py -> /home/jetson/vmf/build/robot_grasping/build/lib/openpoints/models/layers
copying openpoints/models/layers/conv.py -> /home/jetson/vmf/build/robot_grasping/build/lib/openpoints/models/layers
copying openpoints/models/layers/subsample.py -> /home/jetson/vmf/build/robot_grasping/build/lib/openpoints/models/layers
copying openpoints/models/layers/kmeans.py -> /home/jetson/vmf/build/robot_grasping/build/lib/openpoints/models/layers
copying openpoints/models/layers/upsampling.py -> /home/jetson/vmf/build/robot_grasping/build/lib/openpoints/models/layers
copying openpoints/models/layers/__init__.py -> /home/jetson/vmf/build/robot_grasping/build/lib/openpoints/models/layers
copying openpoints/models/layers/drop.py -> /home/jetson/vmf/build/robot_grasping/build/lib/openpoints/models/layers
creating /home/jetson/vmf/build/robot_grasping/build/lib/openpoints/models/backbone
copying openpoints/models/backbone/spotr.py -> /home/jetson/vmf/build/robot_grasping/build/lib/openpoints/models/backbone
copying openpoints/models/backbone/Stratified_transformer.py -> /home/jetson/vmf/build/robot_grasping/build/lib/openpoints/models/backbone
copying openpoints/models/backbone/graphvit3d.py -> /home/jetson/vmf/build/robot_grasping/build/lib/openpoints/models/backbone
copying openpoints/models/backbone/randlenet.py -> /home/jetson/vmf/build/robot_grasping/build/lib/openpoints/models/backbone
copying openpoints/models/backbone/simpleview.py -> /home/jetson/vmf/build/robot_grasping/build/lib/openpoints/models/backbone
copying openpoints/models/backbone/baafnet.py -> /home/jetson/vmf/build/robot_grasping/build/lib/openpoints/models/backbone
copying openpoints/models/backbone/deepgcn.py -> /home/jetson/vmf/build/robot_grasping/build/lib/openpoints/models/backbone
copying openpoints/models/backbone/grouppointnet.py -> /home/jetson/vmf/build/robot_grasping/build/lib/openpoints/models/backbone
copying openpoints/models/backbone/simpleview_util.py -> /home/jetson/vmf/build/robot_grasping/build/lib/openpoints/models/backbone
copying openpoints/models/backbone/pointvit.py -> /home/jetson/vmf/build/robot_grasping/build/lib/openpoints/models/backbone
copying openpoints/models/backbone/dgcnn.py -> /home/jetson/vmf/build/robot_grasping/build/lib/openpoints/models/backbone
copying openpoints/models/backbone/ball_dgcnn.py -> /home/jetson/vmf/build/robot_grasping/build/lib/openpoints/models/backbone
copying openpoints/models/backbone/pointnextPyG.py -> /home/jetson/vmf/build/robot_grasping/build/lib/openpoints/models/backbone
copying openpoints/models/backbone/pointvit_inv_old.py -> /home/jetson/vmf/build/robot_grasping/build/lib/openpoints/models/backbone
copying openpoints/models/backbone/pointvector.py -> /home/jetson/vmf/build/robot_grasping/build/lib/openpoints/models/backbone
copying openpoints/models/backbone/pointmlp.py -> /home/jetson/vmf/build/robot_grasping/build/lib/openpoints/models/backbone
copying openpoints/models/backbone/pointnet.py -> /home/jetson/vmf/build/robot_grasping/build/lib/openpoints/models/backbone
copying openpoints/models/backbone/pct.py -> /home/jetson/vmf/build/robot_grasping/build/lib/openpoints/models/backbone
copying openpoints/models/backbone/debug_invvit.py -> /home/jetson/vmf/build/robot_grasping/build/lib/openpoints/models/backbone
copying openpoints/models/backbone/pointnext.py -> /home/jetson/vmf/build/robot_grasping/build/lib/openpoints/models/backbone
copying openpoints/models/backbone/curvenet.py -> /home/jetson/vmf/build/robot_grasping/build/lib/openpoints/models/backbone
copying openpoints/models/backbone/pointtransformer.py -> /home/jetson/vmf/build/robot_grasping/build/lib/openpoints/models/backbone
copying openpoints/models/backbone/resnet.py -> /home/jetson/vmf/build/robot_grasping/build/lib/openpoints/models/backbone
copying openpoints/models/backbone/pointnetv2.py -> /home/jetson/vmf/build/robot_grasping/build/lib/openpoints/models/backbone
copying openpoints/models/backbone/__init__.py -> /home/jetson/vmf/build/robot_grasping/build/lib/openpoints/models/backbone
copying openpoints/models/backbone/pointvit_inv.py -> /home/jetson/vmf/build/robot_grasping/build/lib/openpoints/models/backbone
creating /home/jetson/vmf/build/robot_grasping/build/lib/openpoints/models/segmentation
copying openpoints/models/segmentation/base_seg.py -> /home/jetson/vmf/build/robot_grasping/build/lib/openpoints/models/segmentation
copying openpoints/models/segmentation/vit_seg.py -> /home/jetson/vmf/build/robot_grasping/build/lib/openpoints/models/segmentation
copying openpoints/models/segmentation/__init__.py -> /home/jetson/vmf/build/robot_grasping/build/lib/openpoints/models/segmentation
creating /home/jetson/vmf/build/robot_grasping/build/lib/openpoints/dataset/pcqm4m
copying openpoints/dataset/pcqm4m/data.py -> /home/jetson/vmf/build/robot_grasping/build/lib/openpoints/dataset/pcqm4m
copying openpoints/dataset/pcqm4m/__init__.py -> /home/jetson/vmf/build/robot_grasping/build/lib/openpoints/dataset/pcqm4m
creating /home/jetson/vmf/build/robot_grasping/build/lib/openpoints/dataset/graph_dataset
copying openpoints/dataset/graph_dataset/svd_encodings_dataset.py -> /home/jetson/vmf/build/robot_grasping/build/lib/openpoints/dataset/graph_dataset
copying openpoints/dataset/graph_dataset/structural_dataset.py -> /home/jetson/vmf/build/robot_grasping/build/lib/openpoints/dataset/graph_dataset
copying openpoints/dataset/graph_dataset/stack_with_pad.py -> /home/jetson/vmf/build/robot_grasping/build/lib/openpoints/dataset/graph_dataset
copying openpoints/dataset/graph_dataset/graph_dataset.py -> /home/jetson/vmf/build/robot_grasping/build/lib/openpoints/dataset/graph_dataset
copying openpoints/dataset/graph_dataset/__init__.py -> /home/jetson/vmf/build/robot_grasping/build/lib/openpoints/dataset/graph_dataset
creating /home/jetson/vmf/build/robot_grasping/build/lib/openpoints/dataset/pcqm4mv2
copying openpoints/dataset/pcqm4mv2/data.py -> /home/jetson/vmf/build/robot_grasping/build/lib/openpoints/dataset/pcqm4mv2
copying openpoints/dataset/pcqm4mv2/__init__.py -> /home/jetson/vmf/build/robot_grasping/build/lib/openpoints/dataset/pcqm4mv2
creating /home/jetson/vmf/build/robot_grasping/build/lib/openpoints/dataset/atom3d
copying openpoints/dataset/atom3d/psr.py -> /home/jetson/vmf/build/robot_grasping/build/lib/openpoints/dataset/atom3d
copying openpoints/dataset/atom3d/__init__.py -> /home/jetson/vmf/build/robot_grasping/build/lib/openpoints/dataset/atom3d
creating /home/jetson/vmf/build/robot_grasping/build/lib/openpoints/dataset/s3dis
copying openpoints/dataset/s3dis/s3dis.py -> /home/jetson/vmf/build/robot_grasping/build/lib/openpoints/dataset/s3dis
copying openpoints/dataset/s3dis/s3dis_sphere.py -> /home/jetson/vmf/build/robot_grasping/build/lib/openpoints/dataset/s3dis
copying openpoints/dataset/s3dis/s3dis_block.py -> /home/jetson/vmf/build/robot_grasping/build/lib/openpoints/dataset/s3dis
copying openpoints/dataset/s3dis/__init__.py -> /home/jetson/vmf/build/robot_grasping/build/lib/openpoints/dataset/s3dis
creating /home/jetson/vmf/build/robot_grasping/build/lib/openpoints/dataset/shapenetpart
copying openpoints/dataset/shapenetpart/shapenetpart.py -> /home/jetson/vmf/build/robot_grasping/build/lib/openpoints/dataset/shapenetpart
copying openpoints/dataset/shapenetpart/shapenet55.py -> /home/jetson/vmf/build/robot_grasping/build/lib/openpoints/dataset/shapenetpart
copying openpoints/dataset/shapenetpart/__init__.py -> /home/jetson/vmf/build/robot_grasping/build/lib/openpoints/dataset/shapenetpart
creating /home/jetson/vmf/build/robot_grasping/build/lib/openpoints/dataset/modelnet
copying openpoints/dataset/modelnet/modelnet40_normal_resampled_loader.py -> /home/jetson/vmf/build/robot_grasping/build/lib/openpoints/dataset/modelnet
copying openpoints/dataset/modelnet/modelnet40_ply_2048_loader.py -> /home/jetson/vmf/build/robot_grasping/build/lib/openpoints/dataset/modelnet
copying openpoints/dataset/modelnet/__init__.py -> /home/jetson/vmf/build/robot_grasping/build/lib/openpoints/dataset/modelnet
creating /home/jetson/vmf/build/robot_grasping/build/lib/openpoints/dataset/shapenet
copying openpoints/dataset/shapenet/shapenetpart.py -> /home/jetson/vmf/build/robot_grasping/build/lib/openpoints/dataset/shapenet
copying openpoints/dataset/shapenet/shapenet55.py -> /home/jetson/vmf/build/robot_grasping/build/lib/openpoints/dataset/shapenet
copying openpoints/dataset/shapenet/__init__.py -> /home/jetson/vmf/build/robot_grasping/build/lib/openpoints/dataset/shapenet
creating /home/jetson/vmf/build/robot_grasping/build/lib/openpoints/dataset/matterport3d
copying openpoints/dataset/matterport3d/matterport3d_dataprocessing.py -> /home/jetson/vmf/build/robot_grasping/build/lib/openpoints/dataset/matterport3d
copying openpoints/dataset/matterport3d/__init__.py -> /home/jetson/vmf/build/robot_grasping/build/lib/openpoints/dataset/matterport3d
copying openpoints/dataset/matterport3d/matterport3d.py -> /home/jetson/vmf/build/robot_grasping/build/lib/openpoints/dataset/matterport3d
creating /home/jetson/vmf/build/robot_grasping/build/lib/openpoints/dataset/semantic_kitti
copying openpoints/dataset/semantic_kitti/semantickitti.py -> /home/jetson/vmf/build/robot_grasping/build/lib/openpoints/dataset/semantic_kitti
copying openpoints/dataset/semantic_kitti/helper_tool.py -> /home/jetson/vmf/build/robot_grasping/build/lib/openpoints/dataset/semantic_kitti
copying openpoints/dataset/semantic_kitti/__init__.py -> /home/jetson/vmf/build/robot_grasping/build/lib/openpoints/dataset/semantic_kitti
creating /home/jetson/vmf/build/robot_grasping/build/lib/openpoints/dataset/molpcba
copying openpoints/dataset/molpcba/data.py -> /home/jetson/vmf/build/robot_grasping/build/lib/openpoints/dataset/molpcba
copying openpoints/dataset/molpcba/__init__.py -> /home/jetson/vmf/build/robot_grasping/build/lib/openpoints/dataset/molpcba
creating /home/jetson/vmf/build/robot_grasping/build/lib/openpoints/dataset/scanobjectnn
copying openpoints/dataset/scanobjectnn/scanobjectnn.py -> /home/jetson/vmf/build/robot_grasping/build/lib/openpoints/dataset/scanobjectnn
copying openpoints/dataset/scanobjectnn/__init__.py -> /home/jetson/vmf/build/robot_grasping/build/lib/openpoints/dataset/scanobjectnn
creating /home/jetson/vmf/build/robot_grasping/build/lib/openpoints/dataset/molhiv
copying openpoints/dataset/molhiv/data.py -> /home/jetson/vmf/build/robot_grasping/build/lib/openpoints/dataset/molhiv
copying openpoints/dataset/molhiv/__init__.py -> /home/jetson/vmf/build/robot_grasping/build/lib/openpoints/dataset/molhiv
creating /home/jetson/vmf/build/robot_grasping/build/lib/openpoints/dataset/parsers
copying openpoints/dataset/parsers/parser_factory.py -> /home/jetson/vmf/build/robot_grasping/build/lib/openpoints/dataset/parsers
copying openpoints/dataset/parsers/parser_image_tar.py -> /home/jetson/vmf/build/robot_grasping/build/lib/openpoints/dataset/parsers
copying openpoints/dataset/parsers/parser_tfds.py -> /home/jetson/vmf/build/robot_grasping/build/lib/openpoints/dataset/parsers
copying openpoints/dataset/parsers/parser_image_folder.py -> /home/jetson/vmf/build/robot_grasping/build/lib/openpoints/dataset/parsers
copying openpoints/dataset/parsers/parser_image_in_tar.py -> /home/jetson/vmf/build/robot_grasping/build/lib/openpoints/dataset/parsers
copying openpoints/dataset/parsers/constants.py -> /home/jetson/vmf/build/robot_grasping/build/lib/openpoints/dataset/parsers
copying openpoints/dataset/parsers/parser.py -> /home/jetson/vmf/build/robot_grasping/build/lib/openpoints/dataset/parsers
copying openpoints/dataset/parsers/class_map.py -> /home/jetson/vmf/build/robot_grasping/build/lib/openpoints/dataset/parsers
copying openpoints/dataset/parsers/__init__.py -> /home/jetson/vmf/build/robot_grasping/build/lib/openpoints/dataset/parsers
creating /home/jetson/vmf/build/robot_grasping/build/lib/openpoints/dataset/scannetv2
copying openpoints/dataset/scannetv2/scannet.py -> /home/jetson/vmf/build/robot_grasping/build/lib/openpoints/dataset/scannetv2
copying openpoints/dataset/scannetv2/__init__.py -> /home/jetson/vmf/build/robot_grasping/build/lib/openpoints/dataset/scannetv2
running install
running install_lib
creating /home/jetson/vmf/install/robot_grasping/lib/python3.10/site-packages/active_grasp
copying /home/jetson/vmf/build/robot_grasping/build/lib/active_grasp/baselines.py -> /home/jetson/vmf/install/robot_grasping/lib/python3.10/site-packages/active_grasp
copying /home/jetson/vmf/build/robot_grasping/build/lib/active_grasp/timer.py -> /home/jetson/vmf/install/robot_grasping/lib/python3.10/site-packages/active_grasp
copying /home/jetson/vmf/build/robot_grasping/build/lib/active_grasp/policy.py -> /home/jetson/vmf/install/robot_grasping/lib/python3.10/site-packages/active_grasp
copying /home/jetson/vmf/build/robot_grasping/build/lib/active_grasp/networks.py -> /home/jetson/vmf/install/robot_grasping/lib/python3.10/site-packages/active_grasp
copying /home/jetson/vmf/build/robot_grasping/build/lib/active_grasp/spatial.py -> /home/jetson/vmf/install/robot_grasping/lib/python3.10/site-packages/active_grasp
copying /home/jetson/vmf/build/robot_grasping/build/lib/active_grasp/bbox.py -> /home/jetson/vmf/install/robot_grasping/lib/python3.10/site-packages/active_grasp
copying /home/jetson/vmf/build/robot_grasping/build/lib/active_grasp/nbv.py -> /home/jetson/vmf/install/robot_grasping/lib/python3.10/site-packages/active_grasp
copying /home/jetson/vmf/build/robot_grasping/build/lib/active_grasp/vlm_policy.py -> /home/jetson/vmf/install/robot_grasping/lib/python3.10/site-packages/active_grasp
copying /home/jetson/vmf/build/robot_grasping/build/lib/active_grasp/perception.py -> /home/jetson/vmf/install/robot_grasping/lib/python3.10/site-packages/active_grasp
copying /home/jetson/vmf/build/robot_grasping/build/lib/active_grasp/__init__.py -> /home/jetson/vmf/install/robot_grasping/lib/python3.10/site-packages/active_grasp
creating /home/jetson/vmf/install/robot_grasping/lib/python3.10/site-packages/vmf_contact_main
copying /home/jetson/vmf/build/robot_grasping/build/lib/vmf_contact_main/train.py -> /home/jetson/vmf/install/robot_grasping/lib/python3.10/site-packages/vmf_contact_main
creating /home/jetson/vmf/install/robot_grasping/lib/python3.10/site-packages/vmf_contact_main/vmf_contact
creating /home/jetson/vmf/install/robot_grasping/lib/python3.10/site-packages/vmf_contact_main/vmf_contact/datasets
creating /home/jetson/vmf/install/robot_grasping/lib/python3.10/site-packages/vmf_contact_main/vmf_contact/datasets/_utils
copying /home/jetson/vmf/build/robot_grasping/build/lib/vmf_contact_main/vmf_contact/datasets/_utils/transforms.py -> /home/jetson/vmf/install/robot_grasping/lib/python3.10/site-packages/vmf_contact_main/vmf_contact/datasets/_utils
copying /home/jetson/vmf/build/robot_grasping/build/lib/vmf_contact_main/vmf_contact/datasets/_utils/_registry.py -> /home/jetson/vmf/install/robot_grasping/lib/python3.10/site-packages/vmf_contact_main/vmf_contact/datasets/_utils
copying /home/jetson/vmf/build/robot_grasping/build/lib/vmf_contact_main/vmf_contact/datasets/_utils/split.py -> /home/jetson/vmf/install/robot_grasping/lib/python3.10/site-packages/vmf_contact_main/vmf_contact/datasets/_utils
copying /home/jetson/vmf/build/robot_grasping/build/lib/vmf_contact_main/vmf_contact/datasets/_utils/_base.py -> /home/jetson/vmf/install/robot_grasping/lib/python3.10/site-packages/vmf_contact_main/vmf_contact/datasets/_utils
copying /home/jetson/vmf/build/robot_grasping/build/lib/vmf_contact_main/vmf_contact/datasets/_utils/__init__.py -> /home/jetson/vmf/install/robot_grasping/lib/python3.10/site-packages/vmf_contact_main/vmf_contact/datasets/_utils
copying /home/jetson/vmf/build/robot_grasping/build/lib/vmf_contact_main/vmf_contact/datasets/pointcloud_process.py -> /home/jetson/vmf/install/robot_grasping/lib/python3.10/site-packages/vmf_contact_main/vmf_contact/datasets
copying /home/jetson/vmf/build/robot_grasping/build/lib/vmf_contact_main/vmf_contact/datasets/dataset.py -> /home/jetson/vmf/install/robot_grasping/lib/python3.10/site-packages/vmf_contact_main/vmf_contact/datasets
copying /home/jetson/vmf/build/robot_grasping/build/lib/vmf_contact_main/vmf_contact/datasets/mgn.py -> /home/jetson/vmf/install/robot_grasping/lib/python3.10/site-packages/vmf_contact_main/vmf_contact/datasets
copying /home/jetson/vmf/build/robot_grasping/build/lib/vmf_contact_main/vmf_contact/datasets/__init__.py -> /home/jetson/vmf/install/robot_grasping/lib/python3.10/site-packages/vmf_contact_main/vmf_contact/datasets
creating /home/jetson/vmf/install/robot_grasping/lib/python3.10/site-packages/vmf_contact_main/vmf_contact/metrics
copying /home/jetson/vmf/build/robot_grasping/build/lib/vmf_contact_main/vmf_contact/metrics/ausc_ause.py -> /home/jetson/vmf/install/robot_grasping/lib/python3.10/site-packages/vmf_contact_main/vmf_contact/metrics
copying /home/jetson/vmf/build/robot_grasping/build/lib/vmf_contact_main/vmf_contact/metrics/aucpr.py -> /home/jetson/vmf/install/robot_grasping/lib/python3.10/site-packages/vmf_contact_main/vmf_contact/metrics
copying /home/jetson/vmf/build/robot_grasping/build/lib/vmf_contact_main/vmf_contact/metrics/brier.py -> /home/jetson/vmf/install/robot_grasping/lib/python3.10/site-packages/vmf_contact_main/vmf_contact/metrics
copying /home/jetson/vmf/build/robot_grasping/build/lib/vmf_contact_main/vmf_contact/metrics/__init__.py -> /home/jetson/vmf/install/robot_grasping/lib/python3.10/site-packages/vmf_contact_main/vmf_contact/metrics
creating /home/jetson/vmf/install/robot_grasping/lib/python3.10/site-packages/vmf_contact_main/vmf_contact/model
copying /home/jetson/vmf/build/robot_grasping/build/lib/vmf_contact_main/vmf_contact/model/estimator.py -> /home/jetson/vmf/install/robot_grasping/lib/python3.10/site-packages/vmf_contact_main/vmf_contact/model
copying /home/jetson/vmf/build/robot_grasping/build/lib/vmf_contact_main/vmf_contact/model/lightning_module_flow.py -> /home/jetson/vmf/install/robot_grasping/lib/python3.10/site-packages/vmf_contact_main/vmf_contact/model
copying /home/jetson/vmf/build/robot_grasping/build/lib/vmf_contact_main/vmf_contact/model/lightning_module.py -> /home/jetson/vmf/install/robot_grasping/lib/python3.10/site-packages/vmf_contact_main/vmf_contact/model
copying /home/jetson/vmf/build/robot_grasping/build/lib/vmf_contact_main/vmf_contact/model/grasp_buffer.py -> /home/jetson/vmf/install/robot_grasping/lib/python3.10/site-packages/vmf_contact_main/vmf_contact/model
copying /home/jetson/vmf/build/robot_grasping/build/lib/vmf_contact_main/vmf_contact/model/utils.py -> /home/jetson/vmf/install/robot_grasping/lib/python3.10/site-packages/vmf_contact_main/vmf_contact/model
copying /home/jetson/vmf/build/robot_grasping/build/lib/vmf_contact_main/vmf_contact/model/__init__.py -> /home/jetson/vmf/install/robot_grasping/lib/python3.10/site-packages/vmf_contact_main/vmf_contact/model
copying /home/jetson/vmf/build/robot_grasping/build/lib/vmf_contact_main/vmf_contact/__init__.py -> /home/jetson/vmf/install/robot_grasping/lib/python3.10/site-packages/vmf_contact_main/vmf_contact
creating /home/jetson/vmf/install/robot_grasping/lib/python3.10/site-packages/vmf_contact_main/vmf_contact/nn
copying /home/jetson/vmf/build/robot_grasping/build/lib/vmf_contact_main/vmf_contact/nn/position_encodings.py -> /home/jetson/vmf/install/robot_grasping/lib/python3.10/site-packages/vmf_contact_main/vmf_contact/nn
copying /home/jetson/vmf/build/robot_grasping/build/lib/vmf_contact_main/vmf_contact/nn/util.py -> /home/jetson/vmf/install/robot_grasping/lib/python3.10/site-packages/vmf_contact_main/vmf_contact/nn
copying /home/jetson/vmf/build/robot_grasping/build/lib/vmf_contact_main/vmf_contact/nn/attention.py -> /home/jetson/vmf/install/robot_grasping/lib/python3.10/site-packages/vmf_contact_main/vmf_contact/nn
copying /home/jetson/vmf/build/robot_grasping/build/lib/vmf_contact_main/vmf_contact/nn/scaler.py -> /home/jetson/vmf/install/robot_grasping/lib/python3.10/site-packages/vmf_contact_main/vmf_contact/nn
copying /home/jetson/vmf/build/robot_grasping/build/lib/vmf_contact_main/vmf_contact/nn/network.py -> /home/jetson/vmf/install/robot_grasping/lib/python3.10/site-packages/vmf_contact_main/vmf_contact/nn
creating /home/jetson/vmf/install/robot_grasping/lib/python3.10/site-packages/vmf_contact_main/vmf_contact/nn/output
copying /home/jetson/vmf/build/robot_grasping/build/lib/vmf_contact_main/vmf_contact/nn/output/normal.py -> /home/jetson/vmf/install/robot_grasping/lib/python3.10/site-packages/vmf_contact_main/vmf_contact/nn/output
copying /home/jetson/vmf/build/robot_grasping/build/lib/vmf_contact_main/vmf_contact/nn/output/ps.py -> /home/jetson/vmf/install/robot_grasping/lib/python3.10/site-packages/vmf_contact_main/vmf_contact/nn/output
copying /home/jetson/vmf/build/robot_grasping/build/lib/vmf_contact_main/vmf_contact/nn/output/normal_multi.py -> /home/jetson/vmf/install/robot_grasping/lib/python3.10/site-packages/vmf_contact_main/vmf_contact/nn/output
copying /home/jetson/vmf/build/robot_grasping/build/lib/vmf_contact_main/vmf_contact/nn/output/_base.py -> /home/jetson/vmf/install/robot_grasping/lib/python3.10/site-packages/vmf_contact_main/vmf_contact/nn/output
copying /home/jetson/vmf/build/robot_grasping/build/lib/vmf_contact_main/vmf_contact/nn/output/vmf.py -> /home/jetson/vmf/install/robot_grasping/lib/python3.10/site-packages/vmf_contact_main/vmf_contact/nn/output
copying /home/jetson/vmf/build/robot_grasping/build/lib/vmf_contact_main/vmf_contact/nn/output/__init__.py -> /home/jetson/vmf/install/robot_grasping/lib/python3.10/site-packages/vmf_contact_main/vmf_contact/nn/output
copying /home/jetson/vmf/build/robot_grasping/build/lib/vmf_contact_main/vmf_contact/nn/uncertainty_estimator.py -> /home/jetson/vmf/install/robot_grasping/lib/python3.10/site-packages/vmf_contact_main/vmf_contact/nn
copying /home/jetson/vmf/build/robot_grasping/build/lib/vmf_contact_main/vmf_contact/nn/loss.py -> /home/jetson/vmf/install/robot_grasping/lib/python3.10/site-packages/vmf_contact_main/vmf_contact/nn
copying /home/jetson/vmf/build/robot_grasping/build/lib/vmf_contact_main/vmf_contact/nn/pointr.py -> /home/jetson/vmf/install/robot_grasping/lib/python3.10/site-packages/vmf_contact_main/vmf_contact/nn
copying /home/jetson/vmf/build/robot_grasping/build/lib/vmf_contact_main/vmf_contact/nn/multihead_custom_attention.py -> /home/jetson/vmf/install/robot_grasping/lib/python3.10/site-packages/vmf_contact_main/vmf_contact/nn
copying /home/jetson/vmf/build/robot_grasping/build/lib/vmf_contact_main/vmf_contact/nn/__init__.py -> /home/jetson/vmf/install/robot_grasping/lib/python3.10/site-packages/vmf_contact_main/vmf_contact/nn
copying /home/jetson/vmf/build/robot_grasping/build/lib/vmf_contact_main/test.py -> /home/jetson/vmf/install/robot_grasping/lib/python3.10/site-packages/vmf_contact_main
copying /home/jetson/vmf/build/robot_grasping/build/lib/vmf_contact_main/remote_agent.py -> /home/jetson/vmf/install/robot_grasping/lib/python3.10/site-packages/vmf_contact_main
creating /home/jetson/vmf/install/robot_grasping/lib/python3.10/site-packages/vmf_contact_main/openpoints
creating /home/jetson/vmf/install/robot_grasping/lib/python3.10/site-packages/vmf_contact_main/openpoints/cpp
creating /home/jetson/vmf/install/robot_grasping/lib/python3.10/site-packages/vmf_contact_main/openpoints/cpp/emd
copying /home/jetson/vmf/build/robot_grasping/build/lib/vmf_contact_main/openpoints/cpp/emd/setup.py -> /home/jetson/vmf/install/robot_grasping/lib/python3.10/site-packages/vmf_contact_main/openpoints/cpp/emd
copying /home/jetson/vmf/build/robot_grasping/build/lib/vmf_contact_main/openpoints/cpp/emd/test_emd_loss.py -> /home/jetson/vmf/install/robot_grasping/lib/python3.10/site-packages/vmf_contact_main/openpoints/cpp/emd
copying /home/jetson/vmf/build/robot_grasping/build/lib/vmf_contact_main/openpoints/cpp/emd/emd.py -> /home/jetson/vmf/install/robot_grasping/lib/python3.10/site-packages/vmf_contact_main/openpoints/cpp/emd
copying /home/jetson/vmf/build/robot_grasping/build/lib/vmf_contact_main/openpoints/cpp/emd/__init__.py -> /home/jetson/vmf/install/robot_grasping/lib/python3.10/site-packages/vmf_contact_main/openpoints/cpp/emd
creating /home/jetson/vmf/install/robot_grasping/lib/python3.10/site-packages/vmf_contact_main/openpoints/cpp/chamfer_dist
copying /home/jetson/vmf/build/robot_grasping/build/lib/vmf_contact_main/openpoints/cpp/chamfer_dist/setup.py -> /home/jetson/vmf/install/robot_grasping/lib/python3.10/site-packages/vmf_contact_main/openpoints/cpp/chamfer_dist
copying /home/jetson/vmf/build/robot_grasping/build/lib/vmf_contact_main/openpoints/cpp/chamfer_dist/test.py -> /home/jetson/vmf/install/robot_grasping/lib/python3.10/site-packages/vmf_contact_main/openpoints/cpp/chamfer_dist
copying /home/jetson/vmf/build/robot_grasping/build/lib/vmf_contact_main/openpoints/cpp/chamfer_dist/__init__.py -> /home/jetson/vmf/install/robot_grasping/lib/python3.10/site-packages/vmf_contact_main/openpoints/cpp/chamfer_dist
creating /home/jetson/vmf/install/robot_grasping/lib/python3.10/site-packages/vmf_contact_main/openpoints/cpp/pointops
copying /home/jetson/vmf/build/robot_grasping/build/lib/vmf_contact_main/openpoints/cpp/pointops/setup.py -> /home/jetson/vmf/install/robot_grasping/lib/python3.10/site-packages/vmf_contact_main/openpoints/cpp/pointops
creating /home/jetson/vmf/install/robot_grasping/lib/python3.10/site-packages/vmf_contact_main/openpoints/cpp/pointops/functions
copying /home/jetson/vmf/build/robot_grasping/build/lib/vmf_contact_main/openpoints/cpp/pointops/functions/pointops.py -> /home/jetson/vmf/install/robot_grasping/lib/python3.10/site-packages/vmf_contact_main/openpoints/cpp/pointops/functions
copying /home/jetson/vmf/build/robot_grasping/build/lib/vmf_contact_main/openpoints/cpp/pointops/functions/__init__.py -> /home/jetson/vmf/install/robot_grasping/lib/python3.10/site-packages/vmf_contact_main/openpoints/cpp/pointops/functions
creating /home/jetson/vmf/install/robot_grasping/lib/python3.10/site-packages/vmf_contact_main/openpoints/cpp/pointops/src
copying /home/jetson/vmf/build/robot_grasping/build/lib/vmf_contact_main/openpoints/cpp/pointops/src/__init__.py -> /home/jetson/vmf/install/robot_grasping/lib/python3.10/site-packages/vmf_contact_main/openpoints/cpp/pointops/src
copying /home/jetson/vmf/build/robot_grasping/build/lib/vmf_contact_main/openpoints/cpp/pointops/__init__.py -> /home/jetson/vmf/install/robot_grasping/lib/python3.10/site-packages/vmf_contact_main/openpoints/cpp/pointops
creating /home/jetson/vmf/install/robot_grasping/lib/python3.10/site-packages/vmf_contact_main/openpoints/cpp/pointnet2_batch
copying /home/jetson/vmf/build/robot_grasping/build/lib/vmf_contact_main/openpoints/cpp/pointnet2_batch/setup.py -> /home/jetson/vmf/install/robot_grasping/lib/python3.10/site-packages/vmf_contact_main/openpoints/cpp/pointnet2_batch
copying /home/jetson/vmf/build/robot_grasping/build/lib/vmf_contact_main/openpoints/cpp/pointnet2_batch/__init__.py -> /home/jetson/vmf/install/robot_grasping/lib/python3.10/site-packages/vmf_contact_main/openpoints/cpp/pointnet2_batch
copying /home/jetson/vmf/build/robot_grasping/build/lib/vmf_contact_main/openpoints/cpp/__init__.py -> /home/jetson/vmf/install/robot_grasping/lib/python3.10/site-packages/vmf_contact_main/openpoints/cpp
creating /home/jetson/vmf/install/robot_grasping/lib/python3.10/site-packages/vmf_contact_main/openpoints/transforms
copying /home/jetson/vmf/build/robot_grasping/build/lib/vmf_contact_main/openpoints/transforms/transforms_factory.py -> /home/jetson/vmf/install/robot_grasping/lib/python3.10/site-packages/vmf_contact_main/openpoints/transforms
copying /home/jetson/vmf/build/robot_grasping/build/lib/vmf_contact_main/openpoints/transforms/point_transform_cpu.py -> /home/jetson/vmf/install/robot_grasping/lib/python3.10/site-packages/vmf_contact_main/openpoints/transforms
copying /home/jetson/vmf/build/robot_grasping/build/lib/vmf_contact_main/openpoints/transforms/point_transformer_gpu.py -> /home/jetson/vmf/install/robot_grasping/lib/python3.10/site-packages/vmf_contact_main/openpoints/transforms
copying /home/jetson/vmf/build/robot_grasping/build/lib/vmf_contact_main/openpoints/transforms/__init__.py -> /home/jetson/vmf/install/robot_grasping/lib/python3.10/site-packages/vmf_contact_main/openpoints/transforms
creating /home/jetson/vmf/install/robot_grasping/lib/python3.10/site-packages/vmf_contact_main/openpoints/utils
copying /home/jetson/vmf/build/robot_grasping/build/lib/vmf_contact_main/openpoints/utils/wandb.py -> /home/jetson/vmf/install/robot_grasping/lib/python3.10/site-packages/vmf_contact_main/openpoints/utils
copying /home/jetson/vmf/build/robot_grasping/build/lib/vmf_contact_main/openpoints/utils/dist_utils.py -> /home/jetson/vmf/install/robot_grasping/lib/python3.10/site-packages/vmf_contact_main/openpoints/utils
copying /home/jetson/vmf/build/robot_grasping/build/lib/vmf_contact_main/openpoints/utils/registry.py -> /home/jetson/vmf/install/robot_grasping/lib/python3.10/site-packages/vmf_contact_main/openpoints/utils
copying /home/jetson/vmf/build/robot_grasping/build/lib/vmf_contact_main/openpoints/utils/metrics.py -> /home/jetson/vmf/install/robot_grasping/lib/python3.10/site-packages/vmf_contact_main/openpoints/utils
copying /home/jetson/vmf/build/robot_grasping/build/lib/vmf_contact_main/openpoints/utils/config.py -> /home/jetson/vmf/install/robot_grasping/lib/python3.10/site-packages/vmf_contact_main/openpoints/utils
copying /home/jetson/vmf/build/robot_grasping/build/lib/vmf_contact_main/openpoints/utils/ckpt_util.py -> /home/jetson/vmf/install/robot_grasping/lib/python3.10/site-packages/vmf_contact_main/openpoints/utils
copying /home/jetson/vmf/build/robot_grasping/build/lib/vmf_contact_main/openpoints/utils/random.py -> /home/jetson/vmf/install/robot_grasping/lib/python3.10/site-packages/vmf_contact_main/openpoints/utils
copying /home/jetson/vmf/build/robot_grasping/build/lib/vmf_contact_main/openpoints/utils/str2bool.py -> /home/jetson/vmf/install/robot_grasping/lib/python3.10/site-packages/vmf_contact_main/openpoints/utils
copying /home/jetson/vmf/build/robot_grasping/build/lib/vmf_contact_main/openpoints/utils/__init__.py -> /home/jetson/vmf/install/robot_grasping/lib/python3.10/site-packages/vmf_contact_main/openpoints/utils
copying /home/jetson/vmf/build/robot_grasping/build/lib/vmf_contact_main/openpoints/utils/logger.py -> /home/jetson/vmf/install/robot_grasping/lib/python3.10/site-packages/vmf_contact_main/openpoints/utils
creating /home/jetson/vmf/install/robot_grasping/lib/python3.10/site-packages/vmf_contact_main/openpoints/models
creating /home/jetson/vmf/install/robot_grasping/lib/python3.10/site-packages/vmf_contact_main/openpoints/models/reconstruction
copying /home/jetson/vmf/build/robot_grasping/build/lib/vmf_contact_main/openpoints/models/reconstruction/maskedpoint.py -> /home/jetson/vmf/install/robot_grasping/lib/python3.10/site-packages/vmf_contact_main/openpoints/models/reconstruction
copying /home/jetson/vmf/build/robot_grasping/build/lib/vmf_contact_main/openpoints/models/reconstruction/base_recontruct.py -> /home/jetson/vmf/install/robot_grasping/lib/python3.10/site-packages/vmf_contact_main/openpoints/models/reconstruction
copying /home/jetson/vmf/build/robot_grasping/build/lib/vmf_contact_main/openpoints/models/reconstruction/nodeshuffle.py -> /home/jetson/vmf/install/robot_grasping/lib/python3.10/site-packages/vmf_contact_main/openpoints/models/reconstruction
copying /home/jetson/vmf/build/robot_grasping/build/lib/vmf_contact_main/openpoints/models/reconstruction/maskedpointvit.py -> /home/jetson/vmf/install/robot_grasping/lib/python3.10/site-packages/vmf_contact_main/openpoints/models/reconstruction
copying /home/jetson/vmf/build/robot_grasping/build/lib/vmf_contact_main/openpoints/models/reconstruction/maskedpointgroup.py -> /home/jetson/vmf/install/robot_grasping/lib/python3.10/site-packages/vmf_contact_main/openpoints/models/reconstruction
copying /home/jetson/vmf/build/robot_grasping/build/lib/vmf_contact_main/openpoints/models/reconstruction/__init__.py -> /home/jetson/vmf/install/robot_grasping/lib/python3.10/site-packages/vmf_contact_main/openpoints/models/reconstruction
creating /home/jetson/vmf/install/robot_grasping/lib/python3.10/site-packages/vmf_contact_main/openpoints/models/grasp
copying /home/jetson/vmf/build/robot_grasping/build/lib/vmf_contact_main/openpoints/models/grasp/vit_grasp.py -> /home/jetson/vmf/install/robot_grasping/lib/python3.10/site-packages/vmf_contact_main/openpoints/models/grasp
copying /home/jetson/vmf/build/robot_grasping/build/lib/vmf_contact_main/openpoints/models/grasp/base_grasp.py -> /home/jetson/vmf/install/robot_grasping/lib/python3.10/site-packages/vmf_contact_main/openpoints/models/grasp
copying /home/jetson/vmf/build/robot_grasping/build/lib/vmf_contact_main/openpoints/models/grasp/__init__.py -> /home/jetson/vmf/install/robot_grasping/lib/python3.10/site-packages/vmf_contact_main/openpoints/models/grasp
creating /home/jetson/vmf/install/robot_grasping/lib/python3.10/site-packages/vmf_contact_main/openpoints/models/classification
copying /home/jetson/vmf/build/robot_grasping/build/lib/vmf_contact_main/openpoints/models/classification/cls_base.py -> /home/jetson/vmf/install/robot_grasping/lib/python3.10/site-packages/vmf_contact_main/openpoints/models/classification
copying /home/jetson/vmf/build/robot_grasping/build/lib/vmf_contact_main/openpoints/models/classification/point_bert.py -> /home/jetson/vmf/install/robot_grasping/lib/python3.10/site-packages/vmf_contact_main/openpoints/models/classification
copying /home/jetson/vmf/build/robot_grasping/build/lib/vmf_contact_main/openpoints/models/classification/__init__.py -> /home/jetson/vmf/install/robot_grasping/lib/python3.10/site-packages/vmf_contact_main/openpoints/models/classification
copying /home/jetson/vmf/build/robot_grasping/build/lib/vmf_contact_main/openpoints/models/build.py -> /home/jetson/vmf/install/robot_grasping/lib/python3.10/site-packages/vmf_contact_main/openpoints/models
copying /home/jetson/vmf/build/robot_grasping/build/lib/vmf_contact_main/openpoints/models/registry.py -> /home/jetson/vmf/install/robot_grasping/lib/python3.10/site-packages/vmf_contact_main/openpoints/models
creating /home/jetson/vmf/install/robot_grasping/lib/python3.10/site-packages/vmf_contact_main/openpoints/models/layers
copying /home/jetson/vmf/build/robot_grasping/build/lib/vmf_contact_main/openpoints/models/layers/graph_conv.py -> /home/jetson/vmf/install/robot_grasping/lib/python3.10/site-packages/vmf_contact_main/openpoints/models/layers
copying /home/jetson/vmf/build/robot_grasping/build/lib/vmf_contact_main/openpoints/models/layers/attention.py -> /home/jetson/vmf/install/robot_grasping/lib/python3.10/site-packages/vmf_contact_main/openpoints/models/layers
copying /home/jetson/vmf/build/robot_grasping/build/lib/vmf_contact_main/openpoints/models/layers/weight_init.py -> /home/jetson/vmf/install/robot_grasping/lib/python3.10/site-packages/vmf_contact_main/openpoints/models/layers
copying /home/jetson/vmf/build/robot_grasping/build/lib/vmf_contact_main/openpoints/models/layers/patch_embed.py -> /home/jetson/vmf/install/robot_grasping/lib/python3.10/site-packages/vmf_contact_main/openpoints/models/layers
copying /home/jetson/vmf/build/robot_grasping/build/lib/vmf_contact_main/openpoints/models/layers/local_aggregation.py -> /home/jetson/vmf/install/robot_grasping/lib/python3.10/site-packages/vmf_contact_main/openpoints/models/layers
copying /home/jetson/vmf/build/robot_grasping/build/lib/vmf_contact_main/openpoints/models/layers/knn.py -> /home/jetson/vmf/install/robot_grasping/lib/python3.10/site-packages/vmf_contact_main/openpoints/models/layers
copying /home/jetson/vmf/build/robot_grasping/build/lib/vmf_contact_main/openpoints/models/layers/activation.py -> /home/jetson/vmf/install/robot_grasping/lib/python3.10/site-packages/vmf_contact_main/openpoints/models/layers
copying /home/jetson/vmf/build/robot_grasping/build/lib/vmf_contact_main/openpoints/models/layers/helpers.py -> /home/jetson/vmf/install/robot_grasping/lib/python3.10/site-packages/vmf_contact_main/openpoints/models/layers
copying /home/jetson/vmf/build/robot_grasping/build/lib/vmf_contact_main/openpoints/models/layers/registry.py -> /home/jetson/vmf/install/robot_grasping/lib/python3.10/site-packages/vmf_contact_main/openpoints/models/layers
copying /home/jetson/vmf/build/robot_grasping/build/lib/vmf_contact_main/openpoints/models/layers/group_embed.py -> /home/jetson/vmf/install/robot_grasping/lib/python3.10/site-packages/vmf_contact_main/openpoints/models/layers
copying /home/jetson/vmf/build/robot_grasping/build/lib/vmf_contact_main/openpoints/models/layers/padding.py -> /home/jetson/vmf/install/robot_grasping/lib/python3.10/site-packages/vmf_contact_main/openpoints/models/layers
copying /home/jetson/vmf/build/robot_grasping/build/lib/vmf_contact_main/openpoints/models/layers/group.py -> /home/jetson/vmf/install/robot_grasping/lib/python3.10/site-packages/vmf_contact_main/openpoints/models/layers
copying /home/jetson/vmf/build/robot_grasping/build/lib/vmf_contact_main/openpoints/models/layers/norm.py -> /home/jetson/vmf/install/robot_grasping/lib/python3.10/site-packages/vmf_contact_main/openpoints/models/layers
copying /home/jetson/vmf/build/robot_grasping/build/lib/vmf_contact_main/openpoints/models/layers/mlp.py -> /home/jetson/vmf/install/robot_grasping/lib/python3.10/site-packages/vmf_contact_main/openpoints/models/layers
copying /home/jetson/vmf/build/robot_grasping/build/lib/vmf_contact_main/openpoints/models/layers/conv.py -> /home/jetson/vmf/install/robot_grasping/lib/python3.10/site-packages/vmf_contact_main/openpoints/models/layers
copying /home/jetson/vmf/build/robot_grasping/build/lib/vmf_contact_main/openpoints/models/layers/subsample.py -> /home/jetson/vmf/install/robot_grasping/lib/python3.10/site-packages/vmf_contact_main/openpoints/models/layers
copying /home/jetson/vmf/build/robot_grasping/build/lib/vmf_contact_main/openpoints/models/layers/kmeans.py -> /home/jetson/vmf/install/robot_grasping/lib/python3.10/site-packages/vmf_contact_main/openpoints/models/layers
copying /home/jetson/vmf/build/robot_grasping/build/lib/vmf_contact_main/openpoints/models/layers/upsampling.py -> /home/jetson/vmf/install/robot_grasping/lib/python3.10/site-packages/vmf_contact_main/openpoints/models/layers
copying /home/jetson/vmf/build/robot_grasping/build/lib/vmf_contact_main/openpoints/models/layers/__init__.py -> /home/jetson/vmf/install/robot_grasping/lib/python3.10/site-packages/vmf_contact_main/openpoints/models/layers
copying /home/jetson/vmf/build/robot_grasping/build/lib/vmf_contact_main/openpoints/models/layers/drop.py -> /home/jetson/vmf/install/robot_grasping/lib/python3.10/site-packages/vmf_contact_main/openpoints/models/layers
creating /home/jetson/vmf/install/robot_grasping/lib/python3.10/site-packages/vmf_contact_main/openpoints/models/backbone
copying /home/jetson/vmf/build/robot_grasping/build/lib/vmf_contact_main/openpoints/models/backbone/spotr.py -> /home/jetson/vmf/install/robot_grasping/lib/python3.10/site-packages/vmf_contact_main/openpoints/models/backbone
copying /home/jetson/vmf/build/robot_grasping/build/lib/vmf_contact_main/openpoints/models/backbone/Stratified_transformer.py -> /home/jetson/vmf/install/robot_grasping/lib/python3.10/site-packages/vmf_contact_main/openpoints/models/backbone
copying /home/jetson/vmf/build/robot_grasping/build/lib/vmf_contact_main/openpoints/models/backbone/graphvit3d.py -> /home/jetson/vmf/install/robot_grasping/lib/python3.10/site-packages/vmf_contact_main/openpoints/models/backbone
copying /home/jetson/vmf/build/robot_grasping/build/lib/vmf_contact_main/openpoints/models/backbone/randlenet.py -> /home/jetson/vmf/install/robot_grasping/lib/python3.10/site-packages/vmf_contact_main/openpoints/models/backbone
copying /home/jetson/vmf/build/robot_grasping/build/lib/vmf_contact_main/openpoints/models/backbone/simpleview.py -> /home/jetson/vmf/install/robot_grasping/lib/python3.10/site-packages/vmf_contact_main/openpoints/models/backbone
copying /home/jetson/vmf/build/robot_grasping/build/lib/vmf_contact_main/openpoints/models/backbone/baafnet.py -> /home/jetson/vmf/install/robot_grasping/lib/python3.10/site-packages/vmf_contact_main/openpoints/models/backbone
copying /home/jetson/vmf/build/robot_grasping/build/lib/vmf_contact_main/openpoints/models/backbone/deepgcn.py -> /home/jetson/vmf/install/robot_grasping/lib/python3.10/site-packages/vmf_contact_main/openpoints/models/backbone
copying /home/jetson/vmf/build/robot_grasping/build/lib/vmf_contact_main/openpoints/models/backbone/grouppointnet.py -> /home/jetson/vmf/install/robot_grasping/lib/python3.10/site-packages/vmf_contact_main/openpoints/models/backbone
copying /home/jetson/vmf/build/robot_grasping/build/lib/vmf_contact_main/openpoints/models/backbone/simpleview_util.py -> /home/jetson/vmf/install/robot_grasping/lib/python3.10/site-packages/vmf_contact_main/openpoints/models/backbone
copying /home/jetson/vmf/build/robot_grasping/build/lib/vmf_contact_main/openpoints/models/backbone/pointvit.py -> /home/jetson/vmf/install/robot_grasping/lib/python3.10/site-packages/vmf_contact_main/openpoints/models/backbone
copying /home/jetson/vmf/build/robot_grasping/build/lib/vmf_contact_main/openpoints/models/backbone/dgcnn.py -> /home/jetson/vmf/install/robot_grasping/lib/python3.10/site-packages/vmf_contact_main/openpoints/models/backbone
copying /home/jetson/vmf/build/robot_grasping/build/lib/vmf_contact_main/openpoints/models/backbone/ball_dgcnn.py -> /home/jetson/vmf/install/robot_grasping/lib/python3.10/site-packages/vmf_contact_main/openpoints/models/backbone
copying /home/jetson/vmf/build/robot_grasping/build/lib/vmf_contact_main/openpoints/models/backbone/pointnextPyG.py -> /home/jetson/vmf/install/robot_grasping/lib/python3.10/site-packages/vmf_contact_main/openpoints/models/backbone
copying /home/jetson/vmf/build/robot_grasping/build/lib/vmf_contact_main/openpoints/models/backbone/pointvit_inv_old.py -> /home/jetson/vmf/install/robot_grasping/lib/python3.10/site-packages/vmf_contact_main/openpoints/models/backbone
copying /home/jetson/vmf/build/robot_grasping/build/lib/vmf_contact_main/openpoints/models/backbone/pointvector.py -> /home/jetson/vmf/install/robot_grasping/lib/python3.10/site-packages/vmf_contact_main/openpoints/models/backbone
copying /home/jetson/vmf/build/robot_grasping/build/lib/vmf_contact_main/openpoints/models/backbone/pointmlp.py -> /home/jetson/vmf/install/robot_grasping/lib/python3.10/site-packages/vmf_contact_main/openpoints/models/backbone
copying /home/jetson/vmf/build/robot_grasping/build/lib/vmf_contact_main/openpoints/models/backbone/pointnet.py -> /home/jetson/vmf/install/robot_grasping/lib/python3.10/site-packages/vmf_contact_main/openpoints/models/backbone
copying /home/jetson/vmf/build/robot_grasping/build/lib/vmf_contact_main/openpoints/models/backbone/pct.py -> /home/jetson/vmf/install/robot_grasping/lib/python3.10/site-packages/vmf_contact_main/openpoints/models/backbone
copying /home/jetson/vmf/build/robot_grasping/build/lib/vmf_contact_main/openpoints/models/backbone/debug_invvit.py -> /home/jetson/vmf/install/robot_grasping/lib/python3.10/site-packages/vmf_contact_main/openpoints/models/backbone
copying /home/jetson/vmf/build/robot_grasping/build/lib/vmf_contact_main/openpoints/models/backbone/pointnext.py -> /home/jetson/vmf/install/robot_grasping/lib/python3.10/site-packages/vmf_contact_main/openpoints/models/backbone
copying /home/jetson/vmf/build/robot_grasping/build/lib/vmf_contact_main/openpoints/models/backbone/curvenet.py -> /home/jetson/vmf/install/robot_grasping/lib/python3.10/site-packages/vmf_contact_main/openpoints/models/backbone
copying /home/jetson/vmf/build/robot_grasping/build/lib/vmf_contact_main/openpoints/models/backbone/pointtransformer.py -> /home/jetson/vmf/install/robot_grasping/lib/python3.10/site-packages/vmf_contact_main/openpoints/models/backbone
copying /home/jetson/vmf/build/robot_grasping/build/lib/vmf_contact_main/openpoints/models/backbone/resnet.py -> /home/jetson/vmf/install/robot_grasping/lib/python3.10/site-packages/vmf_contact_main/openpoints/models/backbone
copying /home/jetson/vmf/build/robot_grasping/build/lib/vmf_contact_main/openpoints/models/backbone/pointnetv2.py -> /home/jetson/vmf/install/robot_grasping/lib/python3.10/site-packages/vmf_contact_main/openpoints/models/backbone
copying /home/jetson/vmf/build/robot_grasping/build/lib/vmf_contact_main/openpoints/models/backbone/__init__.py -> /home/jetson/vmf/install/robot_grasping/lib/python3.10/site-packages/vmf_contact_main/openpoints/models/backbone
copying /home/jetson/vmf/build/robot_grasping/build/lib/vmf_contact_main/openpoints/models/backbone/pointvit_inv.py -> /home/jetson/vmf/install/robot_grasping/lib/python3.10/site-packages/vmf_contact_main/openpoints/models/backbone
creating /home/jetson/vmf/install/robot_grasping/lib/python3.10/site-packages/vmf_contact_main/openpoints/models/segmentation
copying /home/jetson/vmf/build/robot_grasping/build/lib/vmf_contact_main/openpoints/models/segmentation/base_seg.py -> /home/jetson/vmf/install/robot_grasping/lib/python3.10/site-packages/vmf_contact_main/openpoints/models/segmentation
copying /home/jetson/vmf/build/robot_grasping/build/lib/vmf_contact_main/openpoints/models/segmentation/vit_seg.py -> /home/jetson/vmf/install/robot_grasping/lib/python3.10/site-packages/vmf_contact_main/openpoints/models/segmentation
copying /home/jetson/vmf/build/robot_grasping/build/lib/vmf_contact_main/openpoints/models/segmentation/__init__.py -> /home/jetson/vmf/install/robot_grasping/lib/python3.10/site-packages/vmf_contact_main/openpoints/models/segmentation
copying /home/jetson/vmf/build/robot_grasping/build/lib/vmf_contact_main/openpoints/models/__init__.py -> /home/jetson/vmf/install/robot_grasping/lib/python3.10/site-packages/vmf_contact_main/openpoints/models
creating /home/jetson/vmf/install/robot_grasping/lib/python3.10/site-packages/vmf_contact_main/openpoints/scheduler
copying /home/jetson/vmf/build/robot_grasping/build/lib/vmf_contact_main/openpoints/scheduler/multistep_lr.py -> /home/jetson/vmf/install/robot_grasping/lib/python3.10/site-packages/vmf_contact_main/openpoints/scheduler
copying /home/jetson/vmf/build/robot_grasping/build/lib/vmf_contact_main/openpoints/scheduler/step_lr.py -> /home/jetson/vmf/install/robot_grasping/lib/python3.10/site-packages/vmf_contact_main/openpoints/scheduler
copying /home/jetson/vmf/build/robot_grasping/build/lib/vmf_contact_main/openpoints/scheduler/poly_lr.py -> /home/jetson/vmf/install/robot_grasping/lib/python3.10/site-packages/vmf_contact_main/openpoints/scheduler
copying /home/jetson/vmf/build/robot_grasping/build/lib/vmf_contact_main/openpoints/scheduler/plateau_lr.py -> /home/jetson/vmf/install/robot_grasping/lib/python3.10/site-packages/vmf_contact_main/openpoints/scheduler
copying /home/jetson/vmf/build/robot_grasping/build/lib/vmf_contact_main/openpoints/scheduler/scheduler_factory.py -> /home/jetson/vmf/install/robot_grasping/lib/python3.10/site-packages/vmf_contact_main/openpoints/scheduler
copying /home/jetson/vmf/build/robot_grasping/build/lib/vmf_contact_main/openpoints/scheduler/cosine_lr.py -> /home/jetson/vmf/install/robot_grasping/lib/python3.10/site-packages/vmf_contact_main/openpoints/scheduler
copying /home/jetson/vmf/build/robot_grasping/build/lib/vmf_contact_main/openpoints/scheduler/scheduler.py -> /home/jetson/vmf/install/robot_grasping/lib/python3.10/site-packages/vmf_contact_main/openpoints/scheduler
copying /home/jetson/vmf/build/robot_grasping/build/lib/vmf_contact_main/openpoints/scheduler/tanh_lr.py -> /home/jetson/vmf/install/robot_grasping/lib/python3.10/site-packages/vmf_contact_main/openpoints/scheduler
copying /home/jetson/vmf/build/robot_grasping/build/lib/vmf_contact_main/openpoints/scheduler/__init__.py -> /home/jetson/vmf/install/robot_grasping/lib/python3.10/site-packages/vmf_contact_main/openpoints/scheduler
creating /home/jetson/vmf/install/robot_grasping/lib/python3.10/site-packages/vmf_contact_main/openpoints/loss
copying /home/jetson/vmf/build/robot_grasping/build/lib/vmf_contact_main/openpoints/loss/cross_entropy.py -> /home/jetson/vmf/install/robot_grasping/lib/python3.10/site-packages/vmf_contact_main/openpoints/loss
copying /home/jetson/vmf/build/robot_grasping/build/lib/vmf_contact_main/openpoints/loss/build.py -> /home/jetson/vmf/install/robot_grasping/lib/python3.10/site-packages/vmf_contact_main/openpoints/loss
copying /home/jetson/vmf/build/robot_grasping/build/lib/vmf_contact_main/openpoints/loss/distill_loss.py -> /home/jetson/vmf/install/robot_grasping/lib/python3.10/site-packages/vmf_contact_main/openpoints/loss
copying /home/jetson/vmf/build/robot_grasping/build/lib/vmf_contact_main/openpoints/loss/__init__.py -> /home/jetson/vmf/install/robot_grasping/lib/python3.10/site-packages/vmf_contact_main/openpoints/loss
creating /home/jetson/vmf/install/robot_grasping/lib/python3.10/site-packages/vmf_contact_main/openpoints/dataset
creating /home/jetson/vmf/install/robot_grasping/lib/python3.10/site-packages/vmf_contact_main/openpoints/dataset/pcqm4m
copying /home/jetson/vmf/build/robot_grasping/build/lib/vmf_contact_main/openpoints/dataset/pcqm4m/data.py -> /home/jetson/vmf/install/robot_grasping/lib/python3.10/site-packages/vmf_contact_main/openpoints/dataset/pcqm4m
copying /home/jetson/vmf/build/robot_grasping/build/lib/vmf_contact_main/openpoints/dataset/pcqm4m/__init__.py -> /home/jetson/vmf/install/robot_grasping/lib/python3.10/site-packages/vmf_contact_main/openpoints/dataset/pcqm4m
creating /home/jetson/vmf/install/robot_grasping/lib/python3.10/site-packages/vmf_contact_main/openpoints/dataset/graph_dataset
copying /home/jetson/vmf/build/robot_grasping/build/lib/vmf_contact_main/openpoints/dataset/graph_dataset/svd_encodings_dataset.py -> /home/jetson/vmf/install/robot_grasping/lib/python3.10/site-packages/vmf_contact_main/openpoints/dataset/graph_dataset
copying /home/jetson/vmf/build/robot_grasping/build/lib/vmf_contact_main/openpoints/dataset/graph_dataset/structural_dataset.py -> /home/jetson/vmf/install/robot_grasping/lib/python3.10/site-packages/vmf_contact_main/openpoints/dataset/graph_dataset
copying /home/jetson/vmf/build/robot_grasping/build/lib/vmf_contact_main/openpoints/dataset/graph_dataset/stack_with_pad.py -> /home/jetson/vmf/install/robot_grasping/lib/python3.10/site-packages/vmf_contact_main/openpoints/dataset/graph_dataset
copying /home/jetson/vmf/build/robot_grasping/build/lib/vmf_contact_main/openpoints/dataset/graph_dataset/graph_dataset.py -> /home/jetson/vmf/install/robot_grasping/lib/python3.10/site-packages/vmf_contact_main/openpoints/dataset/graph_dataset
copying /home/jetson/vmf/build/robot_grasping/build/lib/vmf_contact_main/openpoints/dataset/graph_dataset/__init__.py -> /home/jetson/vmf/install/robot_grasping/lib/python3.10/site-packages/vmf_contact_main/openpoints/dataset/graph_dataset
creating /home/jetson/vmf/install/robot_grasping/lib/python3.10/site-packages/vmf_contact_main/openpoints/dataset/pcqm4mv2
copying /home/jetson/vmf/build/robot_grasping/build/lib/vmf_contact_main/openpoints/dataset/pcqm4mv2/data.py -> /home/jetson/vmf/install/robot_grasping/lib/python3.10/site-packages/vmf_contact_main/openpoints/dataset/pcqm4mv2
copying /home/jetson/vmf/build/robot_grasping/build/lib/vmf_contact_main/openpoints/dataset/pcqm4mv2/__init__.py -> /home/jetson/vmf/install/robot_grasping/lib/python3.10/site-packages/vmf_contact_main/openpoints/dataset/pcqm4mv2
copying /home/jetson/vmf/build/robot_grasping/build/lib/vmf_contact_main/openpoints/dataset/dataset_base.py -> /home/jetson/vmf/install/robot_grasping/lib/python3.10/site-packages/vmf_contact_main/openpoints/dataset
creating /home/jetson/vmf/install/robot_grasping/lib/python3.10/site-packages/vmf_contact_main/openpoints/dataset/atom3d
copying /home/jetson/vmf/build/robot_grasping/build/lib/vmf_contact_main/openpoints/dataset/atom3d/psr.py -> /home/jetson/vmf/install/robot_grasping/lib/python3.10/site-packages/vmf_contact_main/openpoints/dataset/atom3d
copying /home/jetson/vmf/build/robot_grasping/build/lib/vmf_contact_main/openpoints/dataset/atom3d/__init__.py -> /home/jetson/vmf/install/robot_grasping/lib/python3.10/site-packages/vmf_contact_main/openpoints/dataset/atom3d
copying /home/jetson/vmf/build/robot_grasping/build/lib/vmf_contact_main/openpoints/dataset/build.py -> /home/jetson/vmf/install/robot_grasping/lib/python3.10/site-packages/vmf_contact_main/openpoints/dataset
copying /home/jetson/vmf/build/robot_grasping/build/lib/vmf_contact_main/openpoints/dataset/data_util.py -> /home/jetson/vmf/install/robot_grasping/lib/python3.10/site-packages/vmf_contact_main/openpoints/dataset
creating /home/jetson/vmf/install/robot_grasping/lib/python3.10/site-packages/vmf_contact_main/openpoints/dataset/s3dis
copying /home/jetson/vmf/build/robot_grasping/build/lib/vmf_contact_main/openpoints/dataset/s3dis/s3dis.py -> /home/jetson/vmf/install/robot_grasping/lib/python3.10/site-packages/vmf_contact_main/openpoints/dataset/s3dis
copying /home/jetson/vmf/build/robot_grasping/build/lib/vmf_contact_main/openpoints/dataset/s3dis/s3dis_sphere.py -> /home/jetson/vmf/install/robot_grasping/lib/python3.10/site-packages/vmf_contact_main/openpoints/dataset/s3dis
copying /home/jetson/vmf/build/robot_grasping/build/lib/vmf_contact_main/openpoints/dataset/s3dis/s3dis_block.py -> /home/jetson/vmf/install/robot_grasping/lib/python3.10/site-packages/vmf_contact_main/openpoints/dataset/s3dis
copying /home/jetson/vmf/build/robot_grasping/build/lib/vmf_contact_main/openpoints/dataset/s3dis/__init__.py -> /home/jetson/vmf/install/robot_grasping/lib/python3.10/site-packages/vmf_contact_main/openpoints/dataset/s3dis
creating /home/jetson/vmf/install/robot_grasping/lib/python3.10/site-packages/vmf_contact_main/openpoints/dataset/shapenetpart
copying /home/jetson/vmf/build/robot_grasping/build/lib/vmf_contact_main/openpoints/dataset/shapenetpart/shapenetpart.py -> /home/jetson/vmf/install/robot_grasping/lib/python3.10/site-packages/vmf_contact_main/openpoints/dataset/shapenetpart
copying /home/jetson/vmf/build/robot_grasping/build/lib/vmf_contact_main/openpoints/dataset/shapenetpart/shapenet55.py -> /home/jetson/vmf/install/robot_grasping/lib/python3.10/site-packages/vmf_contact_main/openpoints/dataset/shapenetpart
copying /home/jetson/vmf/build/robot_grasping/build/lib/vmf_contact_main/openpoints/dataset/shapenetpart/__init__.py -> /home/jetson/vmf/install/robot_grasping/lib/python3.10/site-packages/vmf_contact_main/openpoints/dataset/shapenetpart
copying /home/jetson/vmf/build/robot_grasping/build/lib/vmf_contact_main/openpoints/dataset/vis2d.py -> /home/jetson/vmf/install/robot_grasping/lib/python3.10/site-packages/vmf_contact_main/openpoints/dataset
creating /home/jetson/vmf/install/robot_grasping/lib/python3.10/site-packages/vmf_contact_main/openpoints/dataset/modelnet
copying /home/jetson/vmf/build/robot_grasping/build/lib/vmf_contact_main/openpoints/dataset/modelnet/modelnet40_normal_resampled_loader.py -> /home/jetson/vmf/install/robot_grasping/lib/python3.10/site-packages/vmf_contact_main/openpoints/dataset/modelnet
copying /home/jetson/vmf/build/robot_grasping/build/lib/vmf_contact_main/openpoints/dataset/modelnet/modelnet40_ply_2048_loader.py -> /home/jetson/vmf/install/robot_grasping/lib/python3.10/site-packages/vmf_contact_main/openpoints/dataset/modelnet
copying /home/jetson/vmf/build/robot_grasping/build/lib/vmf_contact_main/openpoints/dataset/modelnet/__init__.py -> /home/jetson/vmf/install/robot_grasping/lib/python3.10/site-packages/vmf_contact_main/openpoints/dataset/modelnet
creating /home/jetson/vmf/install/robot_grasping/lib/python3.10/site-packages/vmf_contact_main/openpoints/dataset/shapenet
copying /home/jetson/vmf/build/robot_grasping/build/lib/vmf_contact_main/openpoints/dataset/shapenet/shapenetpart.py -> /home/jetson/vmf/install/robot_grasping/lib/python3.10/site-packages/vmf_contact_main/openpoints/dataset/shapenet
copying /home/jetson/vmf/build/robot_grasping/build/lib/vmf_contact_main/openpoints/dataset/shapenet/shapenet55.py -> /home/jetson/vmf/install/robot_grasping/lib/python3.10/site-packages/vmf_contact_main/openpoints/dataset/shapenet
copying /home/jetson/vmf/build/robot_grasping/build/lib/vmf_contact_main/openpoints/dataset/shapenet/__init__.py -> /home/jetson/vmf/install/robot_grasping/lib/python3.10/site-packages/vmf_contact_main/openpoints/dataset/shapenet
creating /home/jetson/vmf/install/robot_grasping/lib/python3.10/site-packages/vmf_contact_main/openpoints/dataset/matterport3d
copying /home/jetson/vmf/build/robot_grasping/build/lib/vmf_contact_main/openpoints/dataset/matterport3d/matterport3d_dataprocessing.py -> /home/jetson/vmf/install/robot_grasping/lib/python3.10/site-packages/vmf_contact_main/openpoints/dataset/matterport3d
copying /home/jetson/vmf/build/robot_grasping/build/lib/vmf_contact_main/openpoints/dataset/matterport3d/__init__.py -> /home/jetson/vmf/install/robot_grasping/lib/python3.10/site-packages/vmf_contact_main/openpoints/dataset/matterport3d
copying /home/jetson/vmf/build/robot_grasping/build/lib/vmf_contact_main/openpoints/dataset/matterport3d/matterport3d.py -> /home/jetson/vmf/install/robot_grasping/lib/python3.10/site-packages/vmf_contact_main/openpoints/dataset/matterport3d
creating /home/jetson/vmf/install/robot_grasping/lib/python3.10/site-packages/vmf_contact_main/openpoints/dataset/semantic_kitti
copying /home/jetson/vmf/build/robot_grasping/build/lib/vmf_contact_main/openpoints/dataset/semantic_kitti/semantickitti.py -> /home/jetson/vmf/install/robot_grasping/lib/python3.10/site-packages/vmf_contact_main/openpoints/dataset/semantic_kitti
copying /home/jetson/vmf/build/robot_grasping/build/lib/vmf_contact_main/openpoints/dataset/semantic_kitti/helper_tool.py -> /home/jetson/vmf/install/robot_grasping/lib/python3.10/site-packages/vmf_contact_main/openpoints/dataset/semantic_kitti
copying /home/jetson/vmf/build/robot_grasping/build/lib/vmf_contact_main/openpoints/dataset/semantic_kitti/__init__.py -> /home/jetson/vmf/install/robot_grasping/lib/python3.10/site-packages/vmf_contact_main/openpoints/dataset/semantic_kitti
copying /home/jetson/vmf/build/robot_grasping/build/lib/vmf_contact_main/openpoints/dataset/grid_sample.py -> /home/jetson/vmf/install/robot_grasping/lib/python3.10/site-packages/vmf_contact_main/openpoints/dataset
creating /home/jetson/vmf/install/robot_grasping/lib/python3.10/site-packages/vmf_contact_main/openpoints/dataset/molpcba
copying /home/jetson/vmf/build/robot_grasping/build/lib/vmf_contact_main/openpoints/dataset/molpcba/data.py -> /home/jetson/vmf/install/robot_grasping/lib/python3.10/site-packages/vmf_contact_main/openpoints/dataset/molpcba
copying /home/jetson/vmf/build/robot_grasping/build/lib/vmf_contact_main/openpoints/dataset/molpcba/__init__.py -> /home/jetson/vmf/install/robot_grasping/lib/python3.10/site-packages/vmf_contact_main/openpoints/dataset/molpcba
creating /home/jetson/vmf/install/robot_grasping/lib/python3.10/site-packages/vmf_contact_main/openpoints/dataset/scanobjectnn
copying /home/jetson/vmf/build/robot_grasping/build/lib/vmf_contact_main/openpoints/dataset/scanobjectnn/scanobjectnn.py -> /home/jetson/vmf/install/robot_grasping/lib/python3.10/site-packages/vmf_contact_main/openpoints/dataset/scanobjectnn
copying /home/jetson/vmf/build/robot_grasping/build/lib/vmf_contact_main/openpoints/dataset/scanobjectnn/__init__.py -> /home/jetson/vmf/install/robot_grasping/lib/python3.10/site-packages/vmf_contact_main/openpoints/dataset/scanobjectnn
creating /home/jetson/vmf/install/robot_grasping/lib/python3.10/site-packages/vmf_contact_main/openpoints/dataset/molhiv
copying /home/jetson/vmf/build/robot_grasping/build/lib/vmf_contact_main/openpoints/dataset/molhiv/data.py -> /home/jetson/vmf/install/robot_grasping/lib/python3.10/site-packages/vmf_contact_main/openpoints/dataset/molhiv
copying /home/jetson/vmf/build/robot_grasping/build/lib/vmf_contact_main/openpoints/dataset/molhiv/__init__.py -> /home/jetson/vmf/install/robot_grasping/lib/python3.10/site-packages/vmf_contact_main/openpoints/dataset/molhiv
creating /home/jetson/vmf/install/robot_grasping/lib/python3.10/site-packages/vmf_contact_main/openpoints/dataset/parsers
copying /home/jetson/vmf/build/robot_grasping/build/lib/vmf_contact_main/openpoints/dataset/parsers/parser_factory.py -> /home/jetson/vmf/install/robot_grasping/lib/python3.10/site-packages/vmf_contact_main/openpoints/dataset/parsers
copying /home/jetson/vmf/build/robot_grasping/build/lib/vmf_contact_main/openpoints/dataset/parsers/parser_image_tar.py -> /home/jetson/vmf/install/robot_grasping/lib/python3.10/site-packages/vmf_contact_main/openpoints/dataset/parsers
copying /home/jetson/vmf/build/robot_grasping/build/lib/vmf_contact_main/openpoints/dataset/parsers/parser_tfds.py -> /home/jetson/vmf/install/robot_grasping/lib/python3.10/site-packages/vmf_contact_main/openpoints/dataset/parsers
copying /home/jetson/vmf/build/robot_grasping/build/lib/vmf_contact_main/openpoints/dataset/parsers/parser_image_folder.py -> /home/jetson/vmf/install/robot_grasping/lib/python3.10/site-packages/vmf_contact_main/openpoints/dataset/parsers
copying /home/jetson/vmf/build/robot_grasping/build/lib/vmf_contact_main/openpoints/dataset/parsers/parser_image_in_tar.py -> /home/jetson/vmf/install/robot_grasping/lib/python3.10/site-packages/vmf_contact_main/openpoints/dataset/parsers
copying /home/jetson/vmf/build/robot_grasping/build/lib/vmf_contact_main/openpoints/dataset/parsers/constants.py -> /home/jetson/vmf/install/robot_grasping/lib/python3.10/site-packages/vmf_contact_main/openpoints/dataset/parsers
copying /home/jetson/vmf/build/robot_grasping/build/lib/vmf_contact_main/openpoints/dataset/parsers/parser.py -> /home/jetson/vmf/install/robot_grasping/lib/python3.10/site-packages/vmf_contact_main/openpoints/dataset/parsers
copying /home/jetson/vmf/build/robot_grasping/build/lib/vmf_contact_main/openpoints/dataset/parsers/class_map.py -> /home/jetson/vmf/install/robot_grasping/lib/python3.10/site-packages/vmf_contact_main/openpoints/dataset/parsers
copying /home/jetson/vmf/build/robot_grasping/build/lib/vmf_contact_main/openpoints/dataset/parsers/__init__.py -> /home/jetson/vmf/install/robot_grasping/lib/python3.10/site-packages/vmf_contact_main/openpoints/dataset/parsers
copying /home/jetson/vmf/build/robot_grasping/build/lib/vmf_contact_main/openpoints/dataset/vis3d.py -> /home/jetson/vmf/install/robot_grasping/lib/python3.10/site-packages/vmf_contact_main/openpoints/dataset
creating /home/jetson/vmf/install/robot_grasping/lib/python3.10/site-packages/vmf_contact_main/openpoints/dataset/scannetv2
copying /home/jetson/vmf/build/robot_grasping/build/lib/vmf_contact_main/openpoints/dataset/scannetv2/scannet.py -> /home/jetson/vmf/install/robot_grasping/lib/python3.10/site-packages/vmf_contact_main/openpoints/dataset/scannetv2
copying /home/jetson/vmf/build/robot_grasping/build/lib/vmf_contact_main/openpoints/dataset/scannetv2/__init__.py -> /home/jetson/vmf/install/robot_grasping/lib/python3.10/site-packages/vmf_contact_main/openpoints/dataset/scannetv2
copying /home/jetson/vmf/build/robot_grasping/build/lib/vmf_contact_main/openpoints/dataset/datalist.py -> /home/jetson/vmf/install/robot_grasping/lib/python3.10/site-packages/vmf_contact_main/openpoints/dataset
copying /home/jetson/vmf/build/robot_grasping/build/lib/vmf_contact_main/openpoints/dataset/__init__.py -> /home/jetson/vmf/install/robot_grasping/lib/python3.10/site-packages/vmf_contact_main/openpoints/dataset
copying /home/jetson/vmf/build/robot_grasping/build/lib/vmf_contact_main/openpoints/__init__.py -> /home/jetson/vmf/install/robot_grasping/lib/python3.10/site-packages/vmf_contact_main/openpoints
creating /home/jetson/vmf/install/robot_grasping/lib/python3.10/site-packages/vmf_contact_main/openpoints/optim
copying /home/jetson/vmf/build/robot_grasping/build/lib/vmf_contact_main/openpoints/optim/radam.py -> /home/jetson/vmf/install/robot_grasping/lib/python3.10/site-packages/vmf_contact_main/openpoints/optim
copying /home/jetson/vmf/build/robot_grasping/build/lib/vmf_contact_main/openpoints/optim/adafactor.py -> /home/jetson/vmf/install/robot_grasping/lib/python3.10/site-packages/vmf_contact_main/openpoints/optim
copying /home/jetson/vmf/build/robot_grasping/build/lib/vmf_contact_main/openpoints/optim/adamw.py -> /home/jetson/vmf/install/robot_grasping/lib/python3.10/site-packages/vmf_contact_main/openpoints/optim
copying /home/jetson/vmf/build/robot_grasping/build/lib/vmf_contact_main/openpoints/optim/sgdp.py -> /home/jetson/vmf/install/robot_grasping/lib/python3.10/site-packages/vmf_contact_main/openpoints/optim
copying /home/jetson/vmf/build/robot_grasping/build/lib/vmf_contact_main/openpoints/optim/rmsprop_tf.py -> /home/jetson/vmf/install/robot_grasping/lib/python3.10/site-packages/vmf_contact_main/openpoints/optim
copying /home/jetson/vmf/build/robot_grasping/build/lib/vmf_contact_main/openpoints/optim/optim_factory.py -> /home/jetson/vmf/install/robot_grasping/lib/python3.10/site-packages/vmf_contact_main/openpoints/optim
copying /home/jetson/vmf/build/robot_grasping/build/lib/vmf_contact_main/openpoints/optim/lars.py -> /home/jetson/vmf/install/robot_grasping/lib/python3.10/site-packages/vmf_contact_main/openpoints/optim
copying /home/jetson/vmf/build/robot_grasping/build/lib/vmf_contact_main/openpoints/optim/adahessian.py -> /home/jetson/vmf/install/robot_grasping/lib/python3.10/site-packages/vmf_contact_main/openpoints/optim
copying /home/jetson/vmf/build/robot_grasping/build/lib/vmf_contact_main/openpoints/optim/lookahead.py -> /home/jetson/vmf/install/robot_grasping/lib/python3.10/site-packages/vmf_contact_main/openpoints/optim
copying /home/jetson/vmf/build/robot_grasping/build/lib/vmf_contact_main/openpoints/optim/nadam.py -> /home/jetson/vmf/install/robot_grasping/lib/python3.10/site-packages/vmf_contact_main/openpoints/optim
copying /home/jetson/vmf/build/robot_grasping/build/lib/vmf_contact_main/openpoints/optim/adamp.py -> /home/jetson/vmf/install/robot_grasping/lib/python3.10/site-packages/vmf_contact_main/openpoints/optim
copying /home/jetson/vmf/build/robot_grasping/build/lib/vmf_contact_main/openpoints/optim/adabelief.py -> /home/jetson/vmf/install/robot_grasping/lib/python3.10/site-packages/vmf_contact_main/openpoints/optim
copying /home/jetson/vmf/build/robot_grasping/build/lib/vmf_contact_main/openpoints/optim/lamb.py -> /home/jetson/vmf/install/robot_grasping/lib/python3.10/site-packages/vmf_contact_main/openpoints/optim
copying /home/jetson/vmf/build/robot_grasping/build/lib/vmf_contact_main/openpoints/optim/__init__.py -> /home/jetson/vmf/install/robot_grasping/lib/python3.10/site-packages/vmf_contact_main/openpoints/optim
copying /home/jetson/vmf/build/robot_grasping/build/lib/vmf_contact_main/openpoints/optim/madgrad.py -> /home/jetson/vmf/install/robot_grasping/lib/python3.10/site-packages/vmf_contact_main/openpoints/optim
copying /home/jetson/vmf/build/robot_grasping/build/lib/vmf_contact_main/openpoints/optim/nvnovograd.py -> /home/jetson/vmf/install/robot_grasping/lib/python3.10/site-packages/vmf_contact_main/openpoints/optim
copying /home/jetson/vmf/build/robot_grasping/build/lib/vmf_contact_main/__init__.py -> /home/jetson/vmf/install/robot_grasping/lib/python3.10/site-packages/vmf_contact_main
creating /home/jetson/vmf/install/robot_grasping/lib/python3.10/site-packages/ros2_nodes
copying /home/jetson/vmf/build/robot_grasping/build/lib/ros2_nodes/camera_utils.py -> /home/jetson/vmf/install/robot_grasping/lib/python3.10/site-packages/ros2_nodes
copying /home/jetson/vmf/build/robot_grasping/build/lib/ros2_nodes/utils_camera.py -> /home/jetson/vmf/install/robot_grasping/lib/python3.10/site-packages/ros2_nodes
copying /home/jetson/vmf/build/robot_grasping/build/lib/ros2_nodes/inference_node_vlm.py -> /home/jetson/vmf/install/robot_grasping/lib/python3.10/site-packages/ros2_nodes
copying /home/jetson/vmf/build/robot_grasping/build/lib/ros2_nodes/inference_node_data.py -> /home/jetson/vmf/install/robot_grasping/lib/python3.10/site-packages/ros2_nodes
copying /home/jetson/vmf/build/robot_grasping/build/lib/ros2_nodes/test_frame_saver.py -> /home/jetson/vmf/install/robot_grasping/lib/python3.10/site-packages/ros2_nodes
copying /home/jetson/vmf/build/robot_grasping/build/lib/ros2_nodes/inference_node_giga_active.py -> /home/jetson/vmf/install/robot_grasping/lib/python3.10/site-packages/ros2_nodes
copying /home/jetson/vmf/build/robot_grasping/build/lib/ros2_nodes/inference_node_vmf.py -> /home/jetson/vmf/install/robot_grasping/lib/python3.10/site-packages/ros2_nodes
copying /home/jetson/vmf/build/robot_grasping/build/lib/ros2_nodes/utils_node.py -> /home/jetson/vmf/install/robot_grasping/lib/python3.10/site-packages/ros2_nodes
copying /home/jetson/vmf/build/robot_grasping/build/lib/ros2_nodes/test_visualization_node.py -> /home/jetson/vmf/install/robot_grasping/lib/python3.10/site-packages/ros2_nodes
copying /home/jetson/vmf/build/robot_grasping/build/lib/ros2_nodes/inference_node_base.py -> /home/jetson/vmf/install/robot_grasping/lib/python3.10/site-packages/ros2_nodes
copying /home/jetson/vmf/build/robot_grasping/build/lib/ros2_nodes/inference_node_giga.py -> /home/jetson/vmf/install/robot_grasping/lib/python3.10/site-packages/ros2_nodes
copying /home/jetson/vmf/build/robot_grasping/build/lib/ros2_nodes/__init__.py -> /home/jetson/vmf/install/robot_grasping/lib/python3.10/site-packages/ros2_nodes
creating /home/jetson/vmf/install/robot_grasping/lib/python3.10/site-packages/openpoints
creating /home/jetson/vmf/install/robot_grasping/lib/python3.10/site-packages/openpoints/cpp
creating /home/jetson/vmf/install/robot_grasping/lib/python3.10/site-packages/openpoints/cpp/emd
copying /home/jetson/vmf/build/robot_grasping/build/lib/openpoints/cpp/emd/setup.py -> /home/jetson/vmf/install/robot_grasping/lib/python3.10/site-packages/openpoints/cpp/emd
copying /home/jetson/vmf/build/robot_grasping/build/lib/openpoints/cpp/emd/test_emd_loss.py -> /home/jetson/vmf/install/robot_grasping/lib/python3.10/site-packages/openpoints/cpp/emd
copying /home/jetson/vmf/build/robot_grasping/build/lib/openpoints/cpp/emd/emd.py -> /home/jetson/vmf/install/robot_grasping/lib/python3.10/site-packages/openpoints/cpp/emd
copying /home/jetson/vmf/build/robot_grasping/build/lib/openpoints/cpp/emd/__init__.py -> /home/jetson/vmf/install/robot_grasping/lib/python3.10/site-packages/openpoints/cpp/emd
creating /home/jetson/vmf/install/robot_grasping/lib/python3.10/site-packages/openpoints/cpp/chamfer_dist
copying /home/jetson/vmf/build/robot_grasping/build/lib/openpoints/cpp/chamfer_dist/setup.py -> /home/jetson/vmf/install/robot_grasping/lib/python3.10/site-packages/openpoints/cpp/chamfer_dist
copying /home/jetson/vmf/build/robot_grasping/build/lib/openpoints/cpp/chamfer_dist/test.py -> /home/jetson/vmf/install/robot_grasping/lib/python3.10/site-packages/openpoints/cpp/chamfer_dist
copying /home/jetson/vmf/build/robot_grasping/build/lib/openpoints/cpp/chamfer_dist/__init__.py -> /home/jetson/vmf/install/robot_grasping/lib/python3.10/site-packages/openpoints/cpp/chamfer_dist
creating /home/jetson/vmf/install/robot_grasping/lib/python3.10/site-packages/openpoints/cpp/pointops
copying /home/jetson/vmf/build/robot_grasping/build/lib/openpoints/cpp/pointops/setup.py -> /home/jetson/vmf/install/robot_grasping/lib/python3.10/site-packages/openpoints/cpp/pointops
creating /home/jetson/vmf/install/robot_grasping/lib/python3.10/site-packages/openpoints/cpp/pointops/functions
copying /home/jetson/vmf/build/robot_grasping/build/lib/openpoints/cpp/pointops/functions/pointops.py -> /home/jetson/vmf/install/robot_grasping/lib/python3.10/site-packages/openpoints/cpp/pointops/functions
copying /home/jetson/vmf/build/robot_grasping/build/lib/openpoints/cpp/pointops/functions/__init__.py -> /home/jetson/vmf/install/robot_grasping/lib/python3.10/site-packages/openpoints/cpp/pointops/functions
creating /home/jetson/vmf/install/robot_grasping/lib/python3.10/site-packages/openpoints/cpp/pointops/src
copying /home/jetson/vmf/build/robot_grasping/build/lib/openpoints/cpp/pointops/src/__init__.py -> /home/jetson/vmf/install/robot_grasping/lib/python3.10/site-packages/openpoints/cpp/pointops/src
copying /home/jetson/vmf/build/robot_grasping/build/lib/openpoints/cpp/pointops/__init__.py -> /home/jetson/vmf/install/robot_grasping/lib/python3.10/site-packages/openpoints/cpp/pointops
creating /home/jetson/vmf/install/robot_grasping/lib/python3.10/site-packages/openpoints/cpp/pointnet2_batch
copying /home/jetson/vmf/build/robot_grasping/build/lib/openpoints/cpp/pointnet2_batch/setup.py -> /home/jetson/vmf/install/robot_grasping/lib/python3.10/site-packages/openpoints/cpp/pointnet2_batch
copying /home/jetson/vmf/build/robot_grasping/build/lib/openpoints/cpp/pointnet2_batch/__init__.py -> /home/jetson/vmf/install/robot_grasping/lib/python3.10/site-packages/openpoints/cpp/pointnet2_batch
copying /home/jetson/vmf/build/robot_grasping/build/lib/openpoints/cpp/__init__.py -> /home/jetson/vmf/install/robot_grasping/lib/python3.10/site-packages/openpoints/cpp
creating /home/jetson/vmf/install/robot_grasping/lib/python3.10/site-packages/openpoints/transforms
copying /home/jetson/vmf/build/robot_grasping/build/lib/openpoints/transforms/transforms_factory.py -> /home/jetson/vmf/install/robot_grasping/lib/python3.10/site-packages/openpoints/transforms
copying /home/jetson/vmf/build/robot_grasping/build/lib/openpoints/transforms/point_transform_cpu.py -> /home/jetson/vmf/install/robot_grasping/lib/python3.10/site-packages/openpoints/transforms
copying /home/jetson/vmf/build/robot_grasping/build/lib/openpoints/transforms/point_transformer_gpu.py -> /home/jetson/vmf/install/robot_grasping/lib/python3.10/site-packages/openpoints/transforms
copying /home/jetson/vmf/build/robot_grasping/build/lib/openpoints/transforms/__init__.py -> /home/jetson/vmf/install/robot_grasping/lib/python3.10/site-packages/openpoints/transforms
creating /home/jetson/vmf/install/robot_grasping/lib/python3.10/site-packages/openpoints/utils
copying /home/jetson/vmf/build/robot_grasping/build/lib/openpoints/utils/wandb.py -> /home/jetson/vmf/install/robot_grasping/lib/python3.10/site-packages/openpoints/utils
copying /home/jetson/vmf/build/robot_grasping/build/lib/openpoints/utils/dist_utils.py -> /home/jetson/vmf/install/robot_grasping/lib/python3.10/site-packages/openpoints/utils
copying /home/jetson/vmf/build/robot_grasping/build/lib/openpoints/utils/registry.py -> /home/jetson/vmf/install/robot_grasping/lib/python3.10/site-packages/openpoints/utils
copying /home/jetson/vmf/build/robot_grasping/build/lib/openpoints/utils/metrics.py -> /home/jetson/vmf/install/robot_grasping/lib/python3.10/site-packages/openpoints/utils
copying /home/jetson/vmf/build/robot_grasping/build/lib/openpoints/utils/config.py -> /home/jetson/vmf/install/robot_grasping/lib/python3.10/site-packages/openpoints/utils
copying /home/jetson/vmf/build/robot_grasping/build/lib/openpoints/utils/ckpt_util.py -> /home/jetson/vmf/install/robot_grasping/lib/python3.10/site-packages/openpoints/utils
copying /home/jetson/vmf/build/robot_grasping/build/lib/openpoints/utils/random.py -> /home/jetson/vmf/install/robot_grasping/lib/python3.10/site-packages/openpoints/utils
copying /home/jetson/vmf/build/robot_grasping/build/lib/openpoints/utils/str2bool.py -> /home/jetson/vmf/install/robot_grasping/lib/python3.10/site-packages/openpoints/utils
copying /home/jetson/vmf/build/robot_grasping/build/lib/openpoints/utils/__init__.py -> /home/jetson/vmf/install/robot_grasping/lib/python3.10/site-packages/openpoints/utils
copying /home/jetson/vmf/build/robot_grasping/build/lib/openpoints/utils/logger.py -> /home/jetson/vmf/install/robot_grasping/lib/python3.10/site-packages/openpoints/utils
creating /home/jetson/vmf/install/robot_grasping/lib/python3.10/site-packages/openpoints/models
creating /home/jetson/vmf/install/robot_grasping/lib/python3.10/site-packages/openpoints/models/reconstruction
copying /home/jetson/vmf/build/robot_grasping/build/lib/openpoints/models/reconstruction/maskedpoint.py -> /home/jetson/vmf/install/robot_grasping/lib/python3.10/site-packages/openpoints/models/reconstruction
copying /home/jetson/vmf/build/robot_grasping/build/lib/openpoints/models/reconstruction/base_recontruct.py -> /home/jetson/vmf/install/robot_grasping/lib/python3.10/site-packages/openpoints/models/reconstruction
copying /home/jetson/vmf/build/robot_grasping/build/lib/openpoints/models/reconstruction/nodeshuffle.py -> /home/jetson/vmf/install/robot_grasping/lib/python3.10/site-packages/openpoints/models/reconstruction
copying /home/jetson/vmf/build/robot_grasping/build/lib/openpoints/models/reconstruction/maskedpointvit.py -> /home/jetson/vmf/install/robot_grasping/lib/python3.10/site-packages/openpoints/models/reconstruction
copying /home/jetson/vmf/build/robot_grasping/build/lib/openpoints/models/reconstruction/maskedpointgroup.py -> /home/jetson/vmf/install/robot_grasping/lib/python3.10/site-packages/openpoints/models/reconstruction
copying /home/jetson/vmf/build/robot_grasping/build/lib/openpoints/models/reconstruction/__init__.py -> /home/jetson/vmf/install/robot_grasping/lib/python3.10/site-packages/openpoints/models/reconstruction
creating /home/jetson/vmf/install/robot_grasping/lib/python3.10/site-packages/openpoints/models/grasp
copying /home/jetson/vmf/build/robot_grasping/build/lib/openpoints/models/grasp/vit_grasp.py -> /home/jetson/vmf/install/robot_grasping/lib/python3.10/site-packages/openpoints/models/grasp
copying /home/jetson/vmf/build/robot_grasping/build/lib/openpoints/models/grasp/base_grasp.py -> /home/jetson/vmf/install/robot_grasping/lib/python3.10/site-packages/openpoints/models/grasp
copying /home/jetson/vmf/build/robot_grasping/build/lib/openpoints/models/grasp/__init__.py -> /home/jetson/vmf/install/robot_grasping/lib/python3.10/site-packages/openpoints/models/grasp
creating /home/jetson/vmf/install/robot_grasping/lib/python3.10/site-packages/openpoints/models/classification
copying /home/jetson/vmf/build/robot_grasping/build/lib/openpoints/models/classification/cls_base.py -> /home/jetson/vmf/install/robot_grasping/lib/python3.10/site-packages/openpoints/models/classification
copying /home/jetson/vmf/build/robot_grasping/build/lib/openpoints/models/classification/point_bert.py -> /home/jetson/vmf/install/robot_grasping/lib/python3.10/site-packages/openpoints/models/classification
copying /home/jetson/vmf/build/robot_grasping/build/lib/openpoints/models/classification/__init__.py -> /home/jetson/vmf/install/robot_grasping/lib/python3.10/site-packages/openpoints/models/classification
copying /home/jetson/vmf/build/robot_grasping/build/lib/openpoints/models/build.py -> /home/jetson/vmf/install/robot_grasping/lib/python3.10/site-packages/openpoints/models
copying /home/jetson/vmf/build/robot_grasping/build/lib/openpoints/models/registry.py -> /home/jetson/vmf/install/robot_grasping/lib/python3.10/site-packages/openpoints/models
creating /home/jetson/vmf/install/robot_grasping/lib/python3.10/site-packages/openpoints/models/layers
copying /home/jetson/vmf/build/robot_grasping/build/lib/openpoints/models/layers/graph_conv.py -> /home/jetson/vmf/install/robot_grasping/lib/python3.10/site-packages/openpoints/models/layers
copying /home/jetson/vmf/build/robot_grasping/build/lib/openpoints/models/layers/attention.py -> /home/jetson/vmf/install/robot_grasping/lib/python3.10/site-packages/openpoints/models/layers
copying /home/jetson/vmf/build/robot_grasping/build/lib/openpoints/models/layers/weight_init.py -> /home/jetson/vmf/install/robot_grasping/lib/python3.10/site-packages/openpoints/models/layers
copying /home/jetson/vmf/build/robot_grasping/build/lib/openpoints/models/layers/patch_embed.py -> /home/jetson/vmf/install/robot_grasping/lib/python3.10/site-packages/openpoints/models/layers
copying /home/jetson/vmf/build/robot_grasping/build/lib/openpoints/models/layers/local_aggregation.py -> /home/jetson/vmf/install/robot_grasping/lib/python3.10/site-packages/openpoints/models/layers
copying /home/jetson/vmf/build/robot_grasping/build/lib/openpoints/models/layers/knn.py -> /home/jetson/vmf/install/robot_grasping/lib/python3.10/site-packages/openpoints/models/layers
copying /home/jetson/vmf/build/robot_grasping/build/lib/openpoints/models/layers/activation.py -> /home/jetson/vmf/install/robot_grasping/lib/python3.10/site-packages/openpoints/models/layers
copying /home/jetson/vmf/build/robot_grasping/build/lib/openpoints/models/layers/helpers.py -> /home/jetson/vmf/install/robot_grasping/lib/python3.10/site-packages/openpoints/models/layers
copying /home/jetson/vmf/build/robot_grasping/build/lib/openpoints/models/layers/registry.py -> /home/jetson/vmf/install/robot_grasping/lib/python3.10/site-packages/openpoints/models/layers
copying /home/jetson/vmf/build/robot_grasping/build/lib/openpoints/models/layers/group_embed.py -> /home/jetson/vmf/install/robot_grasping/lib/python3.10/site-packages/openpoints/models/layers
copying /home/jetson/vmf/build/robot_grasping/build/lib/openpoints/models/layers/padding.py -> /home/jetson/vmf/install/robot_grasping/lib/python3.10/site-packages/openpoints/models/layers
copying /home/jetson/vmf/build/robot_grasping/build/lib/openpoints/models/layers/group.py -> /home/jetson/vmf/install/robot_grasping/lib/python3.10/site-packages/openpoints/models/layers
copying /home/jetson/vmf/build/robot_grasping/build/lib/openpoints/models/layers/norm.py -> /home/jetson/vmf/install/robot_grasping/lib/python3.10/site-packages/openpoints/models/layers
copying /home/jetson/vmf/build/robot_grasping/build/lib/openpoints/models/layers/mlp.py -> /home/jetson/vmf/install/robot_grasping/lib/python3.10/site-packages/openpoints/models/layers
copying /home/jetson/vmf/build/robot_grasping/build/lib/openpoints/models/layers/conv.py -> /home/jetson/vmf/install/robot_grasping/lib/python3.10/site-packages/openpoints/models/layers
copying /home/jetson/vmf/build/robot_grasping/build/lib/openpoints/models/layers/subsample.py -> /home/jetson/vmf/install/robot_grasping/lib/python3.10/site-packages/openpoints/models/layers
copying /home/jetson/vmf/build/robot_grasping/build/lib/openpoints/models/layers/kmeans.py -> /home/jetson/vmf/install/robot_grasping/lib/python3.10/site-packages/openpoints/models/layers
copying /home/jetson/vmf/build/robot_grasping/build/lib/openpoints/models/layers/upsampling.py -> /home/jetson/vmf/install/robot_grasping/lib/python3.10/site-packages/openpoints/models/layers
copying /home/jetson/vmf/build/robot_grasping/build/lib/openpoints/models/layers/__init__.py -> /home/jetson/vmf/install/robot_grasping/lib/python3.10/site-packages/openpoints/models/layers
copying /home/jetson/vmf/build/robot_grasping/build/lib/openpoints/models/layers/drop.py -> /home/jetson/vmf/install/robot_grasping/lib/python3.10/site-packages/openpoints/models/layers
creating /home/jetson/vmf/install/robot_grasping/lib/python3.10/site-packages/openpoints/models/backbone
copying /home/jetson/vmf/build/robot_grasping/build/lib/openpoints/models/backbone/spotr.py -> /home/jetson/vmf/install/robot_grasping/lib/python3.10/site-packages/openpoints/models/backbone
copying /home/jetson/vmf/build/robot_grasping/build/lib/openpoints/models/backbone/Stratified_transformer.py -> /home/jetson/vmf/install/robot_grasping/lib/python3.10/site-packages/openpoints/models/backbone
copying /home/jetson/vmf/build/robot_grasping/build/lib/openpoints/models/backbone/graphvit3d.py -> /home/jetson/vmf/install/robot_grasping/lib/python3.10/site-packages/openpoints/models/backbone
copying /home/jetson/vmf/build/robot_grasping/build/lib/openpoints/models/backbone/randlenet.py -> /home/jetson/vmf/install/robot_grasping/lib/python3.10/site-packages/openpoints/models/backbone
copying /home/jetson/vmf/build/robot_grasping/build/lib/openpoints/models/backbone/simpleview.py -> /home/jetson/vmf/install/robot_grasping/lib/python3.10/site-packages/openpoints/models/backbone
copying /home/jetson/vmf/build/robot_grasping/build/lib/openpoints/models/backbone/baafnet.py -> /home/jetson/vmf/install/robot_grasping/lib/python3.10/site-packages/openpoints/models/backbone
copying /home/jetson/vmf/build/robot_grasping/build/lib/openpoints/models/backbone/deepgcn.py -> /home/jetson/vmf/install/robot_grasping/lib/python3.10/site-packages/openpoints/models/backbone
copying /home/jetson/vmf/build/robot_grasping/build/lib/openpoints/models/backbone/grouppointnet.py -> /home/jetson/vmf/install/robot_grasping/lib/python3.10/site-packages/openpoints/models/backbone
copying /home/jetson/vmf/build/robot_grasping/build/lib/openpoints/models/backbone/simpleview_util.py -> /home/jetson/vmf/install/robot_grasping/lib/python3.10/site-packages/openpoints/models/backbone
copying /home/jetson/vmf/build/robot_grasping/build/lib/openpoints/models/backbone/pointvit.py -> /home/jetson/vmf/install/robot_grasping/lib/python3.10/site-packages/openpoints/models/backbone
copying /home/jetson/vmf/build/robot_grasping/build/lib/openpoints/models/backbone/dgcnn.py -> /home/jetson/vmf/install/robot_grasping/lib/python3.10/site-packages/openpoints/models/backbone
copying /home/jetson/vmf/build/robot_grasping/build/lib/openpoints/models/backbone/ball_dgcnn.py -> /home/jetson/vmf/install/robot_grasping/lib/python3.10/site-packages/openpoints/models/backbone
copying /home/jetson/vmf/build/robot_grasping/build/lib/openpoints/models/backbone/pointnextPyG.py -> /home/jetson/vmf/install/robot_grasping/lib/python3.10/site-packages/openpoints/models/backbone
copying /home/jetson/vmf/build/robot_grasping/build/lib/openpoints/models/backbone/pointvit_inv_old.py -> /home/jetson/vmf/install/robot_grasping/lib/python3.10/site-packages/openpoints/models/backbone
copying /home/jetson/vmf/build/robot_grasping/build/lib/openpoints/models/backbone/pointvector.py -> /home/jetson/vmf/install/robot_grasping/lib/python3.10/site-packages/openpoints/models/backbone
copying /home/jetson/vmf/build/robot_grasping/build/lib/openpoints/models/backbone/pointmlp.py -> /home/jetson/vmf/install/robot_grasping/lib/python3.10/site-packages/openpoints/models/backbone
copying /home/jetson/vmf/build/robot_grasping/build/lib/openpoints/models/backbone/pointnet.py -> /home/jetson/vmf/install/robot_grasping/lib/python3.10/site-packages/openpoints/models/backbone
copying /home/jetson/vmf/build/robot_grasping/build/lib/openpoints/models/backbone/pct.py -> /home/jetson/vmf/install/robot_grasping/lib/python3.10/site-packages/openpoints/models/backbone
copying /home/jetson/vmf/build/robot_grasping/build/lib/openpoints/models/backbone/debug_invvit.py -> /home/jetson/vmf/install/robot_grasping/lib/python3.10/site-packages/openpoints/models/backbone
copying /home/jetson/vmf/build/robot_grasping/build/lib/openpoints/models/backbone/pointnext.py -> /home/jetson/vmf/install/robot_grasping/lib/python3.10/site-packages/openpoints/models/backbone
copying /home/jetson/vmf/build/robot_grasping/build/lib/openpoints/models/backbone/curvenet.py -> /home/jetson/vmf/install/robot_grasping/lib/python3.10/site-packages/openpoints/models/backbone
copying /home/jetson/vmf/build/robot_grasping/build/lib/openpoints/models/backbone/pointtransformer.py -> /home/jetson/vmf/install/robot_grasping/lib/python3.10/site-packages/openpoints/models/backbone
copying /home/jetson/vmf/build/robot_grasping/build/lib/openpoints/models/backbone/resnet.py -> /home/jetson/vmf/install/robot_grasping/lib/python3.10/site-packages/openpoints/models/backbone
copying /home/jetson/vmf/build/robot_grasping/build/lib/openpoints/models/backbone/pointnetv2.py -> /home/jetson/vmf/install/robot_grasping/lib/python3.10/site-packages/openpoints/models/backbone
copying /home/jetson/vmf/build/robot_grasping/build/lib/openpoints/models/backbone/__init__.py -> /home/jetson/vmf/install/robot_grasping/lib/python3.10/site-packages/openpoints/models/backbone
copying /home/jetson/vmf/build/robot_grasping/build/lib/openpoints/models/backbone/pointvit_inv.py -> /home/jetson/vmf/install/robot_grasping/lib/python3.10/site-packages/openpoints/models/backbone
creating /home/jetson/vmf/install/robot_grasping/lib/python3.10/site-packages/openpoints/models/segmentation
copying /home/jetson/vmf/build/robot_grasping/build/lib/openpoints/models/segmentation/base_seg.py -> /home/jetson/vmf/install/robot_grasping/lib/python3.10/site-packages/openpoints/models/segmentation
copying /home/jetson/vmf/build/robot_grasping/build/lib/openpoints/models/segmentation/vit_seg.py -> /home/jetson/vmf/install/robot_grasping/lib/python3.10/site-packages/openpoints/models/segmentation
copying /home/jetson/vmf/build/robot_grasping/build/lib/openpoints/models/segmentation/__init__.py -> /home/jetson/vmf/install/robot_grasping/lib/python3.10/site-packages/openpoints/models/segmentation
copying /home/jetson/vmf/build/robot_grasping/build/lib/openpoints/models/__init__.py -> /home/jetson/vmf/install/robot_grasping/lib/python3.10/site-packages/openpoints/models
creating /home/jetson/vmf/install/robot_grasping/lib/python3.10/site-packages/openpoints/scheduler
copying /home/jetson/vmf/build/robot_grasping/build/lib/openpoints/scheduler/multistep_lr.py -> /home/jetson/vmf/install/robot_grasping/lib/python3.10/site-packages/openpoints/scheduler
copying /home/jetson/vmf/build/robot_grasping/build/lib/openpoints/scheduler/step_lr.py -> /home/jetson/vmf/install/robot_grasping/lib/python3.10/site-packages/openpoints/scheduler
copying /home/jetson/vmf/build/robot_grasping/build/lib/openpoints/scheduler/poly_lr.py -> /home/jetson/vmf/install/robot_grasping/lib/python3.10/site-packages/openpoints/scheduler
copying /home/jetson/vmf/build/robot_grasping/build/lib/openpoints/scheduler/plateau_lr.py -> /home/jetson/vmf/install/robot_grasping/lib/python3.10/site-packages/openpoints/scheduler
copying /home/jetson/vmf/build/robot_grasping/build/lib/openpoints/scheduler/scheduler_factory.py -> /home/jetson/vmf/install/robot_grasping/lib/python3.10/site-packages/openpoints/scheduler
copying /home/jetson/vmf/build/robot_grasping/build/lib/openpoints/scheduler/cosine_lr.py -> /home/jetson/vmf/install/robot_grasping/lib/python3.10/site-packages/openpoints/scheduler
copying /home/jetson/vmf/build/robot_grasping/build/lib/openpoints/scheduler/scheduler.py -> /home/jetson/vmf/install/robot_grasping/lib/python3.10/site-packages/openpoints/scheduler
copying /home/jetson/vmf/build/robot_grasping/build/lib/openpoints/scheduler/tanh_lr.py -> /home/jetson/vmf/install/robot_grasping/lib/python3.10/site-packages/openpoints/scheduler
copying /home/jetson/vmf/build/robot_grasping/build/lib/openpoints/scheduler/__init__.py -> /home/jetson/vmf/install/robot_grasping/lib/python3.10/site-packages/openpoints/scheduler
creating /home/jetson/vmf/install/robot_grasping/lib/python3.10/site-packages/openpoints/loss
copying /home/jetson/vmf/build/robot_grasping/build/lib/openpoints/loss/cross_entropy.py -> /home/jetson/vmf/install/robot_grasping/lib/python3.10/site-packages/openpoints/loss
copying /home/jetson/vmf/build/robot_grasping/build/lib/openpoints/loss/build.py -> /home/jetson/vmf/install/robot_grasping/lib/python3.10/site-packages/openpoints/loss
copying /home/jetson/vmf/build/robot_grasping/build/lib/openpoints/loss/distill_loss.py -> /home/jetson/vmf/install/robot_grasping/lib/python3.10/site-packages/openpoints/loss
copying /home/jetson/vmf/build/robot_grasping/build/lib/openpoints/loss/__init__.py -> /home/jetson/vmf/install/robot_grasping/lib/python3.10/site-packages/openpoints/loss
creating /home/jetson/vmf/install/robot_grasping/lib/python3.10/site-packages/openpoints/dataset
creating /home/jetson/vmf/install/robot_grasping/lib/python3.10/site-packages/openpoints/dataset/pcqm4m
copying /home/jetson/vmf/build/robot_grasping/build/lib/openpoints/dataset/pcqm4m/data.py -> /home/jetson/vmf/install/robot_grasping/lib/python3.10/site-packages/openpoints/dataset/pcqm4m
copying /home/jetson/vmf/build/robot_grasping/build/lib/openpoints/dataset/pcqm4m/__init__.py -> /home/jetson/vmf/install/robot_grasping/lib/python3.10/site-packages/openpoints/dataset/pcqm4m
creating /home/jetson/vmf/install/robot_grasping/lib/python3.10/site-packages/openpoints/dataset/graph_dataset
copying /home/jetson/vmf/build/robot_grasping/build/lib/openpoints/dataset/graph_dataset/svd_encodings_dataset.py -> /home/jetson/vmf/install/robot_grasping/lib/python3.10/site-packages/openpoints/dataset/graph_dataset
copying /home/jetson/vmf/build/robot_grasping/build/lib/openpoints/dataset/graph_dataset/structural_dataset.py -> /home/jetson/vmf/install/robot_grasping/lib/python3.10/site-packages/openpoints/dataset/graph_dataset
copying /home/jetson/vmf/build/robot_grasping/build/lib/openpoints/dataset/graph_dataset/stack_with_pad.py -> /home/jetson/vmf/install/robot_grasping/lib/python3.10/site-packages/openpoints/dataset/graph_dataset
copying /home/jetson/vmf/build/robot_grasping/build/lib/openpoints/dataset/graph_dataset/graph_dataset.py -> /home/jetson/vmf/install/robot_grasping/lib/python3.10/site-packages/openpoints/dataset/graph_dataset
copying /home/jetson/vmf/build/robot_grasping/build/lib/openpoints/dataset/graph_dataset/__init__.py -> /home/jetson/vmf/install/robot_grasping/lib/python3.10/site-packages/openpoints/dataset/graph_dataset
creating /home/jetson/vmf/install/robot_grasping/lib/python3.10/site-packages/openpoints/dataset/pcqm4mv2
copying /home/jetson/vmf/build/robot_grasping/build/lib/openpoints/dataset/pcqm4mv2/data.py -> /home/jetson/vmf/install/robot_grasping/lib/python3.10/site-packages/openpoints/dataset/pcqm4mv2
copying /home/jetson/vmf/build/robot_grasping/build/lib/openpoints/dataset/pcqm4mv2/__init__.py -> /home/jetson/vmf/install/robot_grasping/lib/python3.10/site-packages/openpoints/dataset/pcqm4mv2
copying /home/jetson/vmf/build/robot_grasping/build/lib/openpoints/dataset/dataset_base.py -> /home/jetson/vmf/install/robot_grasping/lib/python3.10/site-packages/openpoints/dataset
creating /home/jetson/vmf/install/robot_grasping/lib/python3.10/site-packages/openpoints/dataset/atom3d
copying /home/jetson/vmf/build/robot_grasping/build/lib/openpoints/dataset/atom3d/psr.py -> /home/jetson/vmf/install/robot_grasping/lib/python3.10/site-packages/openpoints/dataset/atom3d
copying /home/jetson/vmf/build/robot_grasping/build/lib/openpoints/dataset/atom3d/__init__.py -> /home/jetson/vmf/install/robot_grasping/lib/python3.10/site-packages/openpoints/dataset/atom3d
copying /home/jetson/vmf/build/robot_grasping/build/lib/openpoints/dataset/build.py -> /home/jetson/vmf/install/robot_grasping/lib/python3.10/site-packages/openpoints/dataset
copying /home/jetson/vmf/build/robot_grasping/build/lib/openpoints/dataset/data_util.py -> /home/jetson/vmf/install/robot_grasping/lib/python3.10/site-packages/openpoints/dataset
creating /home/jetson/vmf/install/robot_grasping/lib/python3.10/site-packages/openpoints/dataset/s3dis
copying /home/jetson/vmf/build/robot_grasping/build/lib/openpoints/dataset/s3dis/s3dis.py -> /home/jetson/vmf/install/robot_grasping/lib/python3.10/site-packages/openpoints/dataset/s3dis
copying /home/jetson/vmf/build/robot_grasping/build/lib/openpoints/dataset/s3dis/s3dis_sphere.py -> /home/jetson/vmf/install/robot_grasping/lib/python3.10/site-packages/openpoints/dataset/s3dis
copying /home/jetson/vmf/build/robot_grasping/build/lib/openpoints/dataset/s3dis/s3dis_block.py -> /home/jetson/vmf/install/robot_grasping/lib/python3.10/site-packages/openpoints/dataset/s3dis
copying /home/jetson/vmf/build/robot_grasping/build/lib/openpoints/dataset/s3dis/__init__.py -> /home/jetson/vmf/install/robot_grasping/lib/python3.10/site-packages/openpoints/dataset/s3dis
creating /home/jetson/vmf/install/robot_grasping/lib/python3.10/site-packages/openpoints/dataset/shapenetpart
copying /home/jetson/vmf/build/robot_grasping/build/lib/openpoints/dataset/shapenetpart/shapenetpart.py -> /home/jetson/vmf/install/robot_grasping/lib/python3.10/site-packages/openpoints/dataset/shapenetpart
copying /home/jetson/vmf/build/robot_grasping/build/lib/openpoints/dataset/shapenetpart/shapenet55.py -> /home/jetson/vmf/install/robot_grasping/lib/python3.10/site-packages/openpoints/dataset/shapenetpart
copying /home/jetson/vmf/build/robot_grasping/build/lib/openpoints/dataset/shapenetpart/__init__.py -> /home/jetson/vmf/install/robot_grasping/lib/python3.10/site-packages/openpoints/dataset/shapenetpart
copying /home/jetson/vmf/build/robot_grasping/build/lib/openpoints/dataset/vis2d.py -> /home/jetson/vmf/install/robot_grasping/lib/python3.10/site-packages/openpoints/dataset
creating /home/jetson/vmf/install/robot_grasping/lib/python3.10/site-packages/openpoints/dataset/modelnet
copying /home/jetson/vmf/build/robot_grasping/build/lib/openpoints/dataset/modelnet/modelnet40_normal_resampled_loader.py -> /home/jetson/vmf/install/robot_grasping/lib/python3.10/site-packages/openpoints/dataset/modelnet
copying /home/jetson/vmf/build/robot_grasping/build/lib/openpoints/dataset/modelnet/modelnet40_ply_2048_loader.py -> /home/jetson/vmf/install/robot_grasping/lib/python3.10/site-packages/openpoints/dataset/modelnet
copying /home/jetson/vmf/build/robot_grasping/build/lib/openpoints/dataset/modelnet/__init__.py -> /home/jetson/vmf/install/robot_grasping/lib/python3.10/site-packages/openpoints/dataset/modelnet
creating /home/jetson/vmf/install/robot_grasping/lib/python3.10/site-packages/openpoints/dataset/shapenet
copying /home/jetson/vmf/build/robot_grasping/build/lib/openpoints/dataset/shapenet/shapenetpart.py -> /home/jetson/vmf/install/robot_grasping/lib/python3.10/site-packages/openpoints/dataset/shapenet
copying /home/jetson/vmf/build/robot_grasping/build/lib/openpoints/dataset/shapenet/shapenet55.py -> /home/jetson/vmf/install/robot_grasping/lib/python3.10/site-packages/openpoints/dataset/shapenet
copying /home/jetson/vmf/build/robot_grasping/build/lib/openpoints/dataset/shapenet/__init__.py -> /home/jetson/vmf/install/robot_grasping/lib/python3.10/site-packages/openpoints/dataset/shapenet
creating /home/jetson/vmf/install/robot_grasping/lib/python3.10/site-packages/openpoints/dataset/matterport3d
copying /home/jetson/vmf/build/robot_grasping/build/lib/openpoints/dataset/matterport3d/matterport3d_dataprocessing.py -> /home/jetson/vmf/install/robot_grasping/lib/python3.10/site-packages/openpoints/dataset/matterport3d
copying /home/jetson/vmf/build/robot_grasping/build/lib/openpoints/dataset/matterport3d/__init__.py -> /home/jetson/vmf/install/robot_grasping/lib/python3.10/site-packages/openpoints/dataset/matterport3d
copying /home/jetson/vmf/build/robot_grasping/build/lib/openpoints/dataset/matterport3d/matterport3d.py -> /home/jetson/vmf/install/robot_grasping/lib/python3.10/site-packages/openpoints/dataset/matterport3d
creating /home/jetson/vmf/install/robot_grasping/lib/python3.10/site-packages/openpoints/dataset/semantic_kitti
copying /home/jetson/vmf/build/robot_grasping/build/lib/openpoints/dataset/semantic_kitti/semantickitti.py -> /home/jetson/vmf/install/robot_grasping/lib/python3.10/site-packages/openpoints/dataset/semantic_kitti
copying /home/jetson/vmf/build/robot_grasping/build/lib/openpoints/dataset/semantic_kitti/helper_tool.py -> /home/jetson/vmf/install/robot_grasping/lib/python3.10/site-packages/openpoints/dataset/semantic_kitti
copying /home/jetson/vmf/build/robot_grasping/build/lib/openpoints/dataset/semantic_kitti/__init__.py -> /home/jetson/vmf/install/robot_grasping/lib/python3.10/site-packages/openpoints/dataset/semantic_kitti
copying /home/jetson/vmf/build/robot_grasping/build/lib/openpoints/dataset/grid_sample.py -> /home/jetson/vmf/install/robot_grasping/lib/python3.10/site-packages/openpoints/dataset
creating /home/jetson/vmf/install/robot_grasping/lib/python3.10/site-packages/openpoints/dataset/molpcba
copying /home/jetson/vmf/build/robot_grasping/build/lib/openpoints/dataset/molpcba/data.py -> /home/jetson/vmf/install/robot_grasping/lib/python3.10/site-packages/openpoints/dataset/molpcba
copying /home/jetson/vmf/build/robot_grasping/build/lib/openpoints/dataset/molpcba/__init__.py -> /home/jetson/vmf/install/robot_grasping/lib/python3.10/site-packages/openpoints/dataset/molpcba
creating /home/jetson/vmf/install/robot_grasping/lib/python3.10/site-packages/openpoints/dataset/scanobjectnn
copying /home/jetson/vmf/build/robot_grasping/build/lib/openpoints/dataset/scanobjectnn/scanobjectnn.py -> /home/jetson/vmf/install/robot_grasping/lib/python3.10/site-packages/openpoints/dataset/scanobjectnn
copying /home/jetson/vmf/build/robot_grasping/build/lib/openpoints/dataset/scanobjectnn/__init__.py -> /home/jetson/vmf/install/robot_grasping/lib/python3.10/site-packages/openpoints/dataset/scanobjectnn
creating /home/jetson/vmf/install/robot_grasping/lib/python3.10/site-packages/openpoints/dataset/molhiv
copying /home/jetson/vmf/build/robot_grasping/build/lib/openpoints/dataset/molhiv/data.py -> /home/jetson/vmf/install/robot_grasping/lib/python3.10/site-packages/openpoints/dataset/molhiv
copying /home/jetson/vmf/build/robot_grasping/build/lib/openpoints/dataset/molhiv/__init__.py -> /home/jetson/vmf/install/robot_grasping/lib/python3.10/site-packages/openpoints/dataset/molhiv
creating /home/jetson/vmf/install/robot_grasping/lib/python3.10/site-packages/openpoints/dataset/parsers
copying /home/jetson/vmf/build/robot_grasping/build/lib/openpoints/dataset/parsers/parser_factory.py -> /home/jetson/vmf/install/robot_grasping/lib/python3.10/site-packages/openpoints/dataset/parsers
copying /home/jetson/vmf/build/robot_grasping/build/lib/openpoints/dataset/parsers/parser_image_tar.py -> /home/jetson/vmf/install/robot_grasping/lib/python3.10/site-packages/openpoints/dataset/parsers
copying /home/jetson/vmf/build/robot_grasping/build/lib/openpoints/dataset/parsers/parser_tfds.py -> /home/jetson/vmf/install/robot_grasping/lib/python3.10/site-packages/openpoints/dataset/parsers
copying /home/jetson/vmf/build/robot_grasping/build/lib/openpoints/dataset/parsers/parser_image_folder.py -> /home/jetson/vmf/install/robot_grasping/lib/python3.10/site-packages/openpoints/dataset/parsers
copying /home/jetson/vmf/build/robot_grasping/build/lib/openpoints/dataset/parsers/parser_image_in_tar.py -> /home/jetson/vmf/install/robot_grasping/lib/python3.10/site-packages/openpoints/dataset/parsers
copying /home/jetson/vmf/build/robot_grasping/build/lib/openpoints/dataset/parsers/constants.py -> /home/jetson/vmf/install/robot_grasping/lib/python3.10/site-packages/openpoints/dataset/parsers
copying /home/jetson/vmf/build/robot_grasping/build/lib/openpoints/dataset/parsers/parser.py -> /home/jetson/vmf/install/robot_grasping/lib/python3.10/site-packages/openpoints/dataset/parsers
copying /home/jetson/vmf/build/robot_grasping/build/lib/openpoints/dataset/parsers/class_map.py -> /home/jetson/vmf/install/robot_grasping/lib/python3.10/site-packages/openpoints/dataset/parsers
copying /home/jetson/vmf/build/robot_grasping/build/lib/openpoints/dataset/parsers/__init__.py -> /home/jetson/vmf/install/robot_grasping/lib/python3.10/site-packages/openpoints/dataset/parsers
copying /home/jetson/vmf/build/robot_grasping/build/lib/openpoints/dataset/vis3d.py -> /home/jetson/vmf/install/robot_grasping/lib/python3.10/site-packages/openpoints/dataset
creating /home/jetson/vmf/install/robot_grasping/lib/python3.10/site-packages/openpoints/dataset/scannetv2
copying /home/jetson/vmf/build/robot_grasping/build/lib/openpoints/dataset/scannetv2/scannet.py -> /home/jetson/vmf/install/robot_grasping/lib/python3.10/site-packages/openpoints/dataset/scannetv2
copying /home/jetson/vmf/build/robot_grasping/build/lib/openpoints/dataset/scannetv2/__init__.py -> /home/jetson/vmf/install/robot_grasping/lib/python3.10/site-packages/openpoints/dataset/scannetv2
copying /home/jetson/vmf/build/robot_grasping/build/lib/openpoints/dataset/datalist.py -> /home/jetson/vmf/install/robot_grasping/lib/python3.10/site-packages/openpoints/dataset
copying /home/jetson/vmf/build/robot_grasping/build/lib/openpoints/dataset/__init__.py -> /home/jetson/vmf/install/robot_grasping/lib/python3.10/site-packages/openpoints/dataset
copying /home/jetson/vmf/build/robot_grasping/build/lib/openpoints/__init__.py -> /home/jetson/vmf/install/robot_grasping/lib/python3.10/site-packages/openpoints
creating /home/jetson/vmf/install/robot_grasping/lib/python3.10/site-packages/openpoints/optim
copying /home/jetson/vmf/build/robot_grasping/build/lib/openpoints/optim/radam.py -> /home/jetson/vmf/install/robot_grasping/lib/python3.10/site-packages/openpoints/optim
copying /home/jetson/vmf/build/robot_grasping/build/lib/openpoints/optim/adafactor.py -> /home/jetson/vmf/install/robot_grasping/lib/python3.10/site-packages/openpoints/optim
copying /home/jetson/vmf/build/robot_grasping/build/lib/openpoints/optim/adamw.py -> /home/jetson/vmf/install/robot_grasping/lib/python3.10/site-packages/openpoints/optim
copying /home/jetson/vmf/build/robot_grasping/build/lib/openpoints/optim/sgdp.py -> /home/jetson/vmf/install/robot_grasping/lib/python3.10/site-packages/openpoints/optim
copying /home/jetson/vmf/build/robot_grasping/build/lib/openpoints/optim/rmsprop_tf.py -> /home/jetson/vmf/install/robot_grasping/lib/python3.10/site-packages/openpoints/optim
copying /home/jetson/vmf/build/robot_grasping/build/lib/openpoints/optim/optim_factory.py -> /home/jetson/vmf/install/robot_grasping/lib/python3.10/site-packages/openpoints/optim
copying /home/jetson/vmf/build/robot_grasping/build/lib/openpoints/optim/lars.py -> /home/jetson/vmf/install/robot_grasping/lib/python3.10/site-packages/openpoints/optim
copying /home/jetson/vmf/build/robot_grasping/build/lib/openpoints/optim/adahessian.py -> /home/jetson/vmf/install/robot_grasping/lib/python3.10/site-packages/openpoints/optim
copying /home/jetson/vmf/build/robot_grasping/build/lib/openpoints/optim/lookahead.py -> /home/jetson/vmf/install/robot_grasping/lib/python3.10/site-packages/openpoints/optim
copying /home/jetson/vmf/build/robot_grasping/build/lib/openpoints/optim/nadam.py -> /home/jetson/vmf/install/robot_grasping/lib/python3.10/site-packages/openpoints/optim
copying /home/jetson/vmf/build/robot_grasping/build/lib/openpoints/optim/adamp.py -> /home/jetson/vmf/install/robot_grasping/lib/python3.10/site-packages/openpoints/optim
copying /home/jetson/vmf/build/robot_grasping/build/lib/openpoints/optim/adabelief.py -> /home/jetson/vmf/install/robot_grasping/lib/python3.10/site-packages/openpoints/optim
copying /home/jetson/vmf/build/robot_grasping/build/lib/openpoints/optim/lamb.py -> /home/jetson/vmf/install/robot_grasping/lib/python3.10/site-packages/openpoints/optim
copying /home/jetson/vmf/build/robot_grasping/build/lib/openpoints/optim/__init__.py -> /home/jetson/vmf/install/robot_grasping/lib/python3.10/site-packages/openpoints/optim
copying /home/jetson/vmf/build/robot_grasping/build/lib/openpoints/optim/madgrad.py -> /home/jetson/vmf/install/robot_grasping/lib/python3.10/site-packages/openpoints/optim
copying /home/jetson/vmf/build/robot_grasping/build/lib/openpoints/optim/nvnovograd.py -> /home/jetson/vmf/install/robot_grasping/lib/python3.10/site-packages/openpoints/optim
byte-compiling /home/jetson/vmf/install/robot_grasping/lib/python3.10/site-packages/active_grasp/baselines.py to baselines.cpython-310.pyc
byte-compiling /home/jetson/vmf/install/robot_grasping/lib/python3.10/site-packages/active_grasp/timer.py to timer.cpython-310.pyc
byte-compiling /home/jetson/vmf/install/robot_grasping/lib/python3.10/site-packages/active_grasp/policy.py to policy.cpython-310.pyc
byte-compiling /home/jetson/vmf/install/robot_grasping/lib/python3.10/site-packages/active_grasp/networks.py to networks.cpython-310.pyc
byte-compiling /home/jetson/vmf/install/robot_grasping/lib/python3.10/site-packages/active_grasp/spatial.py to spatial.cpython-310.pyc
byte-compiling /home/jetson/vmf/install/robot_grasping/lib/python3.10/site-packages/active_grasp/bbox.py to bbox.cpython-310.pyc
byte-compiling /home/jetson/vmf/install/robot_grasping/lib/python3.10/site-packages/active_grasp/nbv.py to nbv.cpython-310.pyc
byte-compiling /home/jetson/vmf/install/robot_grasping/lib/python3.10/site-packages/active_grasp/vlm_policy.py to vlm_policy.cpython-310.pyc
byte-compiling /home/jetson/vmf/install/robot_grasping/lib/python3.10/site-packages/active_grasp/perception.py to perception.cpython-310.pyc
byte-compiling /home/jetson/vmf/install/robot_grasping/lib/python3.10/site-packages/active_grasp/__init__.py to __init__.cpython-310.pyc
byte-compiling /home/jetson/vmf/install/robot_grasping/lib/python3.10/site-packages/vmf_contact_main/train.py to train.cpython-310.pyc
byte-compiling /home/jetson/vmf/install/robot_grasping/lib/python3.10/site-packages/vmf_contact_main/vmf_contact/datasets/_utils/transforms.py to transforms.cpython-310.pyc
byte-compiling /home/jetson/vmf/install/robot_grasping/lib/python3.10/site-packages/vmf_contact_main/vmf_contact/datasets/_utils/_registry.py to _registry.cpython-310.pyc
byte-compiling /home/jetson/vmf/install/robot_grasping/lib/python3.10/site-packages/vmf_contact_main/vmf_contact/datasets/_utils/split.py to split.cpython-310.pyc
byte-compiling /home/jetson/vmf/install/robot_grasping/lib/python3.10/site-packages/vmf_contact_main/vmf_contact/datasets/_utils/_base.py to _base.cpython-310.pyc
byte-compiling /home/jetson/vmf/install/robot_grasping/lib/python3.10/site-packages/vmf_contact_main/vmf_contact/datasets/_utils/__init__.py to __init__.cpython-310.pyc
byte-compiling /home/jetson/vmf/install/robot_grasping/lib/python3.10/site-packages/vmf_contact_main/vmf_contact/datasets/pointcloud_process.py to pointcloud_process.cpython-310.pyc
byte-compiling /home/jetson/vmf/install/robot_grasping/lib/python3.10/site-packages/vmf_contact_main/vmf_contact/datasets/dataset.py to dataset.cpython-310.pyc
byte-compiling /home/jetson/vmf/install/robot_grasping/lib/python3.10/site-packages/vmf_contact_main/vmf_contact/datasets/mgn.py to mgn.cpython-310.pyc
byte-compiling /home/jetson/vmf/install/robot_grasping/lib/python3.10/site-packages/vmf_contact_main/vmf_contact/datasets/__init__.py to __init__.cpython-310.pyc
byte-compiling /home/jetson/vmf/install/robot_grasping/lib/python3.10/site-packages/vmf_contact_main/vmf_contact/metrics/ausc_ause.py to ausc_ause.cpython-310.pyc
byte-compiling /home/jetson/vmf/install/robot_grasping/lib/python3.10/site-packages/vmf_contact_main/vmf_contact/metrics/aucpr.py to aucpr.cpython-310.pyc
byte-compiling /home/jetson/vmf/install/robot_grasping/lib/python3.10/site-packages/vmf_contact_main/vmf_contact/metrics/brier.py to brier.cpython-310.pyc
byte-compiling /home/jetson/vmf/install/robot_grasping/lib/python3.10/site-packages/vmf_contact_main/vmf_contact/metrics/__init__.py to __init__.cpython-310.pyc
byte-compiling /home/jetson/vmf/install/robot_grasping/lib/python3.10/site-packages/vmf_contact_main/vmf_contact/model/estimator.py to estimator.cpython-310.pyc
byte-compiling /home/jetson/vmf/install/robot_grasping/lib/python3.10/site-packages/vmf_contact_main/vmf_contact/model/lightning_module_flow.py to lightning_module_flow.cpython-310.pyc
byte-compiling /home/jetson/vmf/install/robot_grasping/lib/python3.10/site-packages/vmf_contact_main/vmf_contact/model/lightning_module.py to lightning_module.cpython-310.pyc
byte-compiling /home/jetson/vmf/install/robot_grasping/lib/python3.10/site-packages/vmf_contact_main/vmf_contact/model/grasp_buffer.py to grasp_buffer.cpython-310.pyc
byte-compiling /home/jetson/vmf/install/robot_grasping/lib/python3.10/site-packages/vmf_contact_main/vmf_contact/model/utils.py to utils.cpython-310.pyc
byte-compiling /home/jetson/vmf/install/robot_grasping/lib/python3.10/site-packages/vmf_contact_main/vmf_contact/model/__init__.py to __init__.cpython-310.pyc
byte-compiling /home/jetson/vmf/install/robot_grasping/lib/python3.10/site-packages/vmf_contact_main/vmf_contact/__init__.py to __init__.cpython-310.pyc
byte-compiling /home/jetson/vmf/install/robot_grasping/lib/python3.10/site-packages/vmf_contact_main/vmf_contact/nn/position_encodings.py to position_encodings.cpython-310.pyc
byte-compiling /home/jetson/vmf/install/robot_grasping/lib/python3.10/site-packages/vmf_contact_main/vmf_contact/nn/util.py to util.cpython-310.pyc
byte-compiling /home/jetson/vmf/install/robot_grasping/lib/python3.10/site-packages/vmf_contact_main/vmf_contact/nn/attention.py to attention.cpython-310.pyc
byte-compiling /home/jetson/vmf/install/robot_grasping/lib/python3.10/site-packages/vmf_contact_main/vmf_contact/nn/scaler.py to scaler.cpython-310.pyc
byte-compiling /home/jetson/vmf/install/robot_grasping/lib/python3.10/site-packages/vmf_contact_main/vmf_contact/nn/network.py to network.cpython-310.pyc
byte-compiling /home/jetson/vmf/install/robot_grasping/lib/python3.10/site-packages/vmf_contact_main/vmf_contact/nn/output/normal.py to normal.cpython-310.pyc
byte-compiling /home/jetson/vmf/install/robot_grasping/lib/python3.10/site-packages/vmf_contact_main/vmf_contact/nn/output/ps.py to ps.cpython-310.pyc
byte-compiling /home/jetson/vmf/install/robot_grasping/lib/python3.10/site-packages/vmf_contact_main/vmf_contact/nn/output/normal_multi.py to normal_multi.cpython-310.pyc
byte-compiling /home/jetson/vmf/install/robot_grasping/lib/python3.10/site-packages/vmf_contact_main/vmf_contact/nn/output/_base.py to _base.cpython-310.pyc
byte-compiling /home/jetson/vmf/install/robot_grasping/lib/python3.10/site-packages/vmf_contact_main/vmf_contact/nn/output/vmf.py to vmf.cpython-310.pyc
byte-compiling /home/jetson/vmf/install/robot_grasping/lib/python3.10/site-packages/vmf_contact_main/vmf_contact/nn/output/__init__.py to __init__.cpython-310.pyc
byte-compiling /home/jetson/vmf/install/robot_grasping/lib/python3.10/site-packages/vmf_contact_main/vmf_contact/nn/uncertainty_estimator.py to uncertainty_estimator.cpython-310.pyc
byte-compiling /home/jetson/vmf/install/robot_grasping/lib/python3.10/site-packages/vmf_contact_main/vmf_contact/nn/loss.py to loss.cpython-310.pyc
byte-compiling /home/jetson/vmf/install/robot_grasping/lib/python3.10/site-packages/vmf_contact_main/vmf_contact/nn/pointr.py to pointr.cpython-310.pyc
byte-compiling /home/jetson/vmf/install/robot_grasping/lib/python3.10/site-packages/vmf_contact_main/vmf_contact/nn/multihead_custom_attention.py to multihead_custom_attention.cpython-310.pyc
byte-compiling /home/jetson/vmf/install/robot_grasping/lib/python3.10/site-packages/vmf_contact_main/vmf_contact/nn/__init__.py to __init__.cpython-310.pyc
byte-compiling /home/jetson/vmf/install/robot_grasping/lib/python3.10/site-packages/vmf_contact_main/test.py to test.cpython-310.pyc
byte-compiling /home/jetson/vmf/install/robot_grasping/lib/python3.10/site-packages/vmf_contact_main/remote_agent.py to remote_agent.cpython-310.pyc
byte-compiling /home/jetson/vmf/install/robot_grasping/lib/python3.10/site-packages/vmf_contact_main/openpoints/cpp/emd/setup.py to setup.cpython-310.pyc
byte-compiling /home/jetson/vmf/install/robot_grasping/lib/python3.10/site-packages/vmf_contact_main/openpoints/cpp/emd/test_emd_loss.py to test_emd_loss.cpython-310.pyc
byte-compiling /home/jetson/vmf/install/robot_grasping/lib/python3.10/site-packages/vmf_contact_main/openpoints/cpp/emd/emd.py to emd.cpython-310.pyc
byte-compiling /home/jetson/vmf/install/robot_grasping/lib/python3.10/site-packages/vmf_contact_main/openpoints/cpp/emd/__init__.py to __init__.cpython-310.pyc
byte-compiling /home/jetson/vmf/install/robot_grasping/lib/python3.10/site-packages/vmf_contact_main/openpoints/cpp/chamfer_dist/setup.py to setup.cpython-310.pyc
byte-compiling /home/jetson/vmf/install/robot_grasping/lib/python3.10/site-packages/vmf_contact_main/openpoints/cpp/chamfer_dist/test.py to test.cpython-310.pyc
byte-compiling /home/jetson/vmf/install/robot_grasping/lib/python3.10/site-packages/vmf_contact_main/openpoints/cpp/chamfer_dist/__init__.py to __init__.cpython-310.pyc
byte-compiling /home/jetson/vmf/install/robot_grasping/lib/python3.10/site-packages/vmf_contact_main/openpoints/cpp/pointops/setup.py to setup.cpython-310.pyc
byte-compiling /home/jetson/vmf/install/robot_grasping/lib/python3.10/site-packages/vmf_contact_main/openpoints/cpp/pointops/functions/pointops.py to pointops.cpython-310.pyc
byte-compiling /home/jetson/vmf/install/robot_grasping/lib/python3.10/site-packages/vmf_contact_main/openpoints/cpp/pointops/functions/__init__.py to __init__.cpython-310.pyc
byte-compiling /home/jetson/vmf/install/robot_grasping/lib/python3.10/site-packages/vmf_contact_main/openpoints/cpp/pointops/src/__init__.py to __init__.cpython-310.pyc
byte-compiling /home/jetson/vmf/install/robot_grasping/lib/python3.10/site-packages/vmf_contact_main/openpoints/cpp/pointops/__init__.py to __init__.cpython-310.pyc
byte-compiling /home/jetson/vmf/install/robot_grasping/lib/python3.10/site-packages/vmf_contact_main/openpoints/cpp/pointnet2_batch/setup.py to setup.cpython-310.pyc
byte-compiling /home/jetson/vmf/install/robot_grasping/lib/python3.10/site-packages/vmf_contact_main/openpoints/cpp/pointnet2_batch/__init__.py to __init__.cpython-310.pyc
byte-compiling /home/jetson/vmf/install/robot_grasping/lib/python3.10/site-packages/vmf_contact_main/openpoints/cpp/__init__.py to __init__.cpython-310.pyc
byte-compiling /home/jetson/vmf/install/robot_grasping/lib/python3.10/site-packages/vmf_contact_main/openpoints/transforms/transforms_factory.py to transforms_factory.cpython-310.pyc
byte-compiling /home/jetson/vmf/install/robot_grasping/lib/python3.10/site-packages/vmf_contact_main/openpoints/transforms/point_transform_cpu.py to point_transform_cpu.cpython-310.pyc
byte-compiling /home/jetson/vmf/install/robot_grasping/lib/python3.10/site-packages/vmf_contact_main/openpoints/transforms/point_transformer_gpu.py to point_transformer_gpu.cpython-310.pyc
byte-compiling /home/jetson/vmf/install/robot_grasping/lib/python3.10/site-packages/vmf_contact_main/openpoints/transforms/__init__.py to __init__.cpython-310.pyc
byte-compiling /home/jetson/vmf/install/robot_grasping/lib/python3.10/site-packages/vmf_contact_main/openpoints/utils/wandb.py to wandb.cpython-310.pyc
byte-compiling /home/jetson/vmf/install/robot_grasping/lib/python3.10/site-packages/vmf_contact_main/openpoints/utils/dist_utils.py to dist_utils.cpython-310.pyc
byte-compiling /home/jetson/vmf/install/robot_grasping/lib/python3.10/site-packages/vmf_contact_main/openpoints/utils/registry.py to registry.cpython-310.pyc
byte-compiling /home/jetson/vmf/install/robot_grasping/lib/python3.10/site-packages/vmf_contact_main/openpoints/utils/metrics.py to metrics.cpython-310.pyc
byte-compiling /home/jetson/vmf/install/robot_grasping/lib/python3.10/site-packages/vmf_contact_main/openpoints/utils/config.py to config.cpython-310.pyc
byte-compiling /home/jetson/vmf/install/robot_grasping/lib/python3.10/site-packages/vmf_contact_main/openpoints/utils/ckpt_util.py to ckpt_util.cpython-310.pyc
byte-compiling /home/jetson/vmf/install/robot_grasping/lib/python3.10/site-packages/vmf_contact_main/openpoints/utils/random.py to random.cpython-310.pyc
byte-compiling /home/jetson/vmf/install/robot_grasping/lib/python3.10/site-packages/vmf_contact_main/openpoints/utils/str2bool.py to str2bool.cpython-310.pyc
byte-compiling /home/jetson/vmf/install/robot_grasping/lib/python3.10/site-packages/vmf_contact_main/openpoints/utils/__init__.py to __init__.cpython-310.pyc
byte-compiling /home/jetson/vmf/install/robot_grasping/lib/python3.10/site-packages/vmf_contact_main/openpoints/utils/logger.py to logger.cpython-310.pyc
byte-compiling /home/jetson/vmf/install/robot_grasping/lib/python3.10/site-packages/vmf_contact_main/openpoints/models/reconstruction/maskedpoint.py to maskedpoint.cpython-310.pyc
byte-compiling /home/jetson/vmf/install/robot_grasping/lib/python3.10/site-packages/vmf_contact_main/openpoints/models/reconstruction/base_recontruct.py to base_recontruct.cpython-310.pyc
byte-compiling /home/jetson/vmf/install/robot_grasping/lib/python3.10/site-packages/vmf_contact_main/openpoints/models/reconstruction/nodeshuffle.py to nodeshuffle.cpython-310.pyc
byte-compiling /home/jetson/vmf/install/robot_grasping/lib/python3.10/site-packages/vmf_contact_main/openpoints/models/reconstruction/maskedpointvit.py to maskedpointvit.cpython-310.pyc
byte-compiling /home/jetson/vmf/install/robot_grasping/lib/python3.10/site-packages/vmf_contact_main/openpoints/models/reconstruction/maskedpointgroup.py to maskedpointgroup.cpython-310.pyc
byte-compiling /home/jetson/vmf/install/robot_grasping/lib/python3.10/site-packages/vmf_contact_main/openpoints/models/reconstruction/__init__.py to __init__.cpython-310.pyc
byte-compiling /home/jetson/vmf/install/robot_grasping/lib/python3.10/site-packages/vmf_contact_main/openpoints/models/grasp/vit_grasp.py to vit_grasp.cpython-310.pyc
byte-compiling /home/jetson/vmf/install/robot_grasping/lib/python3.10/site-packages/vmf_contact_main/openpoints/models/grasp/base_grasp.py to base_grasp.cpython-310.pyc
byte-compiling /home/jetson/vmf/install/robot_grasping/lib/python3.10/site-packages/vmf_contact_main/openpoints/models/grasp/__init__.py to __init__.cpython-310.pyc
byte-compiling /home/jetson/vmf/install/robot_grasping/lib/python3.10/site-packages/vmf_contact_main/openpoints/models/classification/cls_base.py to cls_base.cpython-310.pyc
byte-compiling /home/jetson/vmf/install/robot_grasping/lib/python3.10/site-packages/vmf_contact_main/openpoints/models/classification/point_bert.py to point_bert.cpython-310.pyc
byte-compiling /home/jetson/vmf/install/robot_grasping/lib/python3.10/site-packages/vmf_contact_main/openpoints/models/classification/__init__.py to __init__.cpython-310.pyc
byte-compiling /home/jetson/vmf/install/robot_grasping/lib/python3.10/site-packages/vmf_contact_main/openpoints/models/build.py to build.cpython-310.pyc
byte-compiling /home/jetson/vmf/install/robot_grasping/lib/python3.10/site-packages/vmf_contact_main/openpoints/models/registry.py to registry.cpython-310.pyc
byte-compiling /home/jetson/vmf/install/robot_grasping/lib/python3.10/site-packages/vmf_contact_main/openpoints/models/layers/graph_conv.py to graph_conv.cpython-310.pyc
byte-compiling /home/jetson/vmf/install/robot_grasping/lib/python3.10/site-packages/vmf_contact_main/openpoints/models/layers/attention.py to attention.cpython-310.pyc
byte-compiling /home/jetson/vmf/install/robot_grasping/lib/python3.10/site-packages/vmf_contact_main/openpoints/models/layers/weight_init.py to weight_init.cpython-310.pyc
byte-compiling /home/jetson/vmf/install/robot_grasping/lib/python3.10/site-packages/vmf_contact_main/openpoints/models/layers/patch_embed.py to patch_embed.cpython-310.pyc
byte-compiling /home/jetson/vmf/install/robot_grasping/lib/python3.10/site-packages/vmf_contact_main/openpoints/models/layers/local_aggregation.py to local_aggregation.cpython-310.pyc
byte-compiling /home/jetson/vmf/install/robot_grasping/lib/python3.10/site-packages/vmf_contact_main/openpoints/models/layers/knn.py to knn.cpython-310.pyc
byte-compiling /home/jetson/vmf/install/robot_grasping/lib/python3.10/site-packages/vmf_contact_main/openpoints/models/layers/activation.py to activation.cpython-310.pyc
byte-compiling /home/jetson/vmf/install/robot_grasping/lib/python3.10/site-packages/vmf_contact_main/openpoints/models/layers/helpers.py to helpers.cpython-310.pyc
byte-compiling /home/jetson/vmf/install/robot_grasping/lib/python3.10/site-packages/vmf_contact_main/openpoints/models/layers/registry.py to registry.cpython-310.pyc
byte-compiling /home/jetson/vmf/install/robot_grasping/lib/python3.10/site-packages/vmf_contact_main/openpoints/models/layers/group_embed.py to group_embed.cpython-310.pyc
byte-compiling /home/jetson/vmf/install/robot_grasping/lib/python3.10/site-packages/vmf_contact_main/openpoints/models/layers/padding.py to padding.cpython-310.pyc
byte-compiling /home/jetson/vmf/install/robot_grasping/lib/python3.10/site-packages/vmf_contact_main/openpoints/models/layers/group.py to group.cpython-310.pyc
byte-compiling /home/jetson/vmf/install/robot_grasping/lib/python3.10/site-packages/vmf_contact_main/openpoints/models/layers/norm.py to norm.cpython-310.pyc
byte-compiling /home/jetson/vmf/install/robot_grasping/lib/python3.10/site-packages/vmf_contact_main/openpoints/models/layers/mlp.py to mlp.cpython-310.pyc
byte-compiling /home/jetson/vmf/install/robot_grasping/lib/python3.10/site-packages/vmf_contact_main/openpoints/models/layers/conv.py to conv.cpython-310.pyc
byte-compiling /home/jetson/vmf/install/robot_grasping/lib/python3.10/site-packages/vmf_contact_main/openpoints/models/layers/subsample.py to subsample.cpython-310.pyc
byte-compiling /home/jetson/vmf/install/robot_grasping/lib/python3.10/site-packages/vmf_contact_main/openpoints/models/layers/kmeans.py to kmeans.cpython-310.pyc
byte-compiling /home/jetson/vmf/install/robot_grasping/lib/python3.10/site-packages/vmf_contact_main/openpoints/models/layers/upsampling.py to upsampling.cpython-310.pyc
byte-compiling /home/jetson/vmf/install/robot_grasping/lib/python3.10/site-packages/vmf_contact_main/openpoints/models/layers/__init__.py to __init__.cpython-310.pyc
byte-compiling /home/jetson/vmf/install/robot_grasping/lib/python3.10/site-packages/vmf_contact_main/openpoints/models/layers/drop.py to drop.cpython-310.pyc
byte-compiling /home/jetson/vmf/install/robot_grasping/lib/python3.10/site-packages/vmf_contact_main/openpoints/models/backbone/spotr.py to spotr.cpython-310.pyc
byte-compiling /home/jetson/vmf/install/robot_grasping/lib/python3.10/site-packages/vmf_contact_main/openpoints/models/backbone/Stratified_transformer.py to Stratified_transformer.cpython-310.pyc
byte-compiling /home/jetson/vmf/install/robot_grasping/lib/python3.10/site-packages/vmf_contact_main/openpoints/models/backbone/graphvit3d.py to graphvit3d.cpython-310.pyc
byte-compiling /home/jetson/vmf/install/robot_grasping/lib/python3.10/site-packages/vmf_contact_main/openpoints/models/backbone/randlenet.py to randlenet.cpython-310.pyc
byte-compiling /home/jetson/vmf/install/robot_grasping/lib/python3.10/site-packages/vmf_contact_main/openpoints/models/backbone/simpleview.py to simpleview.cpython-310.pyc
byte-compiling /home/jetson/vmf/install/robot_grasping/lib/python3.10/site-packages/vmf_contact_main/openpoints/models/backbone/baafnet.py to baafnet.cpython-310.pyc
byte-compiling /home/jetson/vmf/install/robot_grasping/lib/python3.10/site-packages/vmf_contact_main/openpoints/models/backbone/deepgcn.py to deepgcn.cpython-310.pyc
byte-compiling /home/jetson/vmf/install/robot_grasping/lib/python3.10/site-packages/vmf_contact_main/openpoints/models/backbone/grouppointnet.py to grouppointnet.cpython-310.pyc
byte-compiling /home/jetson/vmf/install/robot_grasping/lib/python3.10/site-packages/vmf_contact_main/openpoints/models/backbone/simpleview_util.py to simpleview_util.cpython-310.pyc
byte-compiling /home/jetson/vmf/install/robot_grasping/lib/python3.10/site-packages/vmf_contact_main/openpoints/models/backbone/pointvit.py to pointvit.cpython-310.pyc
byte-compiling /home/jetson/vmf/install/robot_grasping/lib/python3.10/site-packages/vmf_contact_main/openpoints/models/backbone/dgcnn.py to dgcnn.cpython-310.pyc
byte-compiling /home/jetson/vmf/install/robot_grasping/lib/python3.10/site-packages/vmf_contact_main/openpoints/models/backbone/ball_dgcnn.py to ball_dgcnn.cpython-310.pyc
byte-compiling /home/jetson/vmf/install/robot_grasping/lib/python3.10/site-packages/vmf_contact_main/openpoints/models/backbone/pointnextPyG.py to pointnextPyG.cpython-310.pyc
byte-compiling /home/jetson/vmf/install/robot_grasping/lib/python3.10/site-packages/vmf_contact_main/openpoints/models/backbone/pointvit_inv_old.py to pointvit_inv_old.cpython-310.pyc
byte-compiling /home/jetson/vmf/install/robot_grasping/lib/python3.10/site-packages/vmf_contact_main/openpoints/models/backbone/pointvector.py to pointvector.cpython-310.pyc
byte-compiling /home/jetson/vmf/install/robot_grasping/lib/python3.10/site-packages/vmf_contact_main/openpoints/models/backbone/pointmlp.py to pointmlp.cpython-310.pyc
byte-compiling /home/jetson/vmf/install/robot_grasping/lib/python3.10/site-packages/vmf_contact_main/openpoints/models/backbone/pointnet.py to pointnet.cpython-310.pyc
byte-compiling /home/jetson/vmf/install/robot_grasping/lib/python3.10/site-packages/vmf_contact_main/openpoints/models/backbone/pct.py to pct.cpython-310.pyc
byte-compiling /home/jetson/vmf/install/robot_grasping/lib/python3.10/site-packages/vmf_contact_main/openpoints/models/backbone/debug_invvit.py to debug_invvit.cpython-310.pyc
byte-compiling /home/jetson/vmf/install/robot_grasping/lib/python3.10/site-packages/vmf_contact_main/openpoints/models/backbone/pointnext.py to pointnext.cpython-310.pyc
byte-compiling /home/jetson/vmf/install/robot_grasping/lib/python3.10/site-packages/vmf_contact_main/openpoints/models/backbone/curvenet.py to curvenet.cpython-310.pyc
byte-compiling /home/jetson/vmf/install/robot_grasping/lib/python3.10/site-packages/vmf_contact_main/openpoints/models/backbone/pointtransformer.py to pointtransformer.cpython-310.pyc
byte-compiling /home/jetson/vmf/install/robot_grasping/lib/python3.10/site-packages/vmf_contact_main/openpoints/models/backbone/resnet.py to resnet.cpython-310.pyc
byte-compiling /home/jetson/vmf/install/robot_grasping/lib/python3.10/site-packages/vmf_contact_main/openpoints/models/backbone/pointnetv2.py to pointnetv2.cpython-310.pyc
byte-compiling /home/jetson/vmf/install/robot_grasping/lib/python3.10/site-packages/vmf_contact_main/openpoints/models/backbone/__init__.py to __init__.cpython-310.pyc
byte-compiling /home/jetson/vmf/install/robot_grasping/lib/python3.10/site-packages/vmf_contact_main/openpoints/models/backbone/pointvit_inv.py to pointvit_inv.cpython-310.pyc
byte-compiling /home/jetson/vmf/install/robot_grasping/lib/python3.10/site-packages/vmf_contact_main/openpoints/models/segmentation/base_seg.py to base_seg.cpython-310.pyc
byte-compiling /home/jetson/vmf/install/robot_grasping/lib/python3.10/site-packages/vmf_contact_main/openpoints/models/segmentation/vit_seg.py to vit_seg.cpython-310.pyc
byte-compiling /home/jetson/vmf/install/robot_grasping/lib/python3.10/site-packages/vmf_contact_main/openpoints/models/segmentation/__init__.py to __init__.cpython-310.pyc
byte-compiling /home/jetson/vmf/install/robot_grasping/lib/python3.10/site-packages/vmf_contact_main/openpoints/models/__init__.py to __init__.cpython-310.pyc
byte-compiling /home/jetson/vmf/install/robot_grasping/lib/python3.10/site-packages/vmf_contact_main/openpoints/scheduler/multistep_lr.py to multistep_lr.cpython-310.pyc
byte-compiling /home/jetson/vmf/install/robot_grasping/lib/python3.10/site-packages/vmf_contact_main/openpoints/scheduler/step_lr.py to step_lr.cpython-310.pyc
byte-compiling /home/jetson/vmf/install/robot_grasping/lib/python3.10/site-packages/vmf_contact_main/openpoints/scheduler/poly_lr.py to poly_lr.cpython-310.pyc
byte-compiling /home/jetson/vmf/install/robot_grasping/lib/python3.10/site-packages/vmf_contact_main/openpoints/scheduler/plateau_lr.py to plateau_lr.cpython-310.pyc
byte-compiling /home/jetson/vmf/install/robot_grasping/lib/python3.10/site-packages/vmf_contact_main/openpoints/scheduler/scheduler_factory.py to scheduler_factory.cpython-310.pyc
byte-compiling /home/jetson/vmf/install/robot_grasping/lib/python3.10/site-packages/vmf_contact_main/openpoints/scheduler/cosine_lr.py to cosine_lr.cpython-310.pyc
byte-compiling /home/jetson/vmf/install/robot_grasping/lib/python3.10/site-packages/vmf_contact_main/openpoints/scheduler/scheduler.py to scheduler.cpython-310.pyc
byte-compiling /home/jetson/vmf/install/robot_grasping/lib/python3.10/site-packages/vmf_contact_main/openpoints/scheduler/tanh_lr.py to tanh_lr.cpython-310.pyc
byte-compiling /home/jetson/vmf/install/robot_grasping/lib/python3.10/site-packages/vmf_contact_main/openpoints/scheduler/__init__.py to __init__.cpython-310.pyc
byte-compiling /home/jetson/vmf/install/robot_grasping/lib/python3.10/site-packages/vmf_contact_main/openpoints/loss/cross_entropy.py to cross_entropy.cpython-310.pyc
byte-compiling /home/jetson/vmf/install/robot_grasping/lib/python3.10/site-packages/vmf_contact_main/openpoints/loss/build.py to build.cpython-310.pyc
byte-compiling /home/jetson/vmf/install/robot_grasping/lib/python3.10/site-packages/vmf_contact_main/openpoints/loss/distill_loss.py to distill_loss.cpython-310.pyc
byte-compiling /home/jetson/vmf/install/robot_grasping/lib/python3.10/site-packages/vmf_contact_main/openpoints/loss/__init__.py to __init__.cpython-310.pyc
byte-compiling /home/jetson/vmf/install/robot_grasping/lib/python3.10/site-packages/vmf_contact_main/openpoints/dataset/pcqm4m/data.py to data.cpython-310.pyc
byte-compiling /home/jetson/vmf/install/robot_grasping/lib/python3.10/site-packages/vmf_contact_main/openpoints/dataset/pcqm4m/__init__.py to __init__.cpython-310.pyc
byte-compiling /home/jetson/vmf/install/robot_grasping/lib/python3.10/site-packages/vmf_contact_main/openpoints/dataset/graph_dataset/svd_encodings_dataset.py to svd_encodings_dataset.cpython-310.pyc
byte-compiling /home/jetson/vmf/install/robot_grasping/lib/python3.10/site-packages/vmf_contact_main/openpoints/dataset/graph_dataset/structural_dataset.py to structural_dataset.cpython-310.pyc
byte-compiling /home/jetson/vmf/install/robot_grasping/lib/python3.10/site-packages/vmf_contact_main/openpoints/dataset/graph_dataset/stack_with_pad.py to stack_with_pad.cpython-310.pyc
byte-compiling /home/jetson/vmf/install/robot_grasping/lib/python3.10/site-packages/vmf_contact_main/openpoints/dataset/graph_dataset/graph_dataset.py to graph_dataset.cpython-310.pyc
byte-compiling /home/jetson/vmf/install/robot_grasping/lib/python3.10/site-packages/vmf_contact_main/openpoints/dataset/graph_dataset/__init__.py to __init__.cpython-310.pyc
byte-compiling /home/jetson/vmf/install/robot_grasping/lib/python3.10/site-packages/vmf_contact_main/openpoints/dataset/pcqm4mv2/data.py to data.cpython-310.pyc
byte-compiling /home/jetson/vmf/install/robot_grasping/lib/python3.10/site-packages/vmf_contact_main/openpoints/dataset/pcqm4mv2/__init__.py to __init__.cpython-310.pyc
byte-compiling /home/jetson/vmf/install/robot_grasping/lib/python3.10/site-packages/vmf_contact_main/openpoints/dataset/dataset_base.py to dataset_base.cpython-310.pyc
byte-compiling /home/jetson/vmf/install/robot_grasping/lib/python3.10/site-packages/vmf_contact_main/openpoints/dataset/atom3d/psr.py to psr.cpython-310.pyc
byte-compiling /home/jetson/vmf/install/robot_grasping/lib/python3.10/site-packages/vmf_contact_main/openpoints/dataset/atom3d/__init__.py to __init__.cpython-310.pyc
byte-compiling /home/jetson/vmf/install/robot_grasping/lib/python3.10/site-packages/vmf_contact_main/openpoints/dataset/build.py to build.cpython-310.pyc
byte-compiling /home/jetson/vmf/install/robot_grasping/lib/python3.10/site-packages/vmf_contact_main/openpoints/dataset/data_util.py to data_util.cpython-310.pyc
byte-compiling /home/jetson/vmf/install/robot_grasping/lib/python3.10/site-packages/vmf_contact_main/openpoints/dataset/s3dis/s3dis.py to s3dis.cpython-310.pyc
byte-compiling /home/jetson/vmf/install/robot_grasping/lib/python3.10/site-packages/vmf_contact_main/openpoints/dataset/s3dis/s3dis_sphere.py to s3dis_sphere.cpython-310.pyc
byte-compiling /home/jetson/vmf/install/robot_grasping/lib/python3.10/site-packages/vmf_contact_main/openpoints/dataset/s3dis/s3dis_block.py to s3dis_block.cpython-310.pyc
byte-compiling /home/jetson/vmf/install/robot_grasping/lib/python3.10/site-packages/vmf_contact_main/openpoints/dataset/s3dis/__init__.py to __init__.cpython-310.pyc
byte-compiling /home/jetson/vmf/install/robot_grasping/lib/python3.10/site-packages/vmf_contact_main/openpoints/dataset/shapenetpart/shapenetpart.py to shapenetpart.cpython-310.pyc
byte-compiling /home/jetson/vmf/install/robot_grasping/lib/python3.10/site-packages/vmf_contact_main/openpoints/dataset/shapenetpart/shapenet55.py to shapenet55.cpython-310.pyc
byte-compiling /home/jetson/vmf/install/robot_grasping/lib/python3.10/site-packages/vmf_contact_main/openpoints/dataset/shapenetpart/__init__.py to __init__.cpython-310.pyc
byte-compiling /home/jetson/vmf/install/robot_grasping/lib/python3.10/site-packages/vmf_contact_main/openpoints/dataset/vis2d.py to vis2d.cpython-310.pyc
byte-compiling /home/jetson/vmf/install/robot_grasping/lib/python3.10/site-packages/vmf_contact_main/openpoints/dataset/modelnet/modelnet40_normal_resampled_loader.py to modelnet40_normal_resampled_loader.cpython-310.pyc
byte-compiling /home/jetson/vmf/install/robot_grasping/lib/python3.10/site-packages/vmf_contact_main/openpoints/dataset/modelnet/modelnet40_ply_2048_loader.py to modelnet40_ply_2048_loader.cpython-310.pyc
byte-compiling /home/jetson/vmf/install/robot_grasping/lib/python3.10/site-packages/vmf_contact_main/openpoints/dataset/modelnet/__init__.py to __init__.cpython-310.pyc
byte-compiling /home/jetson/vmf/install/robot_grasping/lib/python3.10/site-packages/vmf_contact_main/openpoints/dataset/shapenet/shapenetpart.py to shapenetpart.cpython-310.pyc
byte-compiling /home/jetson/vmf/install/robot_grasping/lib/python3.10/site-packages/vmf_contact_main/openpoints/dataset/shapenet/shapenet55.py to shapenet55.cpython-310.pyc
byte-compiling /home/jetson/vmf/install/robot_grasping/lib/python3.10/site-packages/vmf_contact_main/openpoints/dataset/shapenet/__init__.py to __init__.cpython-310.pyc
byte-compiling /home/jetson/vmf/install/robot_grasping/lib/python3.10/site-packages/vmf_contact_main/openpoints/dataset/matterport3d/matterport3d_dataprocessing.py to matterport3d_dataprocessing.cpython-310.pyc
byte-compiling /home/jetson/vmf/install/robot_grasping/lib/python3.10/site-packages/vmf_contact_main/openpoints/dataset/matterport3d/__init__.py to __init__.cpython-310.pyc
byte-compiling /home/jetson/vmf/install/robot_grasping/lib/python3.10/site-packages/vmf_contact_main/openpoints/dataset/matterport3d/matterport3d.py to matterport3d.cpython-310.pyc
byte-compiling /home/jetson/vmf/install/robot_grasping/lib/python3.10/site-packages/vmf_contact_main/openpoints/dataset/semantic_kitti/semantickitti.py to semantickitti.cpython-310.pyc
byte-compiling /home/jetson/vmf/install/robot_grasping/lib/python3.10/site-packages/vmf_contact_main/openpoints/dataset/semantic_kitti/helper_tool.py to helper_tool.cpython-310.pyc
byte-compiling /home/jetson/vmf/install/robot_grasping/lib/python3.10/site-packages/vmf_contact_main/openpoints/dataset/semantic_kitti/__init__.py to __init__.cpython-310.pyc
byte-compiling /home/jetson/vmf/install/robot_grasping/lib/python3.10/site-packages/vmf_contact_main/openpoints/dataset/grid_sample.py to grid_sample.cpython-310.pyc
byte-compiling /home/jetson/vmf/install/robot_grasping/lib/python3.10/site-packages/vmf_contact_main/openpoints/dataset/molpcba/data.py to data.cpython-310.pyc
byte-compiling /home/jetson/vmf/install/robot_grasping/lib/python3.10/site-packages/vmf_contact_main/openpoints/dataset/molpcba/__init__.py to __init__.cpython-310.pyc
byte-compiling /home/jetson/vmf/install/robot_grasping/lib/python3.10/site-packages/vmf_contact_main/openpoints/dataset/scanobjectnn/scanobjectnn.py to scanobjectnn.cpython-310.pyc
byte-compiling /home/jetson/vmf/install/robot_grasping/lib/python3.10/site-packages/vmf_contact_main/openpoints/dataset/scanobjectnn/__init__.py to __init__.cpython-310.pyc
byte-compiling /home/jetson/vmf/install/robot_grasping/lib/python3.10/site-packages/vmf_contact_main/openpoints/dataset/molhiv/data.py to data.cpython-310.pyc
byte-compiling /home/jetson/vmf/install/robot_grasping/lib/python3.10/site-packages/vmf_contact_main/openpoints/dataset/molhiv/__init__.py to __init__.cpython-310.pyc
byte-compiling /home/jetson/vmf/install/robot_grasping/lib/python3.10/site-packages/vmf_contact_main/openpoints/dataset/parsers/parser_factory.py to parser_factory.cpython-310.pyc
byte-compiling /home/jetson/vmf/install/robot_grasping/lib/python3.10/site-packages/vmf_contact_main/openpoints/dataset/parsers/parser_image_tar.py to parser_image_tar.cpython-310.pyc
byte-compiling /home/jetson/vmf/install/robot_grasping/lib/python3.10/site-packages/vmf_contact_main/openpoints/dataset/parsers/parser_tfds.py to parser_tfds.cpython-310.pyc
byte-compiling /home/jetson/vmf/install/robot_grasping/lib/python3.10/site-packages/vmf_contact_main/openpoints/dataset/parsers/parser_image_folder.py to parser_image_folder.cpython-310.pyc
byte-compiling /home/jetson/vmf/install/robot_grasping/lib/python3.10/site-packages/vmf_contact_main/openpoints/dataset/parsers/parser_image_in_tar.py to parser_image_in_tar.cpython-310.pyc
byte-compiling /home/jetson/vmf/install/robot_grasping/lib/python3.10/site-packages/vmf_contact_main/openpoints/dataset/parsers/constants.py to constants.cpython-310.pyc
byte-compiling /home/jetson/vmf/install/robot_grasping/lib/python3.10/site-packages/vmf_contact_main/openpoints/dataset/parsers/parser.py to parser.cpython-310.pyc
byte-compiling /home/jetson/vmf/install/robot_grasping/lib/python3.10/site-packages/vmf_contact_main/openpoints/dataset/parsers/class_map.py to class_map.cpython-310.pyc
byte-compiling /home/jetson/vmf/install/robot_grasping/lib/python3.10/site-packages/vmf_contact_main/openpoints/dataset/parsers/__init__.py to __init__.cpython-310.pyc
byte-compiling /home/jetson/vmf/install/robot_grasping/lib/python3.10/site-packages/vmf_contact_main/openpoints/dataset/vis3d.py to vis3d.cpython-310.pyc
byte-compiling /home/jetson/vmf/install/robot_grasping/lib/python3.10/site-packages/vmf_contact_main/openpoints/dataset/scannetv2/scannet.py to scannet.cpython-310.pyc
byte-compiling /home/jetson/vmf/install/robot_grasping/lib/python3.10/site-packages/vmf_contact_main/openpoints/dataset/scannetv2/__init__.py to __init__.cpython-310.pyc
byte-compiling /home/jetson/vmf/install/robot_grasping/lib/python3.10/site-packages/vmf_contact_main/openpoints/dataset/datalist.py to datalist.cpython-310.pyc
byte-compiling /home/jetson/vmf/install/robot_grasping/lib/python3.10/site-packages/vmf_contact_main/openpoints/dataset/__init__.py to __init__.cpython-310.pyc
byte-compiling /home/jetson/vmf/install/robot_grasping/lib/python3.10/site-packages/vmf_contact_main/openpoints/__init__.py to __init__.cpython-310.pyc
byte-compiling /home/jetson/vmf/install/robot_grasping/lib/python3.10/site-packages/vmf_contact_main/openpoints/optim/radam.py to radam.cpython-310.pyc
byte-compiling /home/jetson/vmf/install/robot_grasping/lib/python3.10/site-packages/vmf_contact_main/openpoints/optim/adafactor.py to adafactor.cpython-310.pyc
byte-compiling /home/jetson/vmf/install/robot_grasping/lib/python3.10/site-packages/vmf_contact_main/openpoints/optim/adamw.py to adamw.cpython-310.pyc
byte-compiling /home/jetson/vmf/install/robot_grasping/lib/python3.10/site-packages/vmf_contact_main/openpoints/optim/sgdp.py to sgdp.cpython-310.pyc
byte-compiling /home/jetson/vmf/install/robot_grasping/lib/python3.10/site-packages/vmf_contact_main/openpoints/optim/rmsprop_tf.py to rmsprop_tf.cpython-310.pyc
byte-compiling /home/jetson/vmf/install/robot_grasping/lib/python3.10/site-packages/vmf_contact_main/openpoints/optim/optim_factory.py to optim_factory.cpython-310.pyc
byte-compiling /home/jetson/vmf/install/robot_grasping/lib/python3.10/site-packages/vmf_contact_main/openpoints/optim/lars.py to lars.cpython-310.pyc
byte-compiling /home/jetson/vmf/install/robot_grasping/lib/python3.10/site-packages/vmf_contact_main/openpoints/optim/adahessian.py to adahessian.cpython-310.pyc
byte-compiling /home/jetson/vmf/install/robot_grasping/lib/python3.10/site-packages/vmf_contact_main/openpoints/optim/lookahead.py to lookahead.cpython-310.pyc
byte-compiling /home/jetson/vmf/install/robot_grasping/lib/python3.10/site-packages/vmf_contact_main/openpoints/optim/nadam.py to nadam.cpython-310.pyc
byte-compiling /home/jetson/vmf/install/robot_grasping/lib/python3.10/site-packages/vmf_contact_main/openpoints/optim/adamp.py to adamp.cpython-310.pyc
byte-compiling /home/jetson/vmf/install/robot_grasping/lib/python3.10/site-packages/vmf_contact_main/openpoints/optim/adabelief.py to adabelief.cpython-310.pyc
byte-compiling /home/jetson/vmf/install/robot_grasping/lib/python3.10/site-packages/vmf_contact_main/openpoints/optim/lamb.py to lamb.cpython-310.pyc
byte-compiling /home/jetson/vmf/install/robot_grasping/lib/python3.10/site-packages/vmf_contact_main/openpoints/optim/__init__.py to __init__.cpython-310.pyc
byte-compiling /home/jetson/vmf/install/robot_grasping/lib/python3.10/site-packages/vmf_contact_main/openpoints/optim/madgrad.py to madgrad.cpython-310.pyc
byte-compiling /home/jetson/vmf/install/robot_grasping/lib/python3.10/site-packages/vmf_contact_main/openpoints/optim/nvnovograd.py to nvnovograd.cpython-310.pyc
byte-compiling /home/jetson/vmf/install/robot_grasping/lib/python3.10/site-packages/vmf_contact_main/__init__.py to __init__.cpython-310.pyc
byte-compiling /home/jetson/vmf/install/robot_grasping/lib/python3.10/site-packages/ros2_nodes/camera_utils.py to camera_utils.cpython-310.pyc
byte-compiling /home/jetson/vmf/install/robot_grasping/lib/python3.10/site-packages/ros2_nodes/utils_camera.py to utils_camera.cpython-310.pyc
byte-compiling /home/jetson/vmf/install/robot_grasping/lib/python3.10/site-packages/ros2_nodes/inference_node_vlm.py to inference_node_vlm.cpython-310.pyc
byte-compiling /home/jetson/vmf/install/robot_grasping/lib/python3.10/site-packages/ros2_nodes/inference_node_data.py to inference_node_data.cpython-310.pyc
byte-compiling /home/jetson/vmf/install/robot_grasping/lib/python3.10/site-packages/ros2_nodes/test_frame_saver.py to test_frame_saver.cpython-310.pyc
byte-compiling /home/jetson/vmf/install/robot_grasping/lib/python3.10/site-packages/ros2_nodes/inference_node_giga_active.py to inference_node_giga_active.cpython-310.pyc
byte-compiling /home/jetson/vmf/install/robot_grasping/lib/python3.10/site-packages/ros2_nodes/inference_node_vmf.py to inference_node_vmf.cpython-310.pyc
byte-compiling /home/jetson/vmf/install/robot_grasping/lib/python3.10/site-packages/ros2_nodes/utils_node.py to utils_node.cpython-310.pyc
byte-compiling /home/jetson/vmf/install/robot_grasping/lib/python3.10/site-packages/ros2_nodes/test_visualization_node.py to test_visualization_node.cpython-310.pyc
byte-compiling /home/jetson/vmf/install/robot_grasping/lib/python3.10/site-packages/ros2_nodes/inference_node_base.py to inference_node_base.cpython-310.pyc
byte-compiling /home/jetson/vmf/install/robot_grasping/lib/python3.10/site-packages/ros2_nodes/inference_node_giga.py to inference_node_giga.cpython-310.pyc
byte-compiling /home/jetson/vmf/install/robot_grasping/lib/python3.10/site-packages/ros2_nodes/__init__.py to __init__.cpython-310.pyc
byte-compiling /home/jetson/vmf/install/robot_grasping/lib/python3.10/site-packages/openpoints/cpp/emd/setup.py to setup.cpython-310.pyc
byte-compiling /home/jetson/vmf/install/robot_grasping/lib/python3.10/site-packages/openpoints/cpp/emd/test_emd_loss.py to test_emd_loss.cpython-310.pyc
byte-compiling /home/jetson/vmf/install/robot_grasping/lib/python3.10/site-packages/openpoints/cpp/emd/emd.py to emd.cpython-310.pyc
byte-compiling /home/jetson/vmf/install/robot_grasping/lib/python3.10/site-packages/openpoints/cpp/emd/__init__.py to __init__.cpython-310.pyc
byte-compiling /home/jetson/vmf/install/robot_grasping/lib/python3.10/site-packages/openpoints/cpp/chamfer_dist/setup.py to setup.cpython-310.pyc
byte-compiling /home/jetson/vmf/install/robot_grasping/lib/python3.10/site-packages/openpoints/cpp/chamfer_dist/test.py to test.cpython-310.pyc
byte-compiling /home/jetson/vmf/install/robot_grasping/lib/python3.10/site-packages/openpoints/cpp/chamfer_dist/__init__.py to __init__.cpython-310.pyc
byte-compiling /home/jetson/vmf/install/robot_grasping/lib/python3.10/site-packages/openpoints/cpp/pointops/setup.py to setup.cpython-310.pyc
byte-compiling /home/jetson/vmf/install/robot_grasping/lib/python3.10/site-packages/openpoints/cpp/pointops/functions/pointops.py to pointops.cpython-310.pyc
byte-compiling /home/jetson/vmf/install/robot_grasping/lib/python3.10/site-packages/openpoints/cpp/pointops/functions/__init__.py to __init__.cpython-310.pyc
byte-compiling /home/jetson/vmf/install/robot_grasping/lib/python3.10/site-packages/openpoints/cpp/pointops/src/__init__.py to __init__.cpython-310.pyc
byte-compiling /home/jetson/vmf/install/robot_grasping/lib/python3.10/site-packages/openpoints/cpp/pointops/__init__.py to __init__.cpython-310.pyc
byte-compiling /home/jetson/vmf/install/robot_grasping/lib/python3.10/site-packages/openpoints/cpp/pointnet2_batch/setup.py to setup.cpython-310.pyc
byte-compiling /home/jetson/vmf/install/robot_grasping/lib/python3.10/site-packages/openpoints/cpp/pointnet2_batch/__init__.py to __init__.cpython-310.pyc
byte-compiling /home/jetson/vmf/install/robot_grasping/lib/python3.10/site-packages/openpoints/cpp/__init__.py to __init__.cpython-310.pyc
byte-compiling /home/jetson/vmf/install/robot_grasping/lib/python3.10/site-packages/openpoints/transforms/transforms_factory.py to transforms_factory.cpython-310.pyc
byte-compiling /home/jetson/vmf/install/robot_grasping/lib/python3.10/site-packages/openpoints/transforms/point_transform_cpu.py to point_transform_cpu.cpython-310.pyc
byte-compiling /home/jetson/vmf/install/robot_grasping/lib/python3.10/site-packages/openpoints/transforms/point_transformer_gpu.py to point_transformer_gpu.cpython-310.pyc
byte-compiling /home/jetson/vmf/install/robot_grasping/lib/python3.10/site-packages/openpoints/transforms/__init__.py to __init__.cpython-310.pyc
byte-compiling /home/jetson/vmf/install/robot_grasping/lib/python3.10/site-packages/openpoints/utils/wandb.py to wandb.cpython-310.pyc
byte-compiling /home/jetson/vmf/install/robot_grasping/lib/python3.10/site-packages/openpoints/utils/dist_utils.py to dist_utils.cpython-310.pyc
byte-compiling /home/jetson/vmf/install/robot_grasping/lib/python3.10/site-packages/openpoints/utils/registry.py to registry.cpython-310.pyc
byte-compiling /home/jetson/vmf/install/robot_grasping/lib/python3.10/site-packages/openpoints/utils/metrics.py to metrics.cpython-310.pyc
byte-compiling /home/jetson/vmf/install/robot_grasping/lib/python3.10/site-packages/openpoints/utils/config.py to config.cpython-310.pyc
byte-compiling /home/jetson/vmf/install/robot_grasping/lib/python3.10/site-packages/openpoints/utils/ckpt_util.py to ckpt_util.cpython-310.pyc
byte-compiling /home/jetson/vmf/install/robot_grasping/lib/python3.10/site-packages/openpoints/utils/random.py to random.cpython-310.pyc
byte-compiling /home/jetson/vmf/install/robot_grasping/lib/python3.10/site-packages/openpoints/utils/str2bool.py to str2bool.cpython-310.pyc
byte-compiling /home/jetson/vmf/install/robot_grasping/lib/python3.10/site-packages/openpoints/utils/__init__.py to __init__.cpython-310.pyc
byte-compiling /home/jetson/vmf/install/robot_grasping/lib/python3.10/site-packages/openpoints/utils/logger.py to logger.cpython-310.pyc
byte-compiling /home/jetson/vmf/install/robot_grasping/lib/python3.10/site-packages/openpoints/models/reconstruction/maskedpoint.py to maskedpoint.cpython-310.pyc
byte-compiling /home/jetson/vmf/install/robot_grasping/lib/python3.10/site-packages/openpoints/models/reconstruction/base_recontruct.py to base_recontruct.cpython-310.pyc
byte-compiling /home/jetson/vmf/install/robot_grasping/lib/python3.10/site-packages/openpoints/models/reconstruction/nodeshuffle.py to nodeshuffle.cpython-310.pyc
byte-compiling /home/jetson/vmf/install/robot_grasping/lib/python3.10/site-packages/openpoints/models/reconstruction/maskedpointvit.py to maskedpointvit.cpython-310.pyc
byte-compiling /home/jetson/vmf/install/robot_grasping/lib/python3.10/site-packages/openpoints/models/reconstruction/maskedpointgroup.py to maskedpointgroup.cpython-310.pyc
byte-compiling /home/jetson/vmf/install/robot_grasping/lib/python3.10/site-packages/openpoints/models/reconstruction/__init__.py to __init__.cpython-310.pyc
byte-compiling /home/jetson/vmf/install/robot_grasping/lib/python3.10/site-packages/openpoints/models/grasp/vit_grasp.py to vit_grasp.cpython-310.pyc
byte-compiling /home/jetson/vmf/install/robot_grasping/lib/python3.10/site-packages/openpoints/models/grasp/base_grasp.py to base_grasp.cpython-310.pyc
byte-compiling /home/jetson/vmf/install/robot_grasping/lib/python3.10/site-packages/openpoints/models/grasp/__init__.py to __init__.cpython-310.pyc
byte-compiling /home/jetson/vmf/install/robot_grasping/lib/python3.10/site-packages/openpoints/models/classification/cls_base.py to cls_base.cpython-310.pyc
byte-compiling /home/jetson/vmf/install/robot_grasping/lib/python3.10/site-packages/openpoints/models/classification/point_bert.py to point_bert.cpython-310.pyc
byte-compiling /home/jetson/vmf/install/robot_grasping/lib/python3.10/site-packages/openpoints/models/classification/__init__.py to __init__.cpython-310.pyc
byte-compiling /home/jetson/vmf/install/robot_grasping/lib/python3.10/site-packages/openpoints/models/build.py to build.cpython-310.pyc
byte-compiling /home/jetson/vmf/install/robot_grasping/lib/python3.10/site-packages/openpoints/models/registry.py to registry.cpython-310.pyc
byte-compiling /home/jetson/vmf/install/robot_grasping/lib/python3.10/site-packages/openpoints/models/layers/graph_conv.py to graph_conv.cpython-310.pyc
byte-compiling /home/jetson/vmf/install/robot_grasping/lib/python3.10/site-packages/openpoints/models/layers/attention.py to attention.cpython-310.pyc
byte-compiling /home/jetson/vmf/install/robot_grasping/lib/python3.10/site-packages/openpoints/models/layers/weight_init.py to weight_init.cpython-310.pyc
byte-compiling /home/jetson/vmf/install/robot_grasping/lib/python3.10/site-packages/openpoints/models/layers/patch_embed.py to patch_embed.cpython-310.pyc
byte-compiling /home/jetson/vmf/install/robot_grasping/lib/python3.10/site-packages/openpoints/models/layers/local_aggregation.py to local_aggregation.cpython-310.pyc
byte-compiling /home/jetson/vmf/install/robot_grasping/lib/python3.10/site-packages/openpoints/models/layers/knn.py to knn.cpython-310.pyc
byte-compiling /home/jetson/vmf/install/robot_grasping/lib/python3.10/site-packages/openpoints/models/layers/activation.py to activation.cpython-310.pyc
byte-compiling /home/jetson/vmf/install/robot_grasping/lib/python3.10/site-packages/openpoints/models/layers/helpers.py to helpers.cpython-310.pyc
byte-compiling /home/jetson/vmf/install/robot_grasping/lib/python3.10/site-packages/openpoints/models/layers/registry.py to registry.cpython-310.pyc
byte-compiling /home/jetson/vmf/install/robot_grasping/lib/python3.10/site-packages/openpoints/models/layers/group_embed.py to group_embed.cpython-310.pyc
byte-compiling /home/jetson/vmf/install/robot_grasping/lib/python3.10/site-packages/openpoints/models/layers/padding.py to padding.cpython-310.pyc
byte-compiling /home/jetson/vmf/install/robot_grasping/lib/python3.10/site-packages/openpoints/models/layers/group.py to group.cpython-310.pyc
byte-compiling /home/jetson/vmf/install/robot_grasping/lib/python3.10/site-packages/openpoints/models/layers/norm.py to norm.cpython-310.pyc
byte-compiling /home/jetson/vmf/install/robot_grasping/lib/python3.10/site-packages/openpoints/models/layers/mlp.py to mlp.cpython-310.pyc
byte-compiling /home/jetson/vmf/install/robot_grasping/lib/python3.10/site-packages/openpoints/models/layers/conv.py to conv.cpython-310.pyc
byte-compiling /home/jetson/vmf/install/robot_grasping/lib/python3.10/site-packages/openpoints/models/layers/subsample.py to subsample.cpython-310.pyc
byte-compiling /home/jetson/vmf/install/robot_grasping/lib/python3.10/site-packages/openpoints/models/layers/kmeans.py to kmeans.cpython-310.pyc
byte-compiling /home/jetson/vmf/install/robot_grasping/lib/python3.10/site-packages/openpoints/models/layers/upsampling.py to upsampling.cpython-310.pyc
byte-compiling /home/jetson/vmf/install/robot_grasping/lib/python3.10/site-packages/openpoints/models/layers/__init__.py to __init__.cpython-310.pyc
byte-compiling /home/jetson/vmf/install/robot_grasping/lib/python3.10/site-packages/openpoints/models/layers/drop.py to drop.cpython-310.pyc
byte-compiling /home/jetson/vmf/install/robot_grasping/lib/python3.10/site-packages/openpoints/models/backbone/spotr.py to spotr.cpython-310.pyc
byte-compiling /home/jetson/vmf/install/robot_grasping/lib/python3.10/site-packages/openpoints/models/backbone/Stratified_transformer.py to Stratified_transformer.cpython-310.pyc
byte-compiling /home/jetson/vmf/install/robot_grasping/lib/python3.10/site-packages/openpoints/models/backbone/graphvit3d.py to graphvit3d.cpython-310.pyc
byte-compiling /home/jetson/vmf/install/robot_grasping/lib/python3.10/site-packages/openpoints/models/backbone/randlenet.py to randlenet.cpython-310.pyc
byte-compiling /home/jetson/vmf/install/robot_grasping/lib/python3.10/site-packages/openpoints/models/backbone/simpleview.py to simpleview.cpython-310.pyc
byte-compiling /home/jetson/vmf/install/robot_grasping/lib/python3.10/site-packages/openpoints/models/backbone/baafnet.py to baafnet.cpython-310.pyc
byte-compiling /home/jetson/vmf/install/robot_grasping/lib/python3.10/site-packages/openpoints/models/backbone/deepgcn.py to deepgcn.cpython-310.pyc
byte-compiling /home/jetson/vmf/install/robot_grasping/lib/python3.10/site-packages/openpoints/models/backbone/grouppointnet.py to grouppointnet.cpython-310.pyc
byte-compiling /home/jetson/vmf/install/robot_grasping/lib/python3.10/site-packages/openpoints/models/backbone/simpleview_util.py to simpleview_util.cpython-310.pyc
byte-compiling /home/jetson/vmf/install/robot_grasping/lib/python3.10/site-packages/openpoints/models/backbone/pointvit.py to pointvit.cpython-310.pyc
byte-compiling /home/jetson/vmf/install/robot_grasping/lib/python3.10/site-packages/openpoints/models/backbone/dgcnn.py to dgcnn.cpython-310.pyc
byte-compiling /home/jetson/vmf/install/robot_grasping/lib/python3.10/site-packages/openpoints/models/backbone/ball_dgcnn.py to ball_dgcnn.cpython-310.pyc
byte-compiling /home/jetson/vmf/install/robot_grasping/lib/python3.10/site-packages/openpoints/models/backbone/pointnextPyG.py to pointnextPyG.cpython-310.pyc
byte-compiling /home/jetson/vmf/install/robot_grasping/lib/python3.10/site-packages/openpoints/models/backbone/pointvit_inv_old.py to pointvit_inv_old.cpython-310.pyc
byte-compiling /home/jetson/vmf/install/robot_grasping/lib/python3.10/site-packages/openpoints/models/backbone/pointvector.py to pointvector.cpython-310.pyc
byte-compiling /home/jetson/vmf/install/robot_grasping/lib/python3.10/site-packages/openpoints/models/backbone/pointmlp.py to pointmlp.cpython-310.pyc
byte-compiling /home/jetson/vmf/install/robot_grasping/lib/python3.10/site-packages/openpoints/models/backbone/pointnet.py to pointnet.cpython-310.pyc
byte-compiling /home/jetson/vmf/install/robot_grasping/lib/python3.10/site-packages/openpoints/models/backbone/pct.py to pct.cpython-310.pyc
byte-compiling /home/jetson/vmf/install/robot_grasping/lib/python3.10/site-packages/openpoints/models/backbone/debug_invvit.py to debug_invvit.cpython-310.pyc
byte-compiling /home/jetson/vmf/install/robot_grasping/lib/python3.10/site-packages/openpoints/models/backbone/pointnext.py to pointnext.cpython-310.pyc
byte-compiling /home/jetson/vmf/install/robot_grasping/lib/python3.10/site-packages/openpoints/models/backbone/curvenet.py to curvenet.cpython-310.pyc
byte-compiling /home/jetson/vmf/install/robot_grasping/lib/python3.10/site-packages/openpoints/models/backbone/pointtransformer.py to pointtransformer.cpython-310.pyc
byte-compiling /home/jetson/vmf/install/robot_grasping/lib/python3.10/site-packages/openpoints/models/backbone/resnet.py to resnet.cpython-310.pyc
byte-compiling /home/jetson/vmf/install/robot_grasping/lib/python3.10/site-packages/openpoints/models/backbone/pointnetv2.py to pointnetv2.cpython-310.pyc
byte-compiling /home/jetson/vmf/install/robot_grasping/lib/python3.10/site-packages/openpoints/models/backbone/__init__.py to __init__.cpython-310.pyc
byte-compiling /home/jetson/vmf/install/robot_grasping/lib/python3.10/site-packages/openpoints/models/backbone/pointvit_inv.py to pointvit_inv.cpython-310.pyc
byte-compiling /home/jetson/vmf/install/robot_grasping/lib/python3.10/site-packages/openpoints/models/segmentation/base_seg.py to base_seg.cpython-310.pyc
byte-compiling /home/jetson/vmf/install/robot_grasping/lib/python3.10/site-packages/openpoints/models/segmentation/vit_seg.py to vit_seg.cpython-310.pyc
byte-compiling /home/jetson/vmf/install/robot_grasping/lib/python3.10/site-packages/openpoints/models/segmentation/__init__.py to __init__.cpython-310.pyc
byte-compiling /home/jetson/vmf/install/robot_grasping/lib/python3.10/site-packages/openpoints/models/__init__.py to __init__.cpython-310.pyc
byte-compiling /home/jetson/vmf/install/robot_grasping/lib/python3.10/site-packages/openpoints/scheduler/multistep_lr.py to multistep_lr.cpython-310.pyc
byte-compiling /home/jetson/vmf/install/robot_grasping/lib/python3.10/site-packages/openpoints/scheduler/step_lr.py to step_lr.cpython-310.pyc
byte-compiling /home/jetson/vmf/install/robot_grasping/lib/python3.10/site-packages/openpoints/scheduler/poly_lr.py to poly_lr.cpython-310.pyc
byte-compiling /home/jetson/vmf/install/robot_grasping/lib/python3.10/site-packages/openpoints/scheduler/plateau_lr.py to plateau_lr.cpython-310.pyc
byte-compiling /home/jetson/vmf/install/robot_grasping/lib/python3.10/site-packages/openpoints/scheduler/scheduler_factory.py to scheduler_factory.cpython-310.pyc
byte-compiling /home/jetson/vmf/install/robot_grasping/lib/python3.10/site-packages/openpoints/scheduler/cosine_lr.py to cosine_lr.cpython-310.pyc
byte-compiling /home/jetson/vmf/install/robot_grasping/lib/python3.10/site-packages/openpoints/scheduler/scheduler.py to scheduler.cpython-310.pyc
byte-compiling /home/jetson/vmf/install/robot_grasping/lib/python3.10/site-packages/openpoints/scheduler/tanh_lr.py to tanh_lr.cpython-310.pyc
byte-compiling /home/jetson/vmf/install/robot_grasping/lib/python3.10/site-packages/openpoints/scheduler/__init__.py to __init__.cpython-310.pyc
byte-compiling /home/jetson/vmf/install/robot_grasping/lib/python3.10/site-packages/openpoints/loss/cross_entropy.py to cross_entropy.cpython-310.pyc
byte-compiling /home/jetson/vmf/install/robot_grasping/lib/python3.10/site-packages/openpoints/loss/build.py to build.cpython-310.pyc
byte-compiling /home/jetson/vmf/install/robot_grasping/lib/python3.10/site-packages/openpoints/loss/distill_loss.py to distill_loss.cpython-310.pyc
byte-compiling /home/jetson/vmf/install/robot_grasping/lib/python3.10/site-packages/openpoints/loss/__init__.py to __init__.cpython-310.pyc
byte-compiling /home/jetson/vmf/install/robot_grasping/lib/python3.10/site-packages/openpoints/dataset/pcqm4m/data.py to data.cpython-310.pyc
byte-compiling /home/jetson/vmf/install/robot_grasping/lib/python3.10/site-packages/openpoints/dataset/pcqm4m/__init__.py to __init__.cpython-310.pyc
byte-compiling /home/jetson/vmf/install/robot_grasping/lib/python3.10/site-packages/openpoints/dataset/graph_dataset/svd_encodings_dataset.py to svd_encodings_dataset.cpython-310.pyc
byte-compiling /home/jetson/vmf/install/robot_grasping/lib/python3.10/site-packages/openpoints/dataset/graph_dataset/structural_dataset.py to structural_dataset.cpython-310.pyc
byte-compiling /home/jetson/vmf/install/robot_grasping/lib/python3.10/site-packages/openpoints/dataset/graph_dataset/stack_with_pad.py to stack_with_pad.cpython-310.pyc
byte-compiling /home/jetson/vmf/install/robot_grasping/lib/python3.10/site-packages/openpoints/dataset/graph_dataset/graph_dataset.py to graph_dataset.cpython-310.pyc
byte-compiling /home/jetson/vmf/install/robot_grasping/lib/python3.10/site-packages/openpoints/dataset/graph_dataset/__init__.py to __init__.cpython-310.pyc
byte-compiling /home/jetson/vmf/install/robot_grasping/lib/python3.10/site-packages/openpoints/dataset/pcqm4mv2/data.py to data.cpython-310.pyc
byte-compiling /home/jetson/vmf/install/robot_grasping/lib/python3.10/site-packages/openpoints/dataset/pcqm4mv2/__init__.py to __init__.cpython-310.pyc
byte-compiling /home/jetson/vmf/install/robot_grasping/lib/python3.10/site-packages/openpoints/dataset/dataset_base.py to dataset_base.cpython-310.pyc
byte-compiling /home/jetson/vmf/install/robot_grasping/lib/python3.10/site-packages/openpoints/dataset/atom3d/psr.py to psr.cpython-310.pyc
byte-compiling /home/jetson/vmf/install/robot_grasping/lib/python3.10/site-packages/openpoints/dataset/atom3d/__init__.py to __init__.cpython-310.pyc
byte-compiling /home/jetson/vmf/install/robot_grasping/lib/python3.10/site-packages/openpoints/dataset/build.py to build.cpython-310.pyc
byte-compiling /home/jetson/vmf/install/robot_grasping/lib/python3.10/site-packages/openpoints/dataset/data_util.py to data_util.cpython-310.pyc
byte-compiling /home/jetson/vmf/install/robot_grasping/lib/python3.10/site-packages/openpoints/dataset/s3dis/s3dis.py to s3dis.cpython-310.pyc
byte-compiling /home/jetson/vmf/install/robot_grasping/lib/python3.10/site-packages/openpoints/dataset/s3dis/s3dis_sphere.py to s3dis_sphere.cpython-310.pyc
byte-compiling /home/jetson/vmf/install/robot_grasping/lib/python3.10/site-packages/openpoints/dataset/s3dis/s3dis_block.py to s3dis_block.cpython-310.pyc
byte-compiling /home/jetson/vmf/install/robot_grasping/lib/python3.10/site-packages/openpoints/dataset/s3dis/__init__.py to __init__.cpython-310.pyc
byte-compiling /home/jetson/vmf/install/robot_grasping/lib/python3.10/site-packages/openpoints/dataset/shapenetpart/shapenetpart.py to shapenetpart.cpython-310.pyc
byte-compiling /home/jetson/vmf/install/robot_grasping/lib/python3.10/site-packages/openpoints/dataset/shapenetpart/shapenet55.py to shapenet55.cpython-310.pyc
byte-compiling /home/jetson/vmf/install/robot_grasping/lib/python3.10/site-packages/openpoints/dataset/shapenetpart/__init__.py to __init__.cpython-310.pyc
byte-compiling /home/jetson/vmf/install/robot_grasping/lib/python3.10/site-packages/openpoints/dataset/vis2d.py to vis2d.cpython-310.pyc
byte-compiling /home/jetson/vmf/install/robot_grasping/lib/python3.10/site-packages/openpoints/dataset/modelnet/modelnet40_normal_resampled_loader.py to modelnet40_normal_resampled_loader.cpython-310.pyc
byte-compiling /home/jetson/vmf/install/robot_grasping/lib/python3.10/site-packages/openpoints/dataset/modelnet/modelnet40_ply_2048_loader.py to modelnet40_ply_2048_loader.cpython-310.pyc
byte-compiling /home/jetson/vmf/install/robot_grasping/lib/python3.10/site-packages/openpoints/dataset/modelnet/__init__.py to __init__.cpython-310.pyc
byte-compiling /home/jetson/vmf/install/robot_grasping/lib/python3.10/site-packages/openpoints/dataset/shapenet/shapenetpart.py to shapenetpart.cpython-310.pyc
byte-compiling /home/jetson/vmf/install/robot_grasping/lib/python3.10/site-packages/openpoints/dataset/shapenet/shapenet55.py to shapenet55.cpython-310.pyc
byte-compiling /home/jetson/vmf/install/robot_grasping/lib/python3.10/site-packages/openpoints/dataset/shapenet/__init__.py to __init__.cpython-310.pyc
byte-compiling /home/jetson/vmf/install/robot_grasping/lib/python3.10/site-packages/openpoints/dataset/matterport3d/matterport3d_dataprocessing.py to matterport3d_dataprocessing.cpython-310.pyc
byte-compiling /home/jetson/vmf/install/robot_grasping/lib/python3.10/site-packages/openpoints/dataset/matterport3d/__init__.py to __init__.cpython-310.pyc
byte-compiling /home/jetson/vmf/install/robot_grasping/lib/python3.10/site-packages/openpoints/dataset/matterport3d/matterport3d.py to matterport3d.cpython-310.pyc
byte-compiling /home/jetson/vmf/install/robot_grasping/lib/python3.10/site-packages/openpoints/dataset/semantic_kitti/semantickitti.py to semantickitti.cpython-310.pyc
byte-compiling /home/jetson/vmf/install/robot_grasping/lib/python3.10/site-packages/openpoints/dataset/semantic_kitti/helper_tool.py to helper_tool.cpython-310.pyc
byte-compiling /home/jetson/vmf/install/robot_grasping/lib/python3.10/site-packages/openpoints/dataset/semantic_kitti/__init__.py to __init__.cpython-310.pyc
byte-compiling /home/jetson/vmf/install/robot_grasping/lib/python3.10/site-packages/openpoints/dataset/grid_sample.py to grid_sample.cpython-310.pyc
byte-compiling /home/jetson/vmf/install/robot_grasping/lib/python3.10/site-packages/openpoints/dataset/molpcba/data.py to data.cpython-310.pyc
byte-compiling /home/jetson/vmf/install/robot_grasping/lib/python3.10/site-packages/openpoints/dataset/molpcba/__init__.py to __init__.cpython-310.pyc
byte-compiling /home/jetson/vmf/install/robot_grasping/lib/python3.10/site-packages/openpoints/dataset/scanobjectnn/scanobjectnn.py to scanobjectnn.cpython-310.pyc
byte-compiling /home/jetson/vmf/install/robot_grasping/lib/python3.10/site-packages/openpoints/dataset/scanobjectnn/__init__.py to __init__.cpython-310.pyc
byte-compiling /home/jetson/vmf/install/robot_grasping/lib/python3.10/site-packages/openpoints/dataset/molhiv/data.py to data.cpython-310.pyc
byte-compiling /home/jetson/vmf/install/robot_grasping/lib/python3.10/site-packages/openpoints/dataset/molhiv/__init__.py to __init__.cpython-310.pyc
byte-compiling /home/jetson/vmf/install/robot_grasping/lib/python3.10/site-packages/openpoints/dataset/parsers/parser_factory.py to parser_factory.cpython-310.pyc
byte-compiling /home/jetson/vmf/install/robot_grasping/lib/python3.10/site-packages/openpoints/dataset/parsers/parser_image_tar.py to parser_image_tar.cpython-310.pyc
byte-compiling /home/jetson/vmf/install/robot_grasping/lib/python3.10/site-packages/openpoints/dataset/parsers/parser_tfds.py to parser_tfds.cpython-310.pyc
byte-compiling /home/jetson/vmf/install/robot_grasping/lib/python3.10/site-packages/openpoints/dataset/parsers/parser_image_folder.py to parser_image_folder.cpython-310.pyc
byte-compiling /home/jetson/vmf/install/robot_grasping/lib/python3.10/site-packages/openpoints/dataset/parsers/parser_image_in_tar.py to parser_image_in_tar.cpython-310.pyc
byte-compiling /home/jetson/vmf/install/robot_grasping/lib/python3.10/site-packages/openpoints/dataset/parsers/constants.py to constants.cpython-310.pyc
byte-compiling /home/jetson/vmf/install/robot_grasping/lib/python3.10/site-packages/openpoints/dataset/parsers/parser.py to parser.cpython-310.pyc
byte-compiling /home/jetson/vmf/install/robot_grasping/lib/python3.10/site-packages/openpoints/dataset/parsers/class_map.py to class_map.cpython-310.pyc
byte-compiling /home/jetson/vmf/install/robot_grasping/lib/python3.10/site-packages/openpoints/dataset/parsers/__init__.py to __init__.cpython-310.pyc
byte-compiling /home/jetson/vmf/install/robot_grasping/lib/python3.10/site-packages/openpoints/dataset/vis3d.py to vis3d.cpython-310.pyc
byte-compiling /home/jetson/vmf/install/robot_grasping/lib/python3.10/site-packages/openpoints/dataset/scannetv2/scannet.py to scannet.cpython-310.pyc
byte-compiling /home/jetson/vmf/install/robot_grasping/lib/python3.10/site-packages/openpoints/dataset/scannetv2/__init__.py to __init__.cpython-310.pyc
byte-compiling /home/jetson/vmf/install/robot_grasping/lib/python3.10/site-packages/openpoints/dataset/datalist.py to datalist.cpython-310.pyc
byte-compiling /home/jetson/vmf/install/robot_grasping/lib/python3.10/site-packages/openpoints/dataset/__init__.py to __init__.cpython-310.pyc
byte-compiling /home/jetson/vmf/install/robot_grasping/lib/python3.10/site-packages/openpoints/__init__.py to __init__.cpython-310.pyc
byte-compiling /home/jetson/vmf/install/robot_grasping/lib/python3.10/site-packages/openpoints/optim/radam.py to radam.cpython-310.pyc
byte-compiling /home/jetson/vmf/install/robot_grasping/lib/python3.10/site-packages/openpoints/optim/adafactor.py to adafactor.cpython-310.pyc
byte-compiling /home/jetson/vmf/install/robot_grasping/lib/python3.10/site-packages/openpoints/optim/adamw.py to adamw.cpython-310.pyc
byte-compiling /home/jetson/vmf/install/robot_grasping/lib/python3.10/site-packages/openpoints/optim/sgdp.py to sgdp.cpython-310.pyc
byte-compiling /home/jetson/vmf/install/robot_grasping/lib/python3.10/site-packages/openpoints/optim/rmsprop_tf.py to rmsprop_tf.cpython-310.pyc
byte-compiling /home/jetson/vmf/install/robot_grasping/lib/python3.10/site-packages/openpoints/optim/optim_factory.py to optim_factory.cpython-310.pyc
byte-compiling /home/jetson/vmf/install/robot_grasping/lib/python3.10/site-packages/openpoints/optim/lars.py to lars.cpython-310.pyc
byte-compiling /home/jetson/vmf/install/robot_grasping/lib/python3.10/site-packages/openpoints/optim/adahessian.py to adahessian.cpython-310.pyc
byte-compiling /home/jetson/vmf/install/robot_grasping/lib/python3.10/site-packages/openpoints/optim/lookahead.py to lookahead.cpython-310.pyc
byte-compiling /home/jetson/vmf/install/robot_grasping/lib/python3.10/site-packages/openpoints/optim/nadam.py to nadam.cpython-310.pyc
byte-compiling /home/jetson/vmf/install/robot_grasping/lib/python3.10/site-packages/openpoints/optim/adamp.py to adamp.cpython-310.pyc
byte-compiling /home/jetson/vmf/install/robot_grasping/lib/python3.10/site-packages/openpoints/optim/adabelief.py to adabelief.cpython-310.pyc
byte-compiling /home/jetson/vmf/install/robot_grasping/lib/python3.10/site-packages/openpoints/optim/lamb.py to lamb.cpython-310.pyc
byte-compiling /home/jetson/vmf/install/robot_grasping/lib/python3.10/site-packages/openpoints/optim/__init__.py to __init__.cpython-310.pyc
byte-compiling /home/jetson/vmf/install/robot_grasping/lib/python3.10/site-packages/openpoints/optim/madgrad.py to madgrad.cpython-310.pyc
byte-compiling /home/jetson/vmf/install/robot_grasping/lib/python3.10/site-packages/openpoints/optim/nvnovograd.py to nvnovograd.cpython-310.pyc
running install_data
creating /home/jetson/vmf/install/robot_grasping/share/ament_index
creating /home/jetson/vmf/install/robot_grasping/share/ament_index/resource_index
creating /home/jetson/vmf/install/robot_grasping/share/ament_index/resource_index/packages
copying resource/robot_grasping -> /home/jetson/vmf/install/robot_grasping/share/ament_index/resource_index/packages
copying package.xml -> /home/jetson/vmf/install/robot_grasping/share/robot_grasping
running install_egg_info
Copying build/robot_grasping/robot_grasping.egg-info to /home/jetson/vmf/install/robot_grasping/lib/python3.10/site-packages/robot_grasping-0.0.0-py3.10.egg-info
running install_scripts
Installing data script to /home/jetson/vmf/install/robot_grasping/lib/robot_grasping
Installing frame_saver script to /home/jetson/vmf/install/robot_grasping/lib/robot_grasping
Installing giga script to /home/jetson/vmf/install/robot_grasping/lib/robot_grasping
Installing giga_active script to /home/jetson/vmf/install/robot_grasping/lib/robot_grasping
Installing visualization script to /home/jetson/vmf/install/robot_grasping/lib/robot_grasping
Installing vlm script to /home/jetson/vmf/install/robot_grasping/lib/robot_grasping
Installing vmf script to /home/jetson/vmf/install/robot_grasping/lib/robot_grasping
writing list of installed files to '/home/jetson/vmf/build/robot_grasping/install.log'
