[1.344s] Invoking command in '/home/jetson/vmf': PYTHONPATH=/home/jetson/vmf/build/robot_grasping/prefix_override:/usr/lib/python3/dist-packages/colcon_core/task/python/colcon_distutils_commands:/home/jetson/vmf/install/robot_grasping/lib/python3.10/site-packages:${PYTHONPATH} /usr/bin/python3 -W ignore:setup.py install is deprecated -W ignore:easy_install command is deprecated setup.py egg_info --egg-base build/robot_grasping build --build-base /home/jetson/vmf/build/robot_grasping/build install --record /home/jetson/vmf/build/robot_grasping/install.log --single-version-externally-managed install_data
[1.828s] running egg_info
[1.828s] creating build/robot_grasping/robot_grasping.egg-info
[1.829s] writing build/robot_grasping/robot_grasping.egg-info/PKG-INFO
[1.829s] writing dependency_links to build/robot_grasping/robot_grasping.egg-info/dependency_links.txt
[1.832s] writing entry points to build/robot_grasping/robot_grasping.egg-info/entry_points.txt
[1.832s] writing requirements to build/robot_grasping/robot_grasping.egg-info/requires.txt
[1.833s] writing top-level names to build/robot_grasping/robot_grasping.egg-info/top_level.txt
[1.833s] writing manifest file 'build/robot_grasping/robot_grasping.egg-info/SOURCES.txt'
[1.851s] reading manifest file 'build/robot_grasping/robot_grasping.egg-info/SOURCES.txt'
[1.856s] writing manifest file 'build/robot_grasping/robot_grasping.egg-info/SOURCES.txt'
[1.857s] running build
[1.858s] running build_py
[1.858s] creating /home/jetson/vmf/build/robot_grasping/build
[1.858s] creating /home/jetson/vmf/build/robot_grasping/build/lib
[1.859s] creating /home/jetson/vmf/build/robot_grasping/build/lib/active_grasp
[1.859s] copying active_grasp/baselines.py -> /home/jetson/vmf/build/robot_grasping/build/lib/active_grasp
[1.859s] copying active_grasp/timer.py -> /home/jetson/vmf/build/robot_grasping/build/lib/active_grasp
[1.860s] copying active_grasp/policy.py -> /home/jetson/vmf/build/robot_grasping/build/lib/active_grasp
[1.860s] copying active_grasp/networks.py -> /home/jetson/vmf/build/robot_grasping/build/lib/active_grasp
[1.860s] copying active_grasp/spatial.py -> /home/jetson/vmf/build/robot_grasping/build/lib/active_grasp
[1.860s] copying active_grasp/bbox.py -> /home/jetson/vmf/build/robot_grasping/build/lib/active_grasp
[1.861s] copying active_grasp/nbv.py -> /home/jetson/vmf/build/robot_grasping/build/lib/active_grasp
[1.861s] copying active_grasp/vlm_policy.py -> /home/jetson/vmf/build/robot_grasping/build/lib/active_grasp
[1.861s] copying active_grasp/perception.py -> /home/jetson/vmf/build/robot_grasping/build/lib/active_grasp
[1.862s] copying active_grasp/__init__.py -> /home/jetson/vmf/build/robot_grasping/build/lib/active_grasp
[1.862s] creating /home/jetson/vmf/build/robot_grasping/build/lib/vmf_contact_main
[1.862s] copying vmf_contact_main/train.py -> /home/jetson/vmf/build/robot_grasping/build/lib/vmf_contact_main
[1.862s] copying vmf_contact_main/test.py -> /home/jetson/vmf/build/robot_grasping/build/lib/vmf_contact_main
[1.863s] copying vmf_contact_main/remote_agent.py -> /home/jetson/vmf/build/robot_grasping/build/lib/vmf_contact_main
[1.863s] copying vmf_contact_main/__init__.py -> /home/jetson/vmf/build/robot_grasping/build/lib/vmf_contact_main
[1.863s] creating /home/jetson/vmf/build/robot_grasping/build/lib/ros2_nodes
[1.864s] copying ros2_nodes/camera_utils.py -> /home/jetson/vmf/build/robot_grasping/build/lib/ros2_nodes
[1.864s] copying ros2_nodes/utils_camera.py -> /home/jetson/vmf/build/robot_grasping/build/lib/ros2_nodes
[1.864s] copying ros2_nodes/inference_node_vlm.py -> /home/jetson/vmf/build/robot_grasping/build/lib/ros2_nodes
[1.864s] copying ros2_nodes/inference_node_data.py -> /home/jetson/vmf/build/robot_grasping/build/lib/ros2_nodes
[1.865s] copying ros2_nodes/test_frame_saver.py -> /home/jetson/vmf/build/robot_grasping/build/lib/ros2_nodes
[1.865s] copying ros2_nodes/inference_node_giga_active.py -> /home/jetson/vmf/build/robot_grasping/build/lib/ros2_nodes
[1.865s] copying ros2_nodes/inference_node_vmf.py -> /home/jetson/vmf/build/robot_grasping/build/lib/ros2_nodes
[1.866s] copying ros2_nodes/utils_node.py -> /home/jetson/vmf/build/robot_grasping/build/lib/ros2_nodes
[1.866s] copying ros2_nodes/test_visualization_node.py -> /home/jetson/vmf/build/robot_grasping/build/lib/ros2_nodes
[1.866s] copying ros2_nodes/inference_node_base.py -> /home/jetson/vmf/build/robot_grasping/build/lib/ros2_nodes
[1.866s] copying ros2_nodes/inference_node_giga.py -> /home/jetson/vmf/build/robot_grasping/build/lib/ros2_nodes
[1.867s] copying ros2_nodes/__init__.py -> /home/jetson/vmf/build/robot_grasping/build/lib/ros2_nodes
[1.867s] creating /home/jetson/vmf/build/robot_grasping/build/lib/openpoints
[1.867s] copying openpoints/__init__.py -> /home/jetson/vmf/build/robot_grasping/build/lib/openpoints
[1.868s] creating /home/jetson/vmf/build/robot_grasping/build/lib/vmf_contact_main/vmf_contact
[1.868s] copying vmf_contact_main/vmf_contact/__init__.py -> /home/jetson/vmf/build/robot_grasping/build/lib/vmf_contact_main/vmf_contact
[1.868s] creating /home/jetson/vmf/build/robot_grasping/build/lib/vmf_contact_main/openpoints
[1.869s] copying vmf_contact_main/openpoints/__init__.py -> /home/jetson/vmf/build/robot_grasping/build/lib/vmf_contact_main/openpoints
[1.869s] creating /home/jetson/vmf/build/robot_grasping/build/lib/vmf_contact_main/vmf_contact/datasets
[1.869s] copying vmf_contact_main/vmf_contact/datasets/pointcloud_process.py -> /home/jetson/vmf/build/robot_grasping/build/lib/vmf_contact_main/vmf_contact/datasets
[1.869s] copying vmf_contact_main/vmf_contact/datasets/dataset.py -> /home/jetson/vmf/build/robot_grasping/build/lib/vmf_contact_main/vmf_contact/datasets
[1.870s] copying vmf_contact_main/vmf_contact/datasets/mgn.py -> /home/jetson/vmf/build/robot_grasping/build/lib/vmf_contact_main/vmf_contact/datasets
[1.870s] copying vmf_contact_main/vmf_contact/datasets/__init__.py -> /home/jetson/vmf/build/robot_grasping/build/lib/vmf_contact_main/vmf_contact/datasets
[1.870s] creating /home/jetson/vmf/build/robot_grasping/build/lib/vmf_contact_main/vmf_contact/metrics
[1.870s] copying vmf_contact_main/vmf_contact/metrics/ausc_ause.py -> /home/jetson/vmf/build/robot_grasping/build/lib/vmf_contact_main/vmf_contact/metrics
[1.871s] copying vmf_contact_main/vmf_contact/metrics/aucpr.py -> /home/jetson/vmf/build/robot_grasping/build/lib/vmf_contact_main/vmf_contact/metrics
[1.871s] copying vmf_contact_main/vmf_contact/metrics/brier.py -> /home/jetson/vmf/build/robot_grasping/build/lib/vmf_contact_main/vmf_contact/metrics
[1.871s] copying vmf_contact_main/vmf_contact/metrics/__init__.py -> /home/jetson/vmf/build/robot_grasping/build/lib/vmf_contact_main/vmf_contact/metrics
[1.872s] creating /home/jetson/vmf/build/robot_grasping/build/lib/vmf_contact_main/vmf_contact/model
[1.872s] copying vmf_contact_main/vmf_contact/model/estimator.py -> /home/jetson/vmf/build/robot_grasping/build/lib/vmf_contact_main/vmf_contact/model
[1.872s] copying vmf_contact_main/vmf_contact/model/lightning_module_flow.py -> /home/jetson/vmf/build/robot_grasping/build/lib/vmf_contact_main/vmf_contact/model
[1.872s] copying vmf_contact_main/vmf_contact/model/lightning_module.py -> /home/jetson/vmf/build/robot_grasping/build/lib/vmf_contact_main/vmf_contact/model
[1.873s] copying vmf_contact_main/vmf_contact/model/grasp_buffer.py -> /home/jetson/vmf/build/robot_grasping/build/lib/vmf_contact_main/vmf_contact/model
[1.873s] copying vmf_contact_main/vmf_contact/model/utils.py -> /home/jetson/vmf/build/robot_grasping/build/lib/vmf_contact_main/vmf_contact/model
[1.873s] copying vmf_contact_main/vmf_contact/model/__init__.py -> /home/jetson/vmf/build/robot_grasping/build/lib/vmf_contact_main/vmf_contact/model
[1.874s] creating /home/jetson/vmf/build/robot_grasping/build/lib/vmf_contact_main/vmf_contact/nn
[1.874s] copying vmf_contact_main/vmf_contact/nn/position_encodings.py -> /home/jetson/vmf/build/robot_grasping/build/lib/vmf_contact_main/vmf_contact/nn
[1.874s] copying vmf_contact_main/vmf_contact/nn/util.py -> /home/jetson/vmf/build/robot_grasping/build/lib/vmf_contact_main/vmf_contact/nn
[1.874s] copying vmf_contact_main/vmf_contact/nn/attention.py -> /home/jetson/vmf/build/robot_grasping/build/lib/vmf_contact_main/vmf_contact/nn
[1.875s] copying vmf_contact_main/vmf_contact/nn/scaler.py -> /home/jetson/vmf/build/robot_grasping/build/lib/vmf_contact_main/vmf_contact/nn
[1.875s] copying vmf_contact_main/vmf_contact/nn/network.py -> /home/jetson/vmf/build/robot_grasping/build/lib/vmf_contact_main/vmf_contact/nn
[1.875s] copying vmf_contact_main/vmf_contact/nn/uncertainty_estimator.py -> /home/jetson/vmf/build/robot_grasping/build/lib/vmf_contact_main/vmf_contact/nn
[1.876s] copying vmf_contact_main/vmf_contact/nn/loss.py -> /home/jetson/vmf/build/robot_grasping/build/lib/vmf_contact_main/vmf_contact/nn
[1.876s] copying vmf_contact_main/vmf_contact/nn/pointr.py -> /home/jetson/vmf/build/robot_grasping/build/lib/vmf_contact_main/vmf_contact/nn
[1.876s] copying vmf_contact_main/vmf_contact/nn/multihead_custom_attention.py -> /home/jetson/vmf/build/robot_grasping/build/lib/vmf_contact_main/vmf_contact/nn
[1.876s] copying vmf_contact_main/vmf_contact/nn/__init__.py -> /home/jetson/vmf/build/robot_grasping/build/lib/vmf_contact_main/vmf_contact/nn
[1.877s] creating /home/jetson/vmf/build/robot_grasping/build/lib/vmf_contact_main/vmf_contact/datasets/_utils
[1.877s] copying vmf_contact_main/vmf_contact/datasets/_utils/transforms.py -> /home/jetson/vmf/build/robot_grasping/build/lib/vmf_contact_main/vmf_contact/datasets/_utils
[1.877s] copying vmf_contact_main/vmf_contact/datasets/_utils/_registry.py -> /home/jetson/vmf/build/robot_grasping/build/lib/vmf_contact_main/vmf_contact/datasets/_utils
[1.878s] copying vmf_contact_main/vmf_contact/datasets/_utils/split.py -> /home/jetson/vmf/build/robot_grasping/build/lib/vmf_contact_main/vmf_contact/datasets/_utils
[1.878s] copying vmf_contact_main/vmf_contact/datasets/_utils/_base.py -> /home/jetson/vmf/build/robot_grasping/build/lib/vmf_contact_main/vmf_contact/datasets/_utils
[1.878s] copying vmf_contact_main/vmf_contact/datasets/_utils/__init__.py -> /home/jetson/vmf/build/robot_grasping/build/lib/vmf_contact_main/vmf_contact/datasets/_utils
[1.878s] creating /home/jetson/vmf/build/robot_grasping/build/lib/vmf_contact_main/vmf_contact/nn/output
[1.879s] copying vmf_contact_main/vmf_contact/nn/output/normal.py -> /home/jetson/vmf/build/robot_grasping/build/lib/vmf_contact_main/vmf_contact/nn/output
[1.879s] copying vmf_contact_main/vmf_contact/nn/output/ps.py -> /home/jetson/vmf/build/robot_grasping/build/lib/vmf_contact_main/vmf_contact/nn/output
[1.879s] copying vmf_contact_main/vmf_contact/nn/output/normal_multi.py -> /home/jetson/vmf/build/robot_grasping/build/lib/vmf_contact_main/vmf_contact/nn/output
[1.880s] copying vmf_contact_main/vmf_contact/nn/output/_base.py -> /home/jetson/vmf/build/robot_grasping/build/lib/vmf_contact_main/vmf_contact/nn/output
[1.880s] copying vmf_contact_main/vmf_contact/nn/output/vmf.py -> /home/jetson/vmf/build/robot_grasping/build/lib/vmf_contact_main/vmf_contact/nn/output
[1.880s] copying vmf_contact_main/vmf_contact/nn/output/__init__.py -> /home/jetson/vmf/build/robot_grasping/build/lib/vmf_contact_main/vmf_contact/nn/output
[1.880s] creating /home/jetson/vmf/build/robot_grasping/build/lib/vmf_contact_main/openpoints/cpp
[1.881s] copying vmf_contact_main/openpoints/cpp/__init__.py -> /home/jetson/vmf/build/robot_grasping/build/lib/vmf_contact_main/openpoints/cpp
[1.881s] creating /home/jetson/vmf/build/robot_grasping/build/lib/vmf_contact_main/openpoints/transforms
[1.881s] copying vmf_contact_main/openpoints/transforms/transforms_factory.py -> /home/jetson/vmf/build/robot_grasping/build/lib/vmf_contact_main/openpoints/transforms
[1.882s] copying vmf_contact_main/openpoints/transforms/point_transform_cpu.py -> /home/jetson/vmf/build/robot_grasping/build/lib/vmf_contact_main/openpoints/transforms
[1.882s] copying vmf_contact_main/openpoints/transforms/point_transformer_gpu.py -> /home/jetson/vmf/build/robot_grasping/build/lib/vmf_contact_main/openpoints/transforms
[1.882s] copying vmf_contact_main/openpoints/transforms/__init__.py -> /home/jetson/vmf/build/robot_grasping/build/lib/vmf_contact_main/openpoints/transforms
[1.882s] creating /home/jetson/vmf/build/robot_grasping/build/lib/vmf_contact_main/openpoints/utils
[1.883s] copying vmf_contact_main/openpoints/utils/wandb.py -> /home/jetson/vmf/build/robot_grasping/build/lib/vmf_contact_main/openpoints/utils
[1.883s] copying vmf_contact_main/openpoints/utils/dist_utils.py -> /home/jetson/vmf/build/robot_grasping/build/lib/vmf_contact_main/openpoints/utils
[1.883s] copying vmf_contact_main/openpoints/utils/registry.py -> /home/jetson/vmf/build/robot_grasping/build/lib/vmf_contact_main/openpoints/utils
[1.884s] copying vmf_contact_main/openpoints/utils/metrics.py -> /home/jetson/vmf/build/robot_grasping/build/lib/vmf_contact_main/openpoints/utils
[1.884s] copying vmf_contact_main/openpoints/utils/config.py -> /home/jetson/vmf/build/robot_grasping/build/lib/vmf_contact_main/openpoints/utils
[1.884s] copying vmf_contact_main/openpoints/utils/ckpt_util.py -> /home/jetson/vmf/build/robot_grasping/build/lib/vmf_contact_main/openpoints/utils
[1.885s] copying vmf_contact_main/openpoints/utils/random.py -> /home/jetson/vmf/build/robot_grasping/build/lib/vmf_contact_main/openpoints/utils
[1.885s] copying vmf_contact_main/openpoints/utils/str2bool.py -> /home/jetson/vmf/build/robot_grasping/build/lib/vmf_contact_main/openpoints/utils
[1.885s] copying vmf_contact_main/openpoints/utils/__init__.py -> /home/jetson/vmf/build/robot_grasping/build/lib/vmf_contact_main/openpoints/utils
[1.885s] copying vmf_contact_main/openpoints/utils/logger.py -> /home/jetson/vmf/build/robot_grasping/build/lib/vmf_contact_main/openpoints/utils
[1.886s] creating /home/jetson/vmf/build/robot_grasping/build/lib/vmf_contact_main/openpoints/models
[1.886s] copying vmf_contact_main/openpoints/models/build.py -> /home/jetson/vmf/build/robot_grasping/build/lib/vmf_contact_main/openpoints/models
[1.886s] copying vmf_contact_main/openpoints/models/registry.py -> /home/jetson/vmf/build/robot_grasping/build/lib/vmf_contact_main/openpoints/models
[1.887s] copying vmf_contact_main/openpoints/models/__init__.py -> /home/jetson/vmf/build/robot_grasping/build/lib/vmf_contact_main/openpoints/models
[1.887s] creating /home/jetson/vmf/build/robot_grasping/build/lib/vmf_contact_main/openpoints/scheduler
[1.887s] copying vmf_contact_main/openpoints/scheduler/multistep_lr.py -> /home/jetson/vmf/build/robot_grasping/build/lib/vmf_contact_main/openpoints/scheduler
[1.887s] copying vmf_contact_main/openpoints/scheduler/step_lr.py -> /home/jetson/vmf/build/robot_grasping/build/lib/vmf_contact_main/openpoints/scheduler
[1.888s] copying vmf_contact_main/openpoints/scheduler/poly_lr.py -> /home/jetson/vmf/build/robot_grasping/build/lib/vmf_contact_main/openpoints/scheduler
[1.888s] copying vmf_contact_main/openpoints/scheduler/plateau_lr.py -> /home/jetson/vmf/build/robot_grasping/build/lib/vmf_contact_main/openpoints/scheduler
[1.888s] copying vmf_contact_main/openpoints/scheduler/scheduler_factory.py -> /home/jetson/vmf/build/robot_grasping/build/lib/vmf_contact_main/openpoints/scheduler
[1.888s] copying vmf_contact_main/openpoints/scheduler/cosine_lr.py -> /home/jetson/vmf/build/robot_grasping/build/lib/vmf_contact_main/openpoints/scheduler
[1.889s] copying vmf_contact_main/openpoints/scheduler/scheduler.py -> /home/jetson/vmf/build/robot_grasping/build/lib/vmf_contact_main/openpoints/scheduler
[1.889s] copying vmf_contact_main/openpoints/scheduler/tanh_lr.py -> /home/jetson/vmf/build/robot_grasping/build/lib/vmf_contact_main/openpoints/scheduler
[1.889s] copying vmf_contact_main/openpoints/scheduler/__init__.py -> /home/jetson/vmf/build/robot_grasping/build/lib/vmf_contact_main/openpoints/scheduler
[1.890s] creating /home/jetson/vmf/build/robot_grasping/build/lib/vmf_contact_main/openpoints/loss
[1.890s] copying vmf_contact_main/openpoints/loss/cross_entropy.py -> /home/jetson/vmf/build/robot_grasping/build/lib/vmf_contact_main/openpoints/loss
[1.890s] copying vmf_contact_main/openpoints/loss/build.py -> /home/jetson/vmf/build/robot_grasping/build/lib/vmf_contact_main/openpoints/loss
[1.891s] copying vmf_contact_main/openpoints/loss/distill_loss.py -> /home/jetson/vmf/build/robot_grasping/build/lib/vmf_contact_main/openpoints/loss
[1.891s] copying vmf_contact_main/openpoints/loss/__init__.py -> /home/jetson/vmf/build/robot_grasping/build/lib/vmf_contact_main/openpoints/loss
[1.891s] creating /home/jetson/vmf/build/robot_grasping/build/lib/vmf_contact_main/openpoints/dataset
[1.891s] copying vmf_contact_main/openpoints/dataset/dataset_base.py -> /home/jetson/vmf/build/robot_grasping/build/lib/vmf_contact_main/openpoints/dataset
[1.892s] copying vmf_contact_main/openpoints/dataset/build.py -> /home/jetson/vmf/build/robot_grasping/build/lib/vmf_contact_main/openpoints/dataset
[1.892s] copying vmf_contact_main/openpoints/dataset/data_util.py -> /home/jetson/vmf/build/robot_grasping/build/lib/vmf_contact_main/openpoints/dataset
[1.892s] copying vmf_contact_main/openpoints/dataset/vis2d.py -> /home/jetson/vmf/build/robot_grasping/build/lib/vmf_contact_main/openpoints/dataset
[1.893s] copying vmf_contact_main/openpoints/dataset/grid_sample.py -> /home/jetson/vmf/build/robot_grasping/build/lib/vmf_contact_main/openpoints/dataset
[1.893s] copying vmf_contact_main/openpoints/dataset/vis3d.py -> /home/jetson/vmf/build/robot_grasping/build/lib/vmf_contact_main/openpoints/dataset
[1.893s] copying vmf_contact_main/openpoints/dataset/datalist.py -> /home/jetson/vmf/build/robot_grasping/build/lib/vmf_contact_main/openpoints/dataset
[1.894s] copying vmf_contact_main/openpoints/dataset/__init__.py -> /home/jetson/vmf/build/robot_grasping/build/lib/vmf_contact_main/openpoints/dataset
[1.894s] creating /home/jetson/vmf/build/robot_grasping/build/lib/vmf_contact_main/openpoints/optim
[1.894s] copying vmf_contact_main/openpoints/optim/radam.py -> /home/jetson/vmf/build/robot_grasping/build/lib/vmf_contact_main/openpoints/optim
[1.894s] copying vmf_contact_main/openpoints/optim/adafactor.py -> /home/jetson/vmf/build/robot_grasping/build/lib/vmf_contact_main/openpoints/optim
[1.895s] copying vmf_contact_main/openpoints/optim/adamw.py -> /home/jetson/vmf/build/robot_grasping/build/lib/vmf_contact_main/openpoints/optim
[1.895s] copying vmf_contact_main/openpoints/optim/sgdp.py -> /home/jetson/vmf/build/robot_grasping/build/lib/vmf_contact_main/openpoints/optim
[1.895s] copying vmf_contact_main/openpoints/optim/rmsprop_tf.py -> /home/jetson/vmf/build/robot_grasping/build/lib/vmf_contact_main/openpoints/optim
[1.896s] copying vmf_contact_main/openpoints/optim/optim_factory.py -> /home/jetson/vmf/build/robot_grasping/build/lib/vmf_contact_main/openpoints/optim
[1.896s] copying vmf_contact_main/openpoints/optim/lars.py -> /home/jetson/vmf/build/robot_grasping/build/lib/vmf_contact_main/openpoints/optim
[1.896s] copying vmf_contact_main/openpoints/optim/adahessian.py -> /home/jetson/vmf/build/robot_grasping/build/lib/vmf_contact_main/openpoints/optim
[1.896s] copying vmf_contact_main/openpoints/optim/lookahead.py -> /home/jetson/vmf/build/robot_grasping/build/lib/vmf_contact_main/openpoints/optim
[1.897s] copying vmf_contact_main/openpoints/optim/nadam.py -> /home/jetson/vmf/build/robot_grasping/build/lib/vmf_contact_main/openpoints/optim
[1.897s] copying vmf_contact_main/openpoints/optim/adamp.py -> /home/jetson/vmf/build/robot_grasping/build/lib/vmf_contact_main/openpoints/optim
[1.897s] copying vmf_contact_main/openpoints/optim/adabelief.py -> /home/jetson/vmf/build/robot_grasping/build/lib/vmf_contact_main/openpoints/optim
[1.898s] copying vmf_contact_main/openpoints/optim/lamb.py -> /home/jetson/vmf/build/robot_grasping/build/lib/vmf_contact_main/openpoints/optim
[1.898s] copying vmf_contact_main/openpoints/optim/__init__.py -> /home/jetson/vmf/build/robot_grasping/build/lib/vmf_contact_main/openpoints/optim
[1.898s] copying vmf_contact_main/openpoints/optim/madgrad.py -> /home/jetson/vmf/build/robot_grasping/build/lib/vmf_contact_main/openpoints/optim
[1.898s] copying vmf_contact_main/openpoints/optim/nvnovograd.py -> /home/jetson/vmf/build/robot_grasping/build/lib/vmf_contact_main/openpoints/optim
[1.899s] creating /home/jetson/vmf/build/robot_grasping/build/lib/vmf_contact_main/openpoints/cpp/emd
[1.899s] copying vmf_contact_main/openpoints/cpp/emd/setup.py -> /home/jetson/vmf/build/robot_grasping/build/lib/vmf_contact_main/openpoints/cpp/emd
[1.899s] copying vmf_contact_main/openpoints/cpp/emd/test_emd_loss.py -> /home/jetson/vmf/build/robot_grasping/build/lib/vmf_contact_main/openpoints/cpp/emd
[1.900s] copying vmf_contact_main/openpoints/cpp/emd/emd.py -> /home/jetson/vmf/build/robot_grasping/build/lib/vmf_contact_main/openpoints/cpp/emd
[1.900s] copying vmf_contact_main/openpoints/cpp/emd/__init__.py -> /home/jetson/vmf/build/robot_grasping/build/lib/vmf_contact_main/openpoints/cpp/emd
[1.900s] creating /home/jetson/vmf/build/robot_grasping/build/lib/vmf_contact_main/openpoints/cpp/chamfer_dist
[1.901s] copying vmf_contact_main/openpoints/cpp/chamfer_dist/setup.py -> /home/jetson/vmf/build/robot_grasping/build/lib/vmf_contact_main/openpoints/cpp/chamfer_dist
[1.901s] copying vmf_contact_main/openpoints/cpp/chamfer_dist/test.py -> /home/jetson/vmf/build/robot_grasping/build/lib/vmf_contact_main/openpoints/cpp/chamfer_dist
[1.901s] copying vmf_contact_main/openpoints/cpp/chamfer_dist/__init__.py -> /home/jetson/vmf/build/robot_grasping/build/lib/vmf_contact_main/openpoints/cpp/chamfer_dist
[1.901s] creating /home/jetson/vmf/build/robot_grasping/build/lib/vmf_contact_main/openpoints/cpp/pointops
[1.902s] copying vmf_contact_main/openpoints/cpp/pointops/setup.py -> /home/jetson/vmf/build/robot_grasping/build/lib/vmf_contact_main/openpoints/cpp/pointops
[1.902s] copying vmf_contact_main/openpoints/cpp/pointops/__init__.py -> /home/jetson/vmf/build/robot_grasping/build/lib/vmf_contact_main/openpoints/cpp/pointops
[1.902s] creating /home/jetson/vmf/build/robot_grasping/build/lib/vmf_contact_main/openpoints/cpp/pointnet2_batch
[1.903s] copying vmf_contact_main/openpoints/cpp/pointnet2_batch/setup.py -> /home/jetson/vmf/build/robot_grasping/build/lib/vmf_contact_main/openpoints/cpp/pointnet2_batch
[1.903s] copying vmf_contact_main/openpoints/cpp/pointnet2_batch/__init__.py -> /home/jetson/vmf/build/robot_grasping/build/lib/vmf_contact_main/openpoints/cpp/pointnet2_batch
[1.903s] creating /home/jetson/vmf/build/robot_grasping/build/lib/vmf_contact_main/openpoints/cpp/pointops/functions
[1.903s] copying vmf_contact_main/openpoints/cpp/pointops/functions/pointops.py -> /home/jetson/vmf/build/robot_grasping/build/lib/vmf_contact_main/openpoints/cpp/pointops/functions
[1.904s] copying vmf_contact_main/openpoints/cpp/pointops/functions/__init__.py -> /home/jetson/vmf/build/robot_grasping/build/lib/vmf_contact_main/openpoints/cpp/pointops/functions
[1.904s] creating /home/jetson/vmf/build/robot_grasping/build/lib/vmf_contact_main/openpoints/cpp/pointops/src
[1.904s] copying vmf_contact_main/openpoints/cpp/pointops/src/__init__.py -> /home/jetson/vmf/build/robot_grasping/build/lib/vmf_contact_main/openpoints/cpp/pointops/src
[1.905s] creating /home/jetson/vmf/build/robot_grasping/build/lib/vmf_contact_main/openpoints/models/reconstruction
[1.905s] copying vmf_contact_main/openpoints/models/reconstruction/maskedpoint.py -> /home/jetson/vmf/build/robot_grasping/build/lib/vmf_contact_main/openpoints/models/reconstruction
[1.905s] copying vmf_contact_main/openpoints/models/reconstruction/base_recontruct.py -> /home/jetson/vmf/build/robot_grasping/build/lib/vmf_contact_main/openpoints/models/reconstruction
[1.905s] copying vmf_contact_main/openpoints/models/reconstruction/nodeshuffle.py -> /home/jetson/vmf/build/robot_grasping/build/lib/vmf_contact_main/openpoints/models/reconstruction
[1.906s] copying vmf_contact_main/openpoints/models/reconstruction/maskedpointvit.py -> /home/jetson/vmf/build/robot_grasping/build/lib/vmf_contact_main/openpoints/models/reconstruction
[1.908s] copying vmf_contact_main/openpoints/models/reconstruction/maskedpointgroup.py -> /home/jetson/vmf/build/robot_grasping/build/lib/vmf_contact_main/openpoints/models/reconstruction
[1.908s] copying vmf_contact_main/openpoints/models/reconstruction/__init__.py -> /home/jetson/vmf/build/robot_grasping/build/lib/vmf_contact_main/openpoints/models/reconstruction
[1.909s] creating /home/jetson/vmf/build/robot_grasping/build/lib/vmf_contact_main/openpoints/models/grasp
[1.909s] copying vmf_contact_main/openpoints/models/grasp/vit_grasp.py -> /home/jetson/vmf/build/robot_grasping/build/lib/vmf_contact_main/openpoints/models/grasp
[1.910s] copying vmf_contact_main/openpoints/models/grasp/base_grasp.py -> /home/jetson/vmf/build/robot_grasping/build/lib/vmf_contact_main/openpoints/models/grasp
[1.910s] copying vmf_contact_main/openpoints/models/grasp/__init__.py -> /home/jetson/vmf/build/robot_grasping/build/lib/vmf_contact_main/openpoints/models/grasp
[1.910s] creating /home/jetson/vmf/build/robot_grasping/build/lib/vmf_contact_main/openpoints/models/classification
[1.911s] copying vmf_contact_main/openpoints/models/classification/cls_base.py -> /home/jetson/vmf/build/robot_grasping/build/lib/vmf_contact_main/openpoints/models/classification
[1.911s] copying vmf_contact_main/openpoints/models/classification/point_bert.py -> /home/jetson/vmf/build/robot_grasping/build/lib/vmf_contact_main/openpoints/models/classification
[1.911s] copying vmf_contact_main/openpoints/models/classification/__init__.py -> /home/jetson/vmf/build/robot_grasping/build/lib/vmf_contact_main/openpoints/models/classification
[1.912s] creating /home/jetson/vmf/build/robot_grasping/build/lib/vmf_contact_main/openpoints/models/layers
[1.912s] copying vmf_contact_main/openpoints/models/layers/graph_conv.py -> /home/jetson/vmf/build/robot_grasping/build/lib/vmf_contact_main/openpoints/models/layers
[1.912s] copying vmf_contact_main/openpoints/models/layers/attention.py -> /home/jetson/vmf/build/robot_grasping/build/lib/vmf_contact_main/openpoints/models/layers
[1.912s] copying vmf_contact_main/openpoints/models/layers/weight_init.py -> /home/jetson/vmf/build/robot_grasping/build/lib/vmf_contact_main/openpoints/models/layers
[1.913s] copying vmf_contact_main/openpoints/models/layers/patch_embed.py -> /home/jetson/vmf/build/robot_grasping/build/lib/vmf_contact_main/openpoints/models/layers
[1.913s] copying vmf_contact_main/openpoints/models/layers/local_aggregation.py -> /home/jetson/vmf/build/robot_grasping/build/lib/vmf_contact_main/openpoints/models/layers
[1.914s] copying vmf_contact_main/openpoints/models/layers/knn.py -> /home/jetson/vmf/build/robot_grasping/build/lib/vmf_contact_main/openpoints/models/layers
[1.914s] copying vmf_contact_main/openpoints/models/layers/activation.py -> /home/jetson/vmf/build/robot_grasping/build/lib/vmf_contact_main/openpoints/models/layers
[1.914s] copying vmf_contact_main/openpoints/models/layers/helpers.py -> /home/jetson/vmf/build/robot_grasping/build/lib/vmf_contact_main/openpoints/models/layers
[1.915s] copying vmf_contact_main/openpoints/models/layers/registry.py -> /home/jetson/vmf/build/robot_grasping/build/lib/vmf_contact_main/openpoints/models/layers
[1.915s] copying vmf_contact_main/openpoints/models/layers/group_embed.py -> /home/jetson/vmf/build/robot_grasping/build/lib/vmf_contact_main/openpoints/models/layers
[1.915s] copying vmf_contact_main/openpoints/models/layers/padding.py -> /home/jetson/vmf/build/robot_grasping/build/lib/vmf_contact_main/openpoints/models/layers
[1.915s] copying vmf_contact_main/openpoints/models/layers/group.py -> /home/jetson/vmf/build/robot_grasping/build/lib/vmf_contact_main/openpoints/models/layers
[1.916s] copying vmf_contact_main/openpoints/models/layers/norm.py -> /home/jetson/vmf/build/robot_grasping/build/lib/vmf_contact_main/openpoints/models/layers
[1.916s] copying vmf_contact_main/openpoints/models/layers/mlp.py -> /home/jetson/vmf/build/robot_grasping/build/lib/vmf_contact_main/openpoints/models/layers
[1.916s] copying vmf_contact_main/openpoints/models/layers/conv.py -> /home/jetson/vmf/build/robot_grasping/build/lib/vmf_contact_main/openpoints/models/layers
[1.917s] copying vmf_contact_main/openpoints/models/layers/subsample.py -> /home/jetson/vmf/build/robot_grasping/build/lib/vmf_contact_main/openpoints/models/layers
[1.917s] copying vmf_contact_main/openpoints/models/layers/kmeans.py -> /home/jetson/vmf/build/robot_grasping/build/lib/vmf_contact_main/openpoints/models/layers
[1.917s] copying vmf_contact_main/openpoints/models/layers/upsampling.py -> /home/jetson/vmf/build/robot_grasping/build/lib/vmf_contact_main/openpoints/models/layers
[1.918s] copying vmf_contact_main/openpoints/models/layers/__init__.py -> /home/jetson/vmf/build/robot_grasping/build/lib/vmf_contact_main/openpoints/models/layers
[1.918s] copying vmf_contact_main/openpoints/models/layers/drop.py -> /home/jetson/vmf/build/robot_grasping/build/lib/vmf_contact_main/openpoints/models/layers
[1.918s] creating /home/jetson/vmf/build/robot_grasping/build/lib/vmf_contact_main/openpoints/models/backbone
[1.918s] copying vmf_contact_main/openpoints/models/backbone/spotr.py -> /home/jetson/vmf/build/robot_grasping/build/lib/vmf_contact_main/openpoints/models/backbone
[1.919s] copying vmf_contact_main/openpoints/models/backbone/Stratified_transformer.py -> /home/jetson/vmf/build/robot_grasping/build/lib/vmf_contact_main/openpoints/models/backbone
[1.919s] copying vmf_contact_main/openpoints/models/backbone/graphvit3d.py -> /home/jetson/vmf/build/robot_grasping/build/lib/vmf_contact_main/openpoints/models/backbone
[1.919s] copying vmf_contact_main/openpoints/models/backbone/randlenet.py -> /home/jetson/vmf/build/robot_grasping/build/lib/vmf_contact_main/openpoints/models/backbone
[1.920s] copying vmf_contact_main/openpoints/models/backbone/simpleview.py -> /home/jetson/vmf/build/robot_grasping/build/lib/vmf_contact_main/openpoints/models/backbone
[1.920s] copying vmf_contact_main/openpoints/models/backbone/baafnet.py -> /home/jetson/vmf/build/robot_grasping/build/lib/vmf_contact_main/openpoints/models/backbone
[1.920s] copying vmf_contact_main/openpoints/models/backbone/deepgcn.py -> /home/jetson/vmf/build/robot_grasping/build/lib/vmf_contact_main/openpoints/models/backbone
[1.921s] copying vmf_contact_main/openpoints/models/backbone/grouppointnet.py -> /home/jetson/vmf/build/robot_grasping/build/lib/vmf_contact_main/openpoints/models/backbone
[1.921s] copying vmf_contact_main/openpoints/models/backbone/simpleview_util.py -> /home/jetson/vmf/build/robot_grasping/build/lib/vmf_contact_main/openpoints/models/backbone
[1.921s] copying vmf_contact_main/openpoints/models/backbone/pointvit.py -> /home/jetson/vmf/build/robot_grasping/build/lib/vmf_contact_main/openpoints/models/backbone
[1.922s] copying vmf_contact_main/openpoints/models/backbone/dgcnn.py -> /home/jetson/vmf/build/robot_grasping/build/lib/vmf_contact_main/openpoints/models/backbone
[1.922s] copying vmf_contact_main/openpoints/models/backbone/ball_dgcnn.py -> /home/jetson/vmf/build/robot_grasping/build/lib/vmf_contact_main/openpoints/models/backbone
[1.922s] copying vmf_contact_main/openpoints/models/backbone/pointnextPyG.py -> /home/jetson/vmf/build/robot_grasping/build/lib/vmf_contact_main/openpoints/models/backbone
[1.922s] copying vmf_contact_main/openpoints/models/backbone/pointvit_inv_old.py -> /home/jetson/vmf/build/robot_grasping/build/lib/vmf_contact_main/openpoints/models/backbone
[1.923s] copying vmf_contact_main/openpoints/models/backbone/pointvector.py -> /home/jetson/vmf/build/robot_grasping/build/lib/vmf_contact_main/openpoints/models/backbone
[1.923s] copying vmf_contact_main/openpoints/models/backbone/pointmlp.py -> /home/jetson/vmf/build/robot_grasping/build/lib/vmf_contact_main/openpoints/models/backbone
[1.923s] copying vmf_contact_main/openpoints/models/backbone/pointnet.py -> /home/jetson/vmf/build/robot_grasping/build/lib/vmf_contact_main/openpoints/models/backbone
[1.924s] copying vmf_contact_main/openpoints/models/backbone/pct.py -> /home/jetson/vmf/build/robot_grasping/build/lib/vmf_contact_main/openpoints/models/backbone
[1.924s] copying vmf_contact_main/openpoints/models/backbone/debug_invvit.py -> /home/jetson/vmf/build/robot_grasping/build/lib/vmf_contact_main/openpoints/models/backbone
[1.924s] copying vmf_contact_main/openpoints/models/backbone/pointnext.py -> /home/jetson/vmf/build/robot_grasping/build/lib/vmf_contact_main/openpoints/models/backbone
[1.924s] copying vmf_contact_main/openpoints/models/backbone/curvenet.py -> /home/jetson/vmf/build/robot_grasping/build/lib/vmf_contact_main/openpoints/models/backbone
[1.925s] copying vmf_contact_main/openpoints/models/backbone/pointtransformer.py -> /home/jetson/vmf/build/robot_grasping/build/lib/vmf_contact_main/openpoints/models/backbone
[1.925s] copying vmf_contact_main/openpoints/models/backbone/resnet.py -> /home/jetson/vmf/build/robot_grasping/build/lib/vmf_contact_main/openpoints/models/backbone
[1.925s] copying vmf_contact_main/openpoints/models/backbone/pointnetv2.py -> /home/jetson/vmf/build/robot_grasping/build/lib/vmf_contact_main/openpoints/models/backbone
[1.926s] copying vmf_contact_main/openpoints/models/backbone/__init__.py -> /home/jetson/vmf/build/robot_grasping/build/lib/vmf_contact_main/openpoints/models/backbone
[1.926s] copying vmf_contact_main/openpoints/models/backbone/pointvit_inv.py -> /home/jetson/vmf/build/robot_grasping/build/lib/vmf_contact_main/openpoints/models/backbone
[1.926s] creating /home/jetson/vmf/build/robot_grasping/build/lib/vmf_contact_main/openpoints/models/segmentation
[1.927s] copying vmf_contact_main/openpoints/models/segmentation/base_seg.py -> /home/jetson/vmf/build/robot_grasping/build/lib/vmf_contact_main/openpoints/models/segmentation
[1.927s] copying vmf_contact_main/openpoints/models/segmentation/vit_seg.py -> /home/jetson/vmf/build/robot_grasping/build/lib/vmf_contact_main/openpoints/models/segmentation
[1.927s] copying vmf_contact_main/openpoints/models/segmentation/__init__.py -> /home/jetson/vmf/build/robot_grasping/build/lib/vmf_contact_main/openpoints/models/segmentation
[1.927s] creating /home/jetson/vmf/build/robot_grasping/build/lib/vmf_contact_main/openpoints/dataset/pcqm4m
[1.928s] copying vmf_contact_main/openpoints/dataset/pcqm4m/data.py -> /home/jetson/vmf/build/robot_grasping/build/lib/vmf_contact_main/openpoints/dataset/pcqm4m
[1.928s] copying vmf_contact_main/openpoints/dataset/pcqm4m/__init__.py -> /home/jetson/vmf/build/robot_grasping/build/lib/vmf_contact_main/openpoints/dataset/pcqm4m
[1.928s] creating /home/jetson/vmf/build/robot_grasping/build/lib/vmf_contact_main/openpoints/dataset/graph_dataset
[1.929s] copying vmf_contact_main/openpoints/dataset/graph_dataset/svd_encodings_dataset.py -> /home/jetson/vmf/build/robot_grasping/build/lib/vmf_contact_main/openpoints/dataset/graph_dataset
[1.929s] copying vmf_contact_main/openpoints/dataset/graph_dataset/structural_dataset.py -> /home/jetson/vmf/build/robot_grasping/build/lib/vmf_contact_main/openpoints/dataset/graph_dataset
[1.929s] copying vmf_contact_main/openpoints/dataset/graph_dataset/stack_with_pad.py -> /home/jetson/vmf/build/robot_grasping/build/lib/vmf_contact_main/openpoints/dataset/graph_dataset
[1.929s] copying vmf_contact_main/openpoints/dataset/graph_dataset/graph_dataset.py -> /home/jetson/vmf/build/robot_grasping/build/lib/vmf_contact_main/openpoints/dataset/graph_dataset
[1.930s] copying vmf_contact_main/openpoints/dataset/graph_dataset/__init__.py -> /home/jetson/vmf/build/robot_grasping/build/lib/vmf_contact_main/openpoints/dataset/graph_dataset
[1.930s] creating /home/jetson/vmf/build/robot_grasping/build/lib/vmf_contact_main/openpoints/dataset/pcqm4mv2
[1.930s] copying vmf_contact_main/openpoints/dataset/pcqm4mv2/data.py -> /home/jetson/vmf/build/robot_grasping/build/lib/vmf_contact_main/openpoints/dataset/pcqm4mv2
[1.931s] copying vmf_contact_main/openpoints/dataset/pcqm4mv2/__init__.py -> /home/jetson/vmf/build/robot_grasping/build/lib/vmf_contact_main/openpoints/dataset/pcqm4mv2
[1.931s] creating /home/jetson/vmf/build/robot_grasping/build/lib/vmf_contact_main/openpoints/dataset/atom3d
[1.931s] copying vmf_contact_main/openpoints/dataset/atom3d/psr.py -> /home/jetson/vmf/build/robot_grasping/build/lib/vmf_contact_main/openpoints/dataset/atom3d
[1.931s] copying vmf_contact_main/openpoints/dataset/atom3d/__init__.py -> /home/jetson/vmf/build/robot_grasping/build/lib/vmf_contact_main/openpoints/dataset/atom3d
[1.932s] creating /home/jetson/vmf/build/robot_grasping/build/lib/vmf_contact_main/openpoints/dataset/s3dis
[1.932s] copying vmf_contact_main/openpoints/dataset/s3dis/s3dis.py -> /home/jetson/vmf/build/robot_grasping/build/lib/vmf_contact_main/openpoints/dataset/s3dis
[1.932s] copying vmf_contact_main/openpoints/dataset/s3dis/s3dis_sphere.py -> /home/jetson/vmf/build/robot_grasping/build/lib/vmf_contact_main/openpoints/dataset/s3dis
[1.933s] copying vmf_contact_main/openpoints/dataset/s3dis/s3dis_block.py -> /home/jetson/vmf/build/robot_grasping/build/lib/vmf_contact_main/openpoints/dataset/s3dis
[1.933s] copying vmf_contact_main/openpoints/dataset/s3dis/__init__.py -> /home/jetson/vmf/build/robot_grasping/build/lib/vmf_contact_main/openpoints/dataset/s3dis
[1.933s] creating /home/jetson/vmf/build/robot_grasping/build/lib/vmf_contact_main/openpoints/dataset/shapenetpart
[1.934s] copying vmf_contact_main/openpoints/dataset/shapenetpart/shapenetpart.py -> /home/jetson/vmf/build/robot_grasping/build/lib/vmf_contact_main/openpoints/dataset/shapenetpart
[1.934s] copying vmf_contact_main/openpoints/dataset/shapenetpart/shapenet55.py -> /home/jetson/vmf/build/robot_grasping/build/lib/vmf_contact_main/openpoints/dataset/shapenetpart
[1.934s] copying vmf_contact_main/openpoints/dataset/shapenetpart/__init__.py -> /home/jetson/vmf/build/robot_grasping/build/lib/vmf_contact_main/openpoints/dataset/shapenetpart
[1.934s] creating /home/jetson/vmf/build/robot_grasping/build/lib/vmf_contact_main/openpoints/dataset/modelnet
[1.935s] copying vmf_contact_main/openpoints/dataset/modelnet/modelnet40_normal_resampled_loader.py -> /home/jetson/vmf/build/robot_grasping/build/lib/vmf_contact_main/openpoints/dataset/modelnet
[1.935s] copying vmf_contact_main/openpoints/dataset/modelnet/modelnet40_ply_2048_loader.py -> /home/jetson/vmf/build/robot_grasping/build/lib/vmf_contact_main/openpoints/dataset/modelnet
[1.935s] copying vmf_contact_main/openpoints/dataset/modelnet/__init__.py -> /home/jetson/vmf/build/robot_grasping/build/lib/vmf_contact_main/openpoints/dataset/modelnet
[1.936s] creating /home/jetson/vmf/build/robot_grasping/build/lib/vmf_contact_main/openpoints/dataset/shapenet
[1.936s] copying vmf_contact_main/openpoints/dataset/shapenet/shapenetpart.py -> /home/jetson/vmf/build/robot_grasping/build/lib/vmf_contact_main/openpoints/dataset/shapenet
[1.936s] copying vmf_contact_main/openpoints/dataset/shapenet/shapenet55.py -> /home/jetson/vmf/build/robot_grasping/build/lib/vmf_contact_main/openpoints/dataset/shapenet
[1.936s] copying vmf_contact_main/openpoints/dataset/shapenet/__init__.py -> /home/jetson/vmf/build/robot_grasping/build/lib/vmf_contact_main/openpoints/dataset/shapenet
[1.937s] creating /home/jetson/vmf/build/robot_grasping/build/lib/vmf_contact_main/openpoints/dataset/matterport3d
[1.937s] copying vmf_contact_main/openpoints/dataset/matterport3d/matterport3d_dataprocessing.py -> /home/jetson/vmf/build/robot_grasping/build/lib/vmf_contact_main/openpoints/dataset/matterport3d
[1.937s] copying vmf_contact_main/openpoints/dataset/matterport3d/__init__.py -> /home/jetson/vmf/build/robot_grasping/build/lib/vmf_contact_main/openpoints/dataset/matterport3d
[1.938s] copying vmf_contact_main/openpoints/dataset/matterport3d/matterport3d.py -> /home/jetson/vmf/build/robot_grasping/build/lib/vmf_contact_main/openpoints/dataset/matterport3d
[1.938s] creating /home/jetson/vmf/build/robot_grasping/build/lib/vmf_contact_main/openpoints/dataset/semantic_kitti
[1.938s] copying vmf_contact_main/openpoints/dataset/semantic_kitti/semantickitti.py -> /home/jetson/vmf/build/robot_grasping/build/lib/vmf_contact_main/openpoints/dataset/semantic_kitti
[1.939s] copying vmf_contact_main/openpoints/dataset/semantic_kitti/helper_tool.py -> /home/jetson/vmf/build/robot_grasping/build/lib/vmf_contact_main/openpoints/dataset/semantic_kitti
[1.939s] copying vmf_contact_main/openpoints/dataset/semantic_kitti/__init__.py -> /home/jetson/vmf/build/robot_grasping/build/lib/vmf_contact_main/openpoints/dataset/semantic_kitti
[1.939s] creating /home/jetson/vmf/build/robot_grasping/build/lib/vmf_contact_main/openpoints/dataset/molpcba
[1.939s] copying vmf_contact_main/openpoints/dataset/molpcba/data.py -> /home/jetson/vmf/build/robot_grasping/build/lib/vmf_contact_main/openpoints/dataset/molpcba
[1.940s] copying vmf_contact_main/openpoints/dataset/molpcba/__init__.py -> /home/jetson/vmf/build/robot_grasping/build/lib/vmf_contact_main/openpoints/dataset/molpcba
[1.940s] creating /home/jetson/vmf/build/robot_grasping/build/lib/vmf_contact_main/openpoints/dataset/scanobjectnn
[1.940s] copying vmf_contact_main/openpoints/dataset/scanobjectnn/scanobjectnn.py -> /home/jetson/vmf/build/robot_grasping/build/lib/vmf_contact_main/openpoints/dataset/scanobjectnn
[1.940s] copying vmf_contact_main/openpoints/dataset/scanobjectnn/__init__.py -> /home/jetson/vmf/build/robot_grasping/build/lib/vmf_contact_main/openpoints/dataset/scanobjectnn
[1.941s] creating /home/jetson/vmf/build/robot_grasping/build/lib/vmf_contact_main/openpoints/dataset/molhiv
[1.941s] copying vmf_contact_main/openpoints/dataset/molhiv/data.py -> /home/jetson/vmf/build/robot_grasping/build/lib/vmf_contact_main/openpoints/dataset/molhiv
[1.941s] copying vmf_contact_main/openpoints/dataset/molhiv/__init__.py -> /home/jetson/vmf/build/robot_grasping/build/lib/vmf_contact_main/openpoints/dataset/molhiv
[1.942s] creating /home/jetson/vmf/build/robot_grasping/build/lib/vmf_contact_main/openpoints/dataset/parsers
[1.942s] copying vmf_contact_main/openpoints/dataset/parsers/parser_factory.py -> /home/jetson/vmf/build/robot_grasping/build/lib/vmf_contact_main/openpoints/dataset/parsers
[1.942s] copying vmf_contact_main/openpoints/dataset/parsers/parser_image_tar.py -> /home/jetson/vmf/build/robot_grasping/build/lib/vmf_contact_main/openpoints/dataset/parsers
[1.943s] copying vmf_contact_main/openpoints/dataset/parsers/parser_tfds.py -> /home/jetson/vmf/build/robot_grasping/build/lib/vmf_contact_main/openpoints/dataset/parsers
[1.943s] copying vmf_contact_main/openpoints/dataset/parsers/parser_image_folder.py -> /home/jetson/vmf/build/robot_grasping/build/lib/vmf_contact_main/openpoints/dataset/parsers
[1.943s] copying vmf_contact_main/openpoints/dataset/parsers/parser_image_in_tar.py -> /home/jetson/vmf/build/robot_grasping/build/lib/vmf_contact_main/openpoints/dataset/parsers
[1.943s] copying vmf_contact_main/openpoints/dataset/parsers/constants.py -> /home/jetson/vmf/build/robot_grasping/build/lib/vmf_contact_main/openpoints/dataset/parsers
[1.943s] copying vmf_contact_main/openpoints/dataset/parsers/parser.py -> /home/jetson/vmf/build/robot_grasping/build/lib/vmf_contact_main/openpoints/dataset/parsers
[1.943s] copying vmf_contact_main/openpoints/dataset/parsers/class_map.py -> /home/jetson/vmf/build/robot_grasping/build/lib/vmf_contact_main/openpoints/dataset/parsers
[1.943s] copying vmf_contact_main/openpoints/dataset/parsers/__init__.py -> /home/jetson/vmf/build/robot_grasping/build/lib/vmf_contact_main/openpoints/dataset/parsers
[1.943s] creating /home/jetson/vmf/build/robot_grasping/build/lib/vmf_contact_main/openpoints/dataset/scannetv2
[1.944s] copying vmf_contact_main/openpoints/dataset/scannetv2/scannet.py -> /home/jetson/vmf/build/robot_grasping/build/lib/vmf_contact_main/openpoints/dataset/scannetv2
[1.944s] copying vmf_contact_main/openpoints/dataset/scannetv2/__init__.py -> /home/jetson/vmf/build/robot_grasping/build/lib/vmf_contact_main/openpoints/dataset/scannetv2
[1.944s] creating /home/jetson/vmf/build/robot_grasping/build/lib/openpoints/cpp
[1.944s] copying openpoints/cpp/__init__.py -> /home/jetson/vmf/build/robot_grasping/build/lib/openpoints/cpp
[1.944s] creating /home/jetson/vmf/build/robot_grasping/build/lib/openpoints/transforms
[1.944s] copying openpoints/transforms/transforms_factory.py -> /home/jetson/vmf/build/robot_grasping/build/lib/openpoints/transforms
[1.944s] copying openpoints/transforms/point_transform_cpu.py -> /home/jetson/vmf/build/robot_grasping/build/lib/openpoints/transforms
[1.944s] copying openpoints/transforms/point_transformer_gpu.py -> /home/jetson/vmf/build/robot_grasping/build/lib/openpoints/transforms
[1.945s] copying openpoints/transforms/__init__.py -> /home/jetson/vmf/build/robot_grasping/build/lib/openpoints/transforms
[1.945s] creating /home/jetson/vmf/build/robot_grasping/build/lib/openpoints/utils
[1.945s] copying openpoints/utils/wandb.py -> /home/jetson/vmf/build/robot_grasping/build/lib/openpoints/utils
[1.945s] copying openpoints/utils/dist_utils.py -> /home/jetson/vmf/build/robot_grasping/build/lib/openpoints/utils
[1.945s] copying openpoints/utils/registry.py -> /home/jetson/vmf/build/robot_grasping/build/lib/openpoints/utils
[1.945s] copying openpoints/utils/metrics.py -> /home/jetson/vmf/build/robot_grasping/build/lib/openpoints/utils
[1.946s] copying openpoints/utils/config.py -> /home/jetson/vmf/build/robot_grasping/build/lib/openpoints/utils
[1.946s] copying openpoints/utils/ckpt_util.py -> /home/jetson/vmf/build/robot_grasping/build/lib/openpoints/utils
[1.946s] copying openpoints/utils/random.py -> /home/jetson/vmf/build/robot_grasping/build/lib/openpoints/utils
[1.946s] copying openpoints/utils/str2bool.py -> /home/jetson/vmf/build/robot_grasping/build/lib/openpoints/utils
[1.947s] copying openpoints/utils/__init__.py -> /home/jetson/vmf/build/robot_grasping/build/lib/openpoints/utils
[1.947s] copying openpoints/utils/logger.py -> /home/jetson/vmf/build/robot_grasping/build/lib/openpoints/utils
[1.947s] creating /home/jetson/vmf/build/robot_grasping/build/lib/openpoints/models
[1.947s] copying openpoints/models/build.py -> /home/jetson/vmf/build/robot_grasping/build/lib/openpoints/models
[1.948s] copying openpoints/models/registry.py -> /home/jetson/vmf/build/robot_grasping/build/lib/openpoints/models
[1.948s] copying openpoints/models/__init__.py -> /home/jetson/vmf/build/robot_grasping/build/lib/openpoints/models
[1.948s] creating /home/jetson/vmf/build/robot_grasping/build/lib/openpoints/scheduler
[1.948s] copying openpoints/scheduler/multistep_lr.py -> /home/jetson/vmf/build/robot_grasping/build/lib/openpoints/scheduler
[1.949s] copying openpoints/scheduler/step_lr.py -> /home/jetson/vmf/build/robot_grasping/build/lib/openpoints/scheduler
[1.949s] copying openpoints/scheduler/poly_lr.py -> /home/jetson/vmf/build/robot_grasping/build/lib/openpoints/scheduler
[1.949s] copying openpoints/scheduler/plateau_lr.py -> /home/jetson/vmf/build/robot_grasping/build/lib/openpoints/scheduler
[1.949s] copying openpoints/scheduler/scheduler_factory.py -> /home/jetson/vmf/build/robot_grasping/build/lib/openpoints/scheduler
[1.950s] copying openpoints/scheduler/cosine_lr.py -> /home/jetson/vmf/build/robot_grasping/build/lib/openpoints/scheduler
[1.950s] copying openpoints/scheduler/scheduler.py -> /home/jetson/vmf/build/robot_grasping/build/lib/openpoints/scheduler
[1.950s] copying openpoints/scheduler/tanh_lr.py -> /home/jetson/vmf/build/robot_grasping/build/lib/openpoints/scheduler
[1.950s] copying openpoints/scheduler/__init__.py -> /home/jetson/vmf/build/robot_grasping/build/lib/openpoints/scheduler
[1.951s] creating /home/jetson/vmf/build/robot_grasping/build/lib/openpoints/loss
[1.951s] copying openpoints/loss/cross_entropy.py -> /home/jetson/vmf/build/robot_grasping/build/lib/openpoints/loss
[1.951s] copying openpoints/loss/build.py -> /home/jetson/vmf/build/robot_grasping/build/lib/openpoints/loss
[1.951s] copying openpoints/loss/distill_loss.py -> /home/jetson/vmf/build/robot_grasping/build/lib/openpoints/loss
[1.952s] copying openpoints/loss/__init__.py -> /home/jetson/vmf/build/robot_grasping/build/lib/openpoints/loss
[1.952s] creating /home/jetson/vmf/build/robot_grasping/build/lib/openpoints/dataset
[1.952s] copying openpoints/dataset/dataset_base.py -> /home/jetson/vmf/build/robot_grasping/build/lib/openpoints/dataset
[1.952s] copying openpoints/dataset/build.py -> /home/jetson/vmf/build/robot_grasping/build/lib/openpoints/dataset
[1.953s] copying openpoints/dataset/data_util.py -> /home/jetson/vmf/build/robot_grasping/build/lib/openpoints/dataset
[1.953s] copying openpoints/dataset/vis2d.py -> /home/jetson/vmf/build/robot_grasping/build/lib/openpoints/dataset
[1.953s] copying openpoints/dataset/grid_sample.py -> /home/jetson/vmf/build/robot_grasping/build/lib/openpoints/dataset
[1.954s] copying openpoints/dataset/vis3d.py -> /home/jetson/vmf/build/robot_grasping/build/lib/openpoints/dataset
[1.954s] copying openpoints/dataset/datalist.py -> /home/jetson/vmf/build/robot_grasping/build/lib/openpoints/dataset
[1.954s] copying openpoints/dataset/__init__.py -> /home/jetson/vmf/build/robot_grasping/build/lib/openpoints/dataset
[1.954s] creating /home/jetson/vmf/build/robot_grasping/build/lib/openpoints/optim
[1.954s] copying openpoints/optim/radam.py -> /home/jetson/vmf/build/robot_grasping/build/lib/openpoints/optim
[1.955s] copying openpoints/optim/adafactor.py -> /home/jetson/vmf/build/robot_grasping/build/lib/openpoints/optim
[1.955s] copying openpoints/optim/adamw.py -> /home/jetson/vmf/build/robot_grasping/build/lib/openpoints/optim
[1.955s] copying openpoints/optim/sgdp.py -> /home/jetson/vmf/build/robot_grasping/build/lib/openpoints/optim
[1.955s] copying openpoints/optim/rmsprop_tf.py -> /home/jetson/vmf/build/robot_grasping/build/lib/openpoints/optim
[1.955s] copying openpoints/optim/optim_factory.py -> /home/jetson/vmf/build/robot_grasping/build/lib/openpoints/optim
[1.955s] copying openpoints/optim/lars.py -> /home/jetson/vmf/build/robot_grasping/build/lib/openpoints/optim
[1.956s] copying openpoints/optim/adahessian.py -> /home/jetson/vmf/build/robot_grasping/build/lib/openpoints/optim
[1.956s] copying openpoints/optim/lookahead.py -> /home/jetson/vmf/build/robot_grasping/build/lib/openpoints/optim
[1.956s] copying openpoints/optim/nadam.py -> /home/jetson/vmf/build/robot_grasping/build/lib/openpoints/optim
[1.956s] copying openpoints/optim/adamp.py -> /home/jetson/vmf/build/robot_grasping/build/lib/openpoints/optim
[1.956s] copying openpoints/optim/adabelief.py -> /home/jetson/vmf/build/robot_grasping/build/lib/openpoints/optim
[1.956s] copying openpoints/optim/lamb.py -> /home/jetson/vmf/build/robot_grasping/build/lib/openpoints/optim
[1.956s] copying openpoints/optim/__init__.py -> /home/jetson/vmf/build/robot_grasping/build/lib/openpoints/optim
[1.956s] copying openpoints/optim/madgrad.py -> /home/jetson/vmf/build/robot_grasping/build/lib/openpoints/optim
[1.956s] copying openpoints/optim/nvnovograd.py -> /home/jetson/vmf/build/robot_grasping/build/lib/openpoints/optim
[1.957s] creating /home/jetson/vmf/build/robot_grasping/build/lib/openpoints/cpp/emd
[1.957s] copying openpoints/cpp/emd/setup.py -> /home/jetson/vmf/build/robot_grasping/build/lib/openpoints/cpp/emd
[1.957s] copying openpoints/cpp/emd/test_emd_loss.py -> /home/jetson/vmf/build/robot_grasping/build/lib/openpoints/cpp/emd
[1.957s] copying openpoints/cpp/emd/emd.py -> /home/jetson/vmf/build/robot_grasping/build/lib/openpoints/cpp/emd
[1.957s] copying openpoints/cpp/emd/__init__.py -> /home/jetson/vmf/build/robot_grasping/build/lib/openpoints/cpp/emd
[1.957s] creating /home/jetson/vmf/build/robot_grasping/build/lib/openpoints/cpp/chamfer_dist
[1.957s] copying openpoints/cpp/chamfer_dist/setup.py -> /home/jetson/vmf/build/robot_grasping/build/lib/openpoints/cpp/chamfer_dist
[1.958s] copying openpoints/cpp/chamfer_dist/test.py -> /home/jetson/vmf/build/robot_grasping/build/lib/openpoints/cpp/chamfer_dist
[1.958s] copying openpoints/cpp/chamfer_dist/__init__.py -> /home/jetson/vmf/build/robot_grasping/build/lib/openpoints/cpp/chamfer_dist
[1.958s] creating /home/jetson/vmf/build/robot_grasping/build/lib/openpoints/cpp/pointops
[1.958s] copying openpoints/cpp/pointops/setup.py -> /home/jetson/vmf/build/robot_grasping/build/lib/openpoints/cpp/pointops
[1.959s] copying openpoints/cpp/pointops/__init__.py -> /home/jetson/vmf/build/robot_grasping/build/lib/openpoints/cpp/pointops
[1.959s] creating /home/jetson/vmf/build/robot_grasping/build/lib/openpoints/cpp/pointnet2_batch
[1.959s] copying openpoints/cpp/pointnet2_batch/setup.py -> /home/jetson/vmf/build/robot_grasping/build/lib/openpoints/cpp/pointnet2_batch
[1.959s] copying openpoints/cpp/pointnet2_batch/__init__.py -> /home/jetson/vmf/build/robot_grasping/build/lib/openpoints/cpp/pointnet2_batch
[1.960s] creating /home/jetson/vmf/build/robot_grasping/build/lib/openpoints/cpp/pointops/functions
[1.960s] copying openpoints/cpp/pointops/functions/pointops.py -> /home/jetson/vmf/build/robot_grasping/build/lib/openpoints/cpp/pointops/functions
[1.960s] copying openpoints/cpp/pointops/functions/__init__.py -> /home/jetson/vmf/build/robot_grasping/build/lib/openpoints/cpp/pointops/functions
[1.960s] creating /home/jetson/vmf/build/robot_grasping/build/lib/openpoints/cpp/pointops/src
[1.960s] copying openpoints/cpp/pointops/src/__init__.py -> /home/jetson/vmf/build/robot_grasping/build/lib/openpoints/cpp/pointops/src
[1.961s] creating /home/jetson/vmf/build/robot_grasping/build/lib/openpoints/models/reconstruction
[1.961s] copying openpoints/models/reconstruction/maskedpoint.py -> /home/jetson/vmf/build/robot_grasping/build/lib/openpoints/models/reconstruction
[1.961s] copying openpoints/models/reconstruction/base_recontruct.py -> /home/jetson/vmf/build/robot_grasping/build/lib/openpoints/models/reconstruction
[1.961s] copying openpoints/models/reconstruction/nodeshuffle.py -> /home/jetson/vmf/build/robot_grasping/build/lib/openpoints/models/reconstruction
[1.962s] copying openpoints/models/reconstruction/maskedpointvit.py -> /home/jetson/vmf/build/robot_grasping/build/lib/openpoints/models/reconstruction
[1.962s] copying openpoints/models/reconstruction/maskedpointgroup.py -> /home/jetson/vmf/build/robot_grasping/build/lib/openpoints/models/reconstruction
[1.962s] copying openpoints/models/reconstruction/__init__.py -> /home/jetson/vmf/build/robot_grasping/build/lib/openpoints/models/reconstruction
[1.962s] creating /home/jetson/vmf/build/robot_grasping/build/lib/openpoints/models/grasp
[1.962s] copying openpoints/models/grasp/vit_grasp.py -> /home/jetson/vmf/build/robot_grasping/build/lib/openpoints/models/grasp
[1.963s] copying openpoints/models/grasp/base_grasp.py -> /home/jetson/vmf/build/robot_grasping/build/lib/openpoints/models/grasp
[1.963s] copying openpoints/models/grasp/__init__.py -> /home/jetson/vmf/build/robot_grasping/build/lib/openpoints/models/grasp
[1.963s] creating /home/jetson/vmf/build/robot_grasping/build/lib/openpoints/models/classification
[1.963s] copying openpoints/models/classification/cls_base.py -> /home/jetson/vmf/build/robot_grasping/build/lib/openpoints/models/classification
[1.964s] copying openpoints/models/classification/point_bert.py -> /home/jetson/vmf/build/robot_grasping/build/lib/openpoints/models/classification
[1.964s] copying openpoints/models/classification/__init__.py -> /home/jetson/vmf/build/robot_grasping/build/lib/openpoints/models/classification
[1.964s] creating /home/jetson/vmf/build/robot_grasping/build/lib/openpoints/models/layers
[1.964s] copying openpoints/models/layers/graph_conv.py -> /home/jetson/vmf/build/robot_grasping/build/lib/openpoints/models/layers
[1.964s] copying openpoints/models/layers/attention.py -> /home/jetson/vmf/build/robot_grasping/build/lib/openpoints/models/layers
[1.964s] copying openpoints/models/layers/weight_init.py -> /home/jetson/vmf/build/robot_grasping/build/lib/openpoints/models/layers
[1.965s] copying openpoints/models/layers/patch_embed.py -> /home/jetson/vmf/build/robot_grasping/build/lib/openpoints/models/layers
[1.965s] copying openpoints/models/layers/local_aggregation.py -> /home/jetson/vmf/build/robot_grasping/build/lib/openpoints/models/layers
[1.965s] copying openpoints/models/layers/knn.py -> /home/jetson/vmf/build/robot_grasping/build/lib/openpoints/models/layers
[1.965s] copying openpoints/models/layers/activation.py -> /home/jetson/vmf/build/robot_grasping/build/lib/openpoints/models/layers
[1.966s] copying openpoints/models/layers/helpers.py -> /home/jetson/vmf/build/robot_grasping/build/lib/openpoints/models/layers
[1.966s] copying openpoints/models/layers/registry.py -> /home/jetson/vmf/build/robot_grasping/build/lib/openpoints/models/layers
[1.966s] copying openpoints/models/layers/group_embed.py -> /home/jetson/vmf/build/robot_grasping/build/lib/openpoints/models/layers
[1.966s] copying openpoints/models/layers/padding.py -> /home/jetson/vmf/build/robot_grasping/build/lib/openpoints/models/layers
[1.966s] copying openpoints/models/layers/group.py -> /home/jetson/vmf/build/robot_grasping/build/lib/openpoints/models/layers
[1.967s] copying openpoints/models/layers/norm.py -> /home/jetson/vmf/build/robot_grasping/build/lib/openpoints/models/layers
[1.967s] copying openpoints/models/layers/mlp.py -> /home/jetson/vmf/build/robot_grasping/build/lib/openpoints/models/layers
[1.967s] copying openpoints/models/layers/conv.py -> /home/jetson/vmf/build/robot_grasping/build/lib/openpoints/models/layers
[1.967s] copying openpoints/models/layers/subsample.py -> /home/jetson/vmf/build/robot_grasping/build/lib/openpoints/models/layers
[1.967s] copying openpoints/models/layers/kmeans.py -> /home/jetson/vmf/build/robot_grasping/build/lib/openpoints/models/layers
[1.968s] copying openpoints/models/layers/upsampling.py -> /home/jetson/vmf/build/robot_grasping/build/lib/openpoints/models/layers
[1.968s] copying openpoints/models/layers/__init__.py -> /home/jetson/vmf/build/robot_grasping/build/lib/openpoints/models/layers
[1.968s] copying openpoints/models/layers/drop.py -> /home/jetson/vmf/build/robot_grasping/build/lib/openpoints/models/layers
[1.968s] creating /home/jetson/vmf/build/robot_grasping/build/lib/openpoints/models/backbone
[1.969s] copying openpoints/models/backbone/spotr.py -> /home/jetson/vmf/build/robot_grasping/build/lib/openpoints/models/backbone
[1.969s] copying openpoints/models/backbone/Stratified_transformer.py -> /home/jetson/vmf/build/robot_grasping/build/lib/openpoints/models/backbone
[1.969s] copying openpoints/models/backbone/graphvit3d.py -> /home/jetson/vmf/build/robot_grasping/build/lib/openpoints/models/backbone
[1.969s] copying openpoints/models/backbone/randlenet.py -> /home/jetson/vmf/build/robot_grasping/build/lib/openpoints/models/backbone
[1.969s] copying openpoints/models/backbone/simpleview.py -> /home/jetson/vmf/build/robot_grasping/build/lib/openpoints/models/backbone
[1.969s] copying openpoints/models/backbone/baafnet.py -> /home/jetson/vmf/build/robot_grasping/build/lib/openpoints/models/backbone
[1.970s] copying openpoints/models/backbone/deepgcn.py -> /home/jetson/vmf/build/robot_grasping/build/lib/openpoints/models/backbone
[1.970s] copying openpoints/models/backbone/grouppointnet.py -> /home/jetson/vmf/build/robot_grasping/build/lib/openpoints/models/backbone
[1.970s] copying openpoints/models/backbone/simpleview_util.py -> /home/jetson/vmf/build/robot_grasping/build/lib/openpoints/models/backbone
[1.970s] copying openpoints/models/backbone/pointvit.py -> /home/jetson/vmf/build/robot_grasping/build/lib/openpoints/models/backbone
[1.971s] copying openpoints/models/backbone/dgcnn.py -> /home/jetson/vmf/build/robot_grasping/build/lib/openpoints/models/backbone
[1.971s] copying openpoints/models/backbone/ball_dgcnn.py -> /home/jetson/vmf/build/robot_grasping/build/lib/openpoints/models/backbone
[1.971s] copying openpoints/models/backbone/pointnextPyG.py -> /home/jetson/vmf/build/robot_grasping/build/lib/openpoints/models/backbone
[1.971s] copying openpoints/models/backbone/pointvit_inv_old.py -> /home/jetson/vmf/build/robot_grasping/build/lib/openpoints/models/backbone
[1.971s] copying openpoints/models/backbone/pointvector.py -> /home/jetson/vmf/build/robot_grasping/build/lib/openpoints/models/backbone
[1.972s] copying openpoints/models/backbone/pointmlp.py -> /home/jetson/vmf/build/robot_grasping/build/lib/openpoints/models/backbone
[1.972s] copying openpoints/models/backbone/pointnet.py -> /home/jetson/vmf/build/robot_grasping/build/lib/openpoints/models/backbone
[1.972s] copying openpoints/models/backbone/pct.py -> /home/jetson/vmf/build/robot_grasping/build/lib/openpoints/models/backbone
[1.972s] copying openpoints/models/backbone/debug_invvit.py -> /home/jetson/vmf/build/robot_grasping/build/lib/openpoints/models/backbone
[1.972s] copying openpoints/models/backbone/pointnext.py -> /home/jetson/vmf/build/robot_grasping/build/lib/openpoints/models/backbone
[1.973s] copying openpoints/models/backbone/curvenet.py -> /home/jetson/vmf/build/robot_grasping/build/lib/openpoints/models/backbone
[1.973s] copying openpoints/models/backbone/pointtransformer.py -> /home/jetson/vmf/build/robot_grasping/build/lib/openpoints/models/backbone
[1.973s] copying openpoints/models/backbone/resnet.py -> /home/jetson/vmf/build/robot_grasping/build/lib/openpoints/models/backbone
[1.973s] copying openpoints/models/backbone/pointnetv2.py -> /home/jetson/vmf/build/robot_grasping/build/lib/openpoints/models/backbone
[1.973s] copying openpoints/models/backbone/__init__.py -> /home/jetson/vmf/build/robot_grasping/build/lib/openpoints/models/backbone
[1.974s] copying openpoints/models/backbone/pointvit_inv.py -> /home/jetson/vmf/build/robot_grasping/build/lib/openpoints/models/backbone
[1.974s] creating /home/jetson/vmf/build/robot_grasping/build/lib/openpoints/models/segmentation
[1.974s] copying openpoints/models/segmentation/base_seg.py -> /home/jetson/vmf/build/robot_grasping/build/lib/openpoints/models/segmentation
[1.974s] copying openpoints/models/segmentation/vit_seg.py -> /home/jetson/vmf/build/robot_grasping/build/lib/openpoints/models/segmentation
[1.975s] copying openpoints/models/segmentation/__init__.py -> /home/jetson/vmf/build/robot_grasping/build/lib/openpoints/models/segmentation
[1.975s] creating /home/jetson/vmf/build/robot_grasping/build/lib/openpoints/dataset/pcqm4m
[1.975s] copying openpoints/dataset/pcqm4m/data.py -> /home/jetson/vmf/build/robot_grasping/build/lib/openpoints/dataset/pcqm4m
[1.975s] copying openpoints/dataset/pcqm4m/__init__.py -> /home/jetson/vmf/build/robot_grasping/build/lib/openpoints/dataset/pcqm4m
[1.975s] creating /home/jetson/vmf/build/robot_grasping/build/lib/openpoints/dataset/graph_dataset
[1.976s] copying openpoints/dataset/graph_dataset/svd_encodings_dataset.py -> /home/jetson/vmf/build/robot_grasping/build/lib/openpoints/dataset/graph_dataset
[1.976s] copying openpoints/dataset/graph_dataset/structural_dataset.py -> /home/jetson/vmf/build/robot_grasping/build/lib/openpoints/dataset/graph_dataset
[1.976s] copying openpoints/dataset/graph_dataset/stack_with_pad.py -> /home/jetson/vmf/build/robot_grasping/build/lib/openpoints/dataset/graph_dataset
[1.976s] copying openpoints/dataset/graph_dataset/graph_dataset.py -> /home/jetson/vmf/build/robot_grasping/build/lib/openpoints/dataset/graph_dataset
[1.976s] copying openpoints/dataset/graph_dataset/__init__.py -> /home/jetson/vmf/build/robot_grasping/build/lib/openpoints/dataset/graph_dataset
[1.976s] creating /home/jetson/vmf/build/robot_grasping/build/lib/openpoints/dataset/pcqm4mv2
[1.977s] copying openpoints/dataset/pcqm4mv2/data.py -> /home/jetson/vmf/build/robot_grasping/build/lib/openpoints/dataset/pcqm4mv2
[1.977s] copying openpoints/dataset/pcqm4mv2/__init__.py -> /home/jetson/vmf/build/robot_grasping/build/lib/openpoints/dataset/pcqm4mv2
[1.977s] creating /home/jetson/vmf/build/robot_grasping/build/lib/openpoints/dataset/atom3d
[1.977s] copying openpoints/dataset/atom3d/psr.py -> /home/jetson/vmf/build/robot_grasping/build/lib/openpoints/dataset/atom3d
[1.977s] copying openpoints/dataset/atom3d/__init__.py -> /home/jetson/vmf/build/robot_grasping/build/lib/openpoints/dataset/atom3d
[1.977s] creating /home/jetson/vmf/build/robot_grasping/build/lib/openpoints/dataset/s3dis
[1.977s] copying openpoints/dataset/s3dis/s3dis.py -> /home/jetson/vmf/build/robot_grasping/build/lib/openpoints/dataset/s3dis
[1.978s] copying openpoints/dataset/s3dis/s3dis_sphere.py -> /home/jetson/vmf/build/robot_grasping/build/lib/openpoints/dataset/s3dis
[1.978s] copying openpoints/dataset/s3dis/s3dis_block.py -> /home/jetson/vmf/build/robot_grasping/build/lib/openpoints/dataset/s3dis
[1.978s] copying openpoints/dataset/s3dis/__init__.py -> /home/jetson/vmf/build/robot_grasping/build/lib/openpoints/dataset/s3dis
[1.978s] creating /home/jetson/vmf/build/robot_grasping/build/lib/openpoints/dataset/shapenetpart
[1.978s] copying openpoints/dataset/shapenetpart/shapenetpart.py -> /home/jetson/vmf/build/robot_grasping/build/lib/openpoints/dataset/shapenetpart
[1.978s] copying openpoints/dataset/shapenetpart/shapenet55.py -> /home/jetson/vmf/build/robot_grasping/build/lib/openpoints/dataset/shapenetpart
[1.979s] copying openpoints/dataset/shapenetpart/__init__.py -> /home/jetson/vmf/build/robot_grasping/build/lib/openpoints/dataset/shapenetpart
[1.979s] creating /home/jetson/vmf/build/robot_grasping/build/lib/openpoints/dataset/modelnet
[1.979s] copying openpoints/dataset/modelnet/modelnet40_normal_resampled_loader.py -> /home/jetson/vmf/build/robot_grasping/build/lib/openpoints/dataset/modelnet
[1.979s] copying openpoints/dataset/modelnet/modelnet40_ply_2048_loader.py -> /home/jetson/vmf/build/robot_grasping/build/lib/openpoints/dataset/modelnet
[1.979s] copying openpoints/dataset/modelnet/__init__.py -> /home/jetson/vmf/build/robot_grasping/build/lib/openpoints/dataset/modelnet
[1.979s] creating /home/jetson/vmf/build/robot_grasping/build/lib/openpoints/dataset/shapenet
[1.980s] copying openpoints/dataset/shapenet/shapenetpart.py -> /home/jetson/vmf/build/robot_grasping/build/lib/openpoints/dataset/shapenet
[1.980s] copying openpoints/dataset/shapenet/shapenet55.py -> /home/jetson/vmf/build/robot_grasping/build/lib/openpoints/dataset/shapenet
[1.980s] copying openpoints/dataset/shapenet/__init__.py -> /home/jetson/vmf/build/robot_grasping/build/lib/openpoints/dataset/shapenet
[1.980s] creating /home/jetson/vmf/build/robot_grasping/build/lib/openpoints/dataset/matterport3d
[1.980s] copying openpoints/dataset/matterport3d/matterport3d_dataprocessing.py -> /home/jetson/vmf/build/robot_grasping/build/lib/openpoints/dataset/matterport3d
[1.980s] copying openpoints/dataset/matterport3d/__init__.py -> /home/jetson/vmf/build/robot_grasping/build/lib/openpoints/dataset/matterport3d
[1.980s] copying openpoints/dataset/matterport3d/matterport3d.py -> /home/jetson/vmf/build/robot_grasping/build/lib/openpoints/dataset/matterport3d
[1.981s] creating /home/jetson/vmf/build/robot_grasping/build/lib/openpoints/dataset/semantic_kitti
[1.981s] copying openpoints/dataset/semantic_kitti/semantickitti.py -> /home/jetson/vmf/build/robot_grasping/build/lib/openpoints/dataset/semantic_kitti
[1.981s] copying openpoints/dataset/semantic_kitti/helper_tool.py -> /home/jetson/vmf/build/robot_grasping/build/lib/openpoints/dataset/semantic_kitti
[1.981s] copying openpoints/dataset/semantic_kitti/__init__.py -> /home/jetson/vmf/build/robot_grasping/build/lib/openpoints/dataset/semantic_kitti
[1.981s] creating /home/jetson/vmf/build/robot_grasping/build/lib/openpoints/dataset/molpcba
[1.981s] copying openpoints/dataset/molpcba/data.py -> /home/jetson/vmf/build/robot_grasping/build/lib/openpoints/dataset/molpcba
[1.981s] copying openpoints/dataset/molpcba/__init__.py -> /home/jetson/vmf/build/robot_grasping/build/lib/openpoints/dataset/molpcba
[1.982s] creating /home/jetson/vmf/build/robot_grasping/build/lib/openpoints/dataset/scanobjectnn
[1.982s] copying openpoints/dataset/scanobjectnn/scanobjectnn.py -> /home/jetson/vmf/build/robot_grasping/build/lib/openpoints/dataset/scanobjectnn
[1.982s] copying openpoints/dataset/scanobjectnn/__init__.py -> /home/jetson/vmf/build/robot_grasping/build/lib/openpoints/dataset/scanobjectnn
[1.982s] creating /home/jetson/vmf/build/robot_grasping/build/lib/openpoints/dataset/molhiv
[1.982s] copying openpoints/dataset/molhiv/data.py -> /home/jetson/vmf/build/robot_grasping/build/lib/openpoints/dataset/molhiv
[1.982s] copying openpoints/dataset/molhiv/__init__.py -> /home/jetson/vmf/build/robot_grasping/build/lib/openpoints/dataset/molhiv
[1.983s] creating /home/jetson/vmf/build/robot_grasping/build/lib/openpoints/dataset/parsers
[1.983s] copying openpoints/dataset/parsers/parser_factory.py -> /home/jetson/vmf/build/robot_grasping/build/lib/openpoints/dataset/parsers
[1.983s] copying openpoints/dataset/parsers/parser_image_tar.py -> /home/jetson/vmf/build/robot_grasping/build/lib/openpoints/dataset/parsers
[1.983s] copying openpoints/dataset/parsers/parser_tfds.py -> /home/jetson/vmf/build/robot_grasping/build/lib/openpoints/dataset/parsers
[1.983s] copying openpoints/dataset/parsers/parser_image_folder.py -> /home/jetson/vmf/build/robot_grasping/build/lib/openpoints/dataset/parsers
[1.983s] copying openpoints/dataset/parsers/parser_image_in_tar.py -> /home/jetson/vmf/build/robot_grasping/build/lib/openpoints/dataset/parsers
[1.983s] copying openpoints/dataset/parsers/constants.py -> /home/jetson/vmf/build/robot_grasping/build/lib/openpoints/dataset/parsers
[1.984s] copying openpoints/dataset/parsers/parser.py -> /home/jetson/vmf/build/robot_grasping/build/lib/openpoints/dataset/parsers
[1.984s] copying openpoints/dataset/parsers/class_map.py -> /home/jetson/vmf/build/robot_grasping/build/lib/openpoints/dataset/parsers
[1.984s] copying openpoints/dataset/parsers/__init__.py -> /home/jetson/vmf/build/robot_grasping/build/lib/openpoints/dataset/parsers
[1.984s] creating /home/jetson/vmf/build/robot_grasping/build/lib/openpoints/dataset/scannetv2
[1.984s] copying openpoints/dataset/scannetv2/scannet.py -> /home/jetson/vmf/build/robot_grasping/build/lib/openpoints/dataset/scannetv2
[1.984s] copying openpoints/dataset/scannetv2/__init__.py -> /home/jetson/vmf/build/robot_grasping/build/lib/openpoints/dataset/scannetv2
[1.989s] running install
[1.990s] running install_lib
[1.991s] creating /home/jetson/vmf/install/robot_grasping/lib/python3.10/site-packages/active_grasp
[1.992s] copying /home/jetson/vmf/build/robot_grasping/build/lib/active_grasp/baselines.py -> /home/jetson/vmf/install/robot_grasping/lib/python3.10/site-packages/active_grasp
[1.992s] copying /home/jetson/vmf/build/robot_grasping/build/lib/active_grasp/timer.py -> /home/jetson/vmf/install/robot_grasping/lib/python3.10/site-packages/active_grasp
[1.992s] copying /home/jetson/vmf/build/robot_grasping/build/lib/active_grasp/policy.py -> /home/jetson/vmf/install/robot_grasping/lib/python3.10/site-packages/active_grasp
[1.992s] copying /home/jetson/vmf/build/robot_grasping/build/lib/active_grasp/networks.py -> /home/jetson/vmf/install/robot_grasping/lib/python3.10/site-packages/active_grasp
[1.992s] copying /home/jetson/vmf/build/robot_grasping/build/lib/active_grasp/spatial.py -> /home/jetson/vmf/install/robot_grasping/lib/python3.10/site-packages/active_grasp
[1.993s] copying /home/jetson/vmf/build/robot_grasping/build/lib/active_grasp/bbox.py -> /home/jetson/vmf/install/robot_grasping/lib/python3.10/site-packages/active_grasp
[1.993s] copying /home/jetson/vmf/build/robot_grasping/build/lib/active_grasp/nbv.py -> /home/jetson/vmf/install/robot_grasping/lib/python3.10/site-packages/active_grasp
[1.993s] copying /home/jetson/vmf/build/robot_grasping/build/lib/active_grasp/vlm_policy.py -> /home/jetson/vmf/install/robot_grasping/lib/python3.10/site-packages/active_grasp
[1.993s] copying /home/jetson/vmf/build/robot_grasping/build/lib/active_grasp/perception.py -> /home/jetson/vmf/install/robot_grasping/lib/python3.10/site-packages/active_grasp
[1.994s] copying /home/jetson/vmf/build/robot_grasping/build/lib/active_grasp/__init__.py -> /home/jetson/vmf/install/robot_grasping/lib/python3.10/site-packages/active_grasp
[1.994s] creating /home/jetson/vmf/install/robot_grasping/lib/python3.10/site-packages/vmf_contact_main
[1.994s] copying /home/jetson/vmf/build/robot_grasping/build/lib/vmf_contact_main/train.py -> /home/jetson/vmf/install/robot_grasping/lib/python3.10/site-packages/vmf_contact_main
[1.994s] creating /home/jetson/vmf/install/robot_grasping/lib/python3.10/site-packages/vmf_contact_main/vmf_contact
[1.995s] creating /home/jetson/vmf/install/robot_grasping/lib/python3.10/site-packages/vmf_contact_main/vmf_contact/datasets
[1.995s] creating /home/jetson/vmf/install/robot_grasping/lib/python3.10/site-packages/vmf_contact_main/vmf_contact/datasets/_utils
[1.995s] copying /home/jetson/vmf/build/robot_grasping/build/lib/vmf_contact_main/vmf_contact/datasets/_utils/transforms.py -> /home/jetson/vmf/install/robot_grasping/lib/python3.10/site-packages/vmf_contact_main/vmf_contact/datasets/_utils
[1.995s] copying /home/jetson/vmf/build/robot_grasping/build/lib/vmf_contact_main/vmf_contact/datasets/_utils/_registry.py -> /home/jetson/vmf/install/robot_grasping/lib/python3.10/site-packages/vmf_contact_main/vmf_contact/datasets/_utils
[1.995s] copying /home/jetson/vmf/build/robot_grasping/build/lib/vmf_contact_main/vmf_contact/datasets/_utils/split.py -> /home/jetson/vmf/install/robot_grasping/lib/python3.10/site-packages/vmf_contact_main/vmf_contact/datasets/_utils
[1.996s] copying /home/jetson/vmf/build/robot_grasping/build/lib/vmf_contact_main/vmf_contact/datasets/_utils/_base.py -> /home/jetson/vmf/install/robot_grasping/lib/python3.10/site-packages/vmf_contact_main/vmf_contact/datasets/_utils
[1.996s] copying /home/jetson/vmf/build/robot_grasping/build/lib/vmf_contact_main/vmf_contact/datasets/_utils/__init__.py -> /home/jetson/vmf/install/robot_grasping/lib/python3.10/site-packages/vmf_contact_main/vmf_contact/datasets/_utils
[1.996s] copying /home/jetson/vmf/build/robot_grasping/build/lib/vmf_contact_main/vmf_contact/datasets/pointcloud_process.py -> /home/jetson/vmf/install/robot_grasping/lib/python3.10/site-packages/vmf_contact_main/vmf_contact/datasets
[1.996s] copying /home/jetson/vmf/build/robot_grasping/build/lib/vmf_contact_main/vmf_contact/datasets/dataset.py -> /home/jetson/vmf/install/robot_grasping/lib/python3.10/site-packages/vmf_contact_main/vmf_contact/datasets
[1.997s] copying /home/jetson/vmf/build/robot_grasping/build/lib/vmf_contact_main/vmf_contact/datasets/mgn.py -> /home/jetson/vmf/install/robot_grasping/lib/python3.10/site-packages/vmf_contact_main/vmf_contact/datasets
[1.997s] copying /home/jetson/vmf/build/robot_grasping/build/lib/vmf_contact_main/vmf_contact/datasets/__init__.py -> /home/jetson/vmf/install/robot_grasping/lib/python3.10/site-packages/vmf_contact_main/vmf_contact/datasets
[1.997s] creating /home/jetson/vmf/install/robot_grasping/lib/python3.10/site-packages/vmf_contact_main/vmf_contact/metrics
[1.997s] copying /home/jetson/vmf/build/robot_grasping/build/lib/vmf_contact_main/vmf_contact/metrics/ausc_ause.py -> /home/jetson/vmf/install/robot_grasping/lib/python3.10/site-packages/vmf_contact_main/vmf_contact/metrics
[1.997s] copying /home/jetson/vmf/build/robot_grasping/build/lib/vmf_contact_main/vmf_contact/metrics/aucpr.py -> /home/jetson/vmf/install/robot_grasping/lib/python3.10/site-packages/vmf_contact_main/vmf_contact/metrics
[1.998s] copying /home/jetson/vmf/build/robot_grasping/build/lib/vmf_contact_main/vmf_contact/metrics/brier.py -> /home/jetson/vmf/install/robot_grasping/lib/python3.10/site-packages/vmf_contact_main/vmf_contact/metrics
[1.998s] copying /home/jetson/vmf/build/robot_grasping/build/lib/vmf_contact_main/vmf_contact/metrics/__init__.py -> /home/jetson/vmf/install/robot_grasping/lib/python3.10/site-packages/vmf_contact_main/vmf_contact/metrics
[1.998s] creating /home/jetson/vmf/install/robot_grasping/lib/python3.10/site-packages/vmf_contact_main/vmf_contact/model
[1.998s] copying /home/jetson/vmf/build/robot_grasping/build/lib/vmf_contact_main/vmf_contact/model/estimator.py -> /home/jetson/vmf/install/robot_grasping/lib/python3.10/site-packages/vmf_contact_main/vmf_contact/model
[1.999s] copying /home/jetson/vmf/build/robot_grasping/build/lib/vmf_contact_main/vmf_contact/model/lightning_module_flow.py -> /home/jetson/vmf/install/robot_grasping/lib/python3.10/site-packages/vmf_contact_main/vmf_contact/model
[1.999s] copying /home/jetson/vmf/build/robot_grasping/build/lib/vmf_contact_main/vmf_contact/model/lightning_module.py -> /home/jetson/vmf/install/robot_grasping/lib/python3.10/site-packages/vmf_contact_main/vmf_contact/model
[1.999s] copying /home/jetson/vmf/build/robot_grasping/build/lib/vmf_contact_main/vmf_contact/model/grasp_buffer.py -> /home/jetson/vmf/install/robot_grasping/lib/python3.10/site-packages/vmf_contact_main/vmf_contact/model
[1.999s] copying /home/jetson/vmf/build/robot_grasping/build/lib/vmf_contact_main/vmf_contact/model/utils.py -> /home/jetson/vmf/install/robot_grasping/lib/python3.10/site-packages/vmf_contact_main/vmf_contact/model
[1.999s] copying /home/jetson/vmf/build/robot_grasping/build/lib/vmf_contact_main/vmf_contact/model/__init__.py -> /home/jetson/vmf/install/robot_grasping/lib/python3.10/site-packages/vmf_contact_main/vmf_contact/model
[2.000s] copying /home/jetson/vmf/build/robot_grasping/build/lib/vmf_contact_main/vmf_contact/__init__.py -> /home/jetson/vmf/install/robot_grasping/lib/python3.10/site-packages/vmf_contact_main/vmf_contact
[2.000s] creating /home/jetson/vmf/install/robot_grasping/lib/python3.10/site-packages/vmf_contact_main/vmf_contact/nn
[2.000s] copying /home/jetson/vmf/build/robot_grasping/build/lib/vmf_contact_main/vmf_contact/nn/position_encodings.py -> /home/jetson/vmf/install/robot_grasping/lib/python3.10/site-packages/vmf_contact_main/vmf_contact/nn
[2.000s] copying /home/jetson/vmf/build/robot_grasping/build/lib/vmf_contact_main/vmf_contact/nn/util.py -> /home/jetson/vmf/install/robot_grasping/lib/python3.10/site-packages/vmf_contact_main/vmf_contact/nn
[2.000s] copying /home/jetson/vmf/build/robot_grasping/build/lib/vmf_contact_main/vmf_contact/nn/attention.py -> /home/jetson/vmf/install/robot_grasping/lib/python3.10/site-packages/vmf_contact_main/vmf_contact/nn
[2.001s] copying /home/jetson/vmf/build/robot_grasping/build/lib/vmf_contact_main/vmf_contact/nn/scaler.py -> /home/jetson/vmf/install/robot_grasping/lib/python3.10/site-packages/vmf_contact_main/vmf_contact/nn
[2.001s] copying /home/jetson/vmf/build/robot_grasping/build/lib/vmf_contact_main/vmf_contact/nn/network.py -> /home/jetson/vmf/install/robot_grasping/lib/python3.10/site-packages/vmf_contact_main/vmf_contact/nn
[2.001s] creating /home/jetson/vmf/install/robot_grasping/lib/python3.10/site-packages/vmf_contact_main/vmf_contact/nn/output
[2.001s] copying /home/jetson/vmf/build/robot_grasping/build/lib/vmf_contact_main/vmf_contact/nn/output/normal.py -> /home/jetson/vmf/install/robot_grasping/lib/python3.10/site-packages/vmf_contact_main/vmf_contact/nn/output
[2.002s] copying /home/jetson/vmf/build/robot_grasping/build/lib/vmf_contact_main/vmf_contact/nn/output/ps.py -> /home/jetson/vmf/install/robot_grasping/lib/python3.10/site-packages/vmf_contact_main/vmf_contact/nn/output
[2.002s] copying /home/jetson/vmf/build/robot_grasping/build/lib/vmf_contact_main/vmf_contact/nn/output/normal_multi.py -> /home/jetson/vmf/install/robot_grasping/lib/python3.10/site-packages/vmf_contact_main/vmf_contact/nn/output
[2.002s] copying /home/jetson/vmf/build/robot_grasping/build/lib/vmf_contact_main/vmf_contact/nn/output/_base.py -> /home/jetson/vmf/install/robot_grasping/lib/python3.10/site-packages/vmf_contact_main/vmf_contact/nn/output
[2.002s] copying /home/jetson/vmf/build/robot_grasping/build/lib/vmf_contact_main/vmf_contact/nn/output/vmf.py -> /home/jetson/vmf/install/robot_grasping/lib/python3.10/site-packages/vmf_contact_main/vmf_contact/nn/output
[2.002s] copying /home/jetson/vmf/build/robot_grasping/build/lib/vmf_contact_main/vmf_contact/nn/output/__init__.py -> /home/jetson/vmf/install/robot_grasping/lib/python3.10/site-packages/vmf_contact_main/vmf_contact/nn/output
[2.003s] copying /home/jetson/vmf/build/robot_grasping/build/lib/vmf_contact_main/vmf_contact/nn/uncertainty_estimator.py -> /home/jetson/vmf/install/robot_grasping/lib/python3.10/site-packages/vmf_contact_main/vmf_contact/nn
[2.003s] copying /home/jetson/vmf/build/robot_grasping/build/lib/vmf_contact_main/vmf_contact/nn/loss.py -> /home/jetson/vmf/install/robot_grasping/lib/python3.10/site-packages/vmf_contact_main/vmf_contact/nn
[2.003s] copying /home/jetson/vmf/build/robot_grasping/build/lib/vmf_contact_main/vmf_contact/nn/pointr.py -> /home/jetson/vmf/install/robot_grasping/lib/python3.10/site-packages/vmf_contact_main/vmf_contact/nn
[2.003s] copying /home/jetson/vmf/build/robot_grasping/build/lib/vmf_contact_main/vmf_contact/nn/multihead_custom_attention.py -> /home/jetson/vmf/install/robot_grasping/lib/python3.10/site-packages/vmf_contact_main/vmf_contact/nn
[2.004s] copying /home/jetson/vmf/build/robot_grasping/build/lib/vmf_contact_main/vmf_contact/nn/__init__.py -> /home/jetson/vmf/install/robot_grasping/lib/python3.10/site-packages/vmf_contact_main/vmf_contact/nn
[2.004s] copying /home/jetson/vmf/build/robot_grasping/build/lib/vmf_contact_main/test.py -> /home/jetson/vmf/install/robot_grasping/lib/python3.10/site-packages/vmf_contact_main
[2.004s] copying /home/jetson/vmf/build/robot_grasping/build/lib/vmf_contact_main/remote_agent.py -> /home/jetson/vmf/install/robot_grasping/lib/python3.10/site-packages/vmf_contact_main
[2.004s] creating /home/jetson/vmf/install/robot_grasping/lib/python3.10/site-packages/vmf_contact_main/openpoints
[2.004s] creating /home/jetson/vmf/install/robot_grasping/lib/python3.10/site-packages/vmf_contact_main/openpoints/cpp
[2.005s] creating /home/jetson/vmf/install/robot_grasping/lib/python3.10/site-packages/vmf_contact_main/openpoints/cpp/emd
[2.005s] copying /home/jetson/vmf/build/robot_grasping/build/lib/vmf_contact_main/openpoints/cpp/emd/setup.py -> /home/jetson/vmf/install/robot_grasping/lib/python3.10/site-packages/vmf_contact_main/openpoints/cpp/emd
[2.005s] copying /home/jetson/vmf/build/robot_grasping/build/lib/vmf_contact_main/openpoints/cpp/emd/test_emd_loss.py -> /home/jetson/vmf/install/robot_grasping/lib/python3.10/site-packages/vmf_contact_main/openpoints/cpp/emd
[2.005s] copying /home/jetson/vmf/build/robot_grasping/build/lib/vmf_contact_main/openpoints/cpp/emd/emd.py -> /home/jetson/vmf/install/robot_grasping/lib/python3.10/site-packages/vmf_contact_main/openpoints/cpp/emd
[2.005s] copying /home/jetson/vmf/build/robot_grasping/build/lib/vmf_contact_main/openpoints/cpp/emd/__init__.py -> /home/jetson/vmf/install/robot_grasping/lib/python3.10/site-packages/vmf_contact_main/openpoints/cpp/emd
[2.006s] creating /home/jetson/vmf/install/robot_grasping/lib/python3.10/site-packages/vmf_contact_main/openpoints/cpp/chamfer_dist
[2.006s] copying /home/jetson/vmf/build/robot_grasping/build/lib/vmf_contact_main/openpoints/cpp/chamfer_dist/setup.py -> /home/jetson/vmf/install/robot_grasping/lib/python3.10/site-packages/vmf_contact_main/openpoints/cpp/chamfer_dist
[2.006s] copying /home/jetson/vmf/build/robot_grasping/build/lib/vmf_contact_main/openpoints/cpp/chamfer_dist/test.py -> /home/jetson/vmf/install/robot_grasping/lib/python3.10/site-packages/vmf_contact_main/openpoints/cpp/chamfer_dist
[2.006s] copying /home/jetson/vmf/build/robot_grasping/build/lib/vmf_contact_main/openpoints/cpp/chamfer_dist/__init__.py -> /home/jetson/vmf/install/robot_grasping/lib/python3.10/site-packages/vmf_contact_main/openpoints/cpp/chamfer_dist
[2.007s] creating /home/jetson/vmf/install/robot_grasping/lib/python3.10/site-packages/vmf_contact_main/openpoints/cpp/pointops
[2.007s] copying /home/jetson/vmf/build/robot_grasping/build/lib/vmf_contact_main/openpoints/cpp/pointops/setup.py -> /home/jetson/vmf/install/robot_grasping/lib/python3.10/site-packages/vmf_contact_main/openpoints/cpp/pointops
[2.007s] creating /home/jetson/vmf/install/robot_grasping/lib/python3.10/site-packages/vmf_contact_main/openpoints/cpp/pointops/functions
[2.007s] copying /home/jetson/vmf/build/robot_grasping/build/lib/vmf_contact_main/openpoints/cpp/pointops/functions/pointops.py -> /home/jetson/vmf/install/robot_grasping/lib/python3.10/site-packages/vmf_contact_main/openpoints/cpp/pointops/functions
[2.008s] copying /home/jetson/vmf/build/robot_grasping/build/lib/vmf_contact_main/openpoints/cpp/pointops/functions/__init__.py -> /home/jetson/vmf/install/robot_grasping/lib/python3.10/site-packages/vmf_contact_main/openpoints/cpp/pointops/functions
[2.008s] creating /home/jetson/vmf/install/robot_grasping/lib/python3.10/site-packages/vmf_contact_main/openpoints/cpp/pointops/src
[2.008s] copying /home/jetson/vmf/build/robot_grasping/build/lib/vmf_contact_main/openpoints/cpp/pointops/src/__init__.py -> /home/jetson/vmf/install/robot_grasping/lib/python3.10/site-packages/vmf_contact_main/openpoints/cpp/pointops/src
[2.008s] copying /home/jetson/vmf/build/robot_grasping/build/lib/vmf_contact_main/openpoints/cpp/pointops/__init__.py -> /home/jetson/vmf/install/robot_grasping/lib/python3.10/site-packages/vmf_contact_main/openpoints/cpp/pointops
[2.008s] creating /home/jetson/vmf/install/robot_grasping/lib/python3.10/site-packages/vmf_contact_main/openpoints/cpp/pointnet2_batch
[2.009s] copying /home/jetson/vmf/build/robot_grasping/build/lib/vmf_contact_main/openpoints/cpp/pointnet2_batch/setup.py -> /home/jetson/vmf/install/robot_grasping/lib/python3.10/site-packages/vmf_contact_main/openpoints/cpp/pointnet2_batch
[2.009s] copying /home/jetson/vmf/build/robot_grasping/build/lib/vmf_contact_main/openpoints/cpp/pointnet2_batch/__init__.py -> /home/jetson/vmf/install/robot_grasping/lib/python3.10/site-packages/vmf_contact_main/openpoints/cpp/pointnet2_batch
[2.009s] copying /home/jetson/vmf/build/robot_grasping/build/lib/vmf_contact_main/openpoints/cpp/__init__.py -> /home/jetson/vmf/install/robot_grasping/lib/python3.10/site-packages/vmf_contact_main/openpoints/cpp
[2.010s] creating /home/jetson/vmf/install/robot_grasping/lib/python3.10/site-packages/vmf_contact_main/openpoints/transforms
[2.010s] copying /home/jetson/vmf/build/robot_grasping/build/lib/vmf_contact_main/openpoints/transforms/transforms_factory.py -> /home/jetson/vmf/install/robot_grasping/lib/python3.10/site-packages/vmf_contact_main/openpoints/transforms
[2.010s] copying /home/jetson/vmf/build/robot_grasping/build/lib/vmf_contact_main/openpoints/transforms/point_transform_cpu.py -> /home/jetson/vmf/install/robot_grasping/lib/python3.10/site-packages/vmf_contact_main/openpoints/transforms
[2.010s] copying /home/jetson/vmf/build/robot_grasping/build/lib/vmf_contact_main/openpoints/transforms/point_transformer_gpu.py -> /home/jetson/vmf/install/robot_grasping/lib/python3.10/site-packages/vmf_contact_main/openpoints/transforms
[2.011s] copying /home/jetson/vmf/build/robot_grasping/build/lib/vmf_contact_main/openpoints/transforms/__init__.py -> /home/jetson/vmf/install/robot_grasping/lib/python3.10/site-packages/vmf_contact_main/openpoints/transforms
[2.011s] creating /home/jetson/vmf/install/robot_grasping/lib/python3.10/site-packages/vmf_contact_main/openpoints/utils
[2.011s] copying /home/jetson/vmf/build/robot_grasping/build/lib/vmf_contact_main/openpoints/utils/wandb.py -> /home/jetson/vmf/install/robot_grasping/lib/python3.10/site-packages/vmf_contact_main/openpoints/utils
[2.011s] copying /home/jetson/vmf/build/robot_grasping/build/lib/vmf_contact_main/openpoints/utils/dist_utils.py -> /home/jetson/vmf/install/robot_grasping/lib/python3.10/site-packages/vmf_contact_main/openpoints/utils
[2.011s] copying /home/jetson/vmf/build/robot_grasping/build/lib/vmf_contact_main/openpoints/utils/registry.py -> /home/jetson/vmf/install/robot_grasping/lib/python3.10/site-packages/vmf_contact_main/openpoints/utils
[2.012s] copying /home/jetson/vmf/build/robot_grasping/build/lib/vmf_contact_main/openpoints/utils/metrics.py -> /home/jetson/vmf/install/robot_grasping/lib/python3.10/site-packages/vmf_contact_main/openpoints/utils
[2.012s] copying /home/jetson/vmf/build/robot_grasping/build/lib/vmf_contact_main/openpoints/utils/config.py -> /home/jetson/vmf/install/robot_grasping/lib/python3.10/site-packages/vmf_contact_main/openpoints/utils
[2.012s] copying /home/jetson/vmf/build/robot_grasping/build/lib/vmf_contact_main/openpoints/utils/ckpt_util.py -> /home/jetson/vmf/install/robot_grasping/lib/python3.10/site-packages/vmf_contact_main/openpoints/utils
[2.012s] copying /home/jetson/vmf/build/robot_grasping/build/lib/vmf_contact_main/openpoints/utils/random.py -> /home/jetson/vmf/install/robot_grasping/lib/python3.10/site-packages/vmf_contact_main/openpoints/utils
[2.012s] copying /home/jetson/vmf/build/robot_grasping/build/lib/vmf_contact_main/openpoints/utils/str2bool.py -> /home/jetson/vmf/install/robot_grasping/lib/python3.10/site-packages/vmf_contact_main/openpoints/utils
[2.013s] copying /home/jetson/vmf/build/robot_grasping/build/lib/vmf_contact_main/openpoints/utils/__init__.py -> /home/jetson/vmf/install/robot_grasping/lib/python3.10/site-packages/vmf_contact_main/openpoints/utils
[2.013s] copying /home/jetson/vmf/build/robot_grasping/build/lib/vmf_contact_main/openpoints/utils/logger.py -> /home/jetson/vmf/install/robot_grasping/lib/python3.10/site-packages/vmf_contact_main/openpoints/utils
[2.013s] creating /home/jetson/vmf/install/robot_grasping/lib/python3.10/site-packages/vmf_contact_main/openpoints/models
[2.013s] creating /home/jetson/vmf/install/robot_grasping/lib/python3.10/site-packages/vmf_contact_main/openpoints/models/reconstruction
[2.014s] copying /home/jetson/vmf/build/robot_grasping/build/lib/vmf_contact_main/openpoints/models/reconstruction/maskedpoint.py -> /home/jetson/vmf/install/robot_grasping/lib/python3.10/site-packages/vmf_contact_main/openpoints/models/reconstruction
[2.014s] copying /home/jetson/vmf/build/robot_grasping/build/lib/vmf_contact_main/openpoints/models/reconstruction/base_recontruct.py -> /home/jetson/vmf/install/robot_grasping/lib/python3.10/site-packages/vmf_contact_main/openpoints/models/reconstruction
[2.014s] copying /home/jetson/vmf/build/robot_grasping/build/lib/vmf_contact_main/openpoints/models/reconstruction/nodeshuffle.py -> /home/jetson/vmf/install/robot_grasping/lib/python3.10/site-packages/vmf_contact_main/openpoints/models/reconstruction
[2.014s] copying /home/jetson/vmf/build/robot_grasping/build/lib/vmf_contact_main/openpoints/models/reconstruction/maskedpointvit.py -> /home/jetson/vmf/install/robot_grasping/lib/python3.10/site-packages/vmf_contact_main/openpoints/models/reconstruction
[2.014s] copying /home/jetson/vmf/build/robot_grasping/build/lib/vmf_contact_main/openpoints/models/reconstruction/maskedpointgroup.py -> /home/jetson/vmf/install/robot_grasping/lib/python3.10/site-packages/vmf_contact_main/openpoints/models/reconstruction
[2.015s] copying /home/jetson/vmf/build/robot_grasping/build/lib/vmf_contact_main/openpoints/models/reconstruction/__init__.py -> /home/jetson/vmf/install/robot_grasping/lib/python3.10/site-packages/vmf_contact_main/openpoints/models/reconstruction
[2.015s] creating /home/jetson/vmf/install/robot_grasping/lib/python3.10/site-packages/vmf_contact_main/openpoints/models/grasp
[2.015s] copying /home/jetson/vmf/build/robot_grasping/build/lib/vmf_contact_main/openpoints/models/grasp/vit_grasp.py -> /home/jetson/vmf/install/robot_grasping/lib/python3.10/site-packages/vmf_contact_main/openpoints/models/grasp
[2.015s] copying /home/jetson/vmf/build/robot_grasping/build/lib/vmf_contact_main/openpoints/models/grasp/base_grasp.py -> /home/jetson/vmf/install/robot_grasping/lib/python3.10/site-packages/vmf_contact_main/openpoints/models/grasp
[2.015s] copying /home/jetson/vmf/build/robot_grasping/build/lib/vmf_contact_main/openpoints/models/grasp/__init__.py -> /home/jetson/vmf/install/robot_grasping/lib/python3.10/site-packages/vmf_contact_main/openpoints/models/grasp
[2.016s] creating /home/jetson/vmf/install/robot_grasping/lib/python3.10/site-packages/vmf_contact_main/openpoints/models/classification
[2.016s] copying /home/jetson/vmf/build/robot_grasping/build/lib/vmf_contact_main/openpoints/models/classification/cls_base.py -> /home/jetson/vmf/install/robot_grasping/lib/python3.10/site-packages/vmf_contact_main/openpoints/models/classification
[2.016s] copying /home/jetson/vmf/build/robot_grasping/build/lib/vmf_contact_main/openpoints/models/classification/point_bert.py -> /home/jetson/vmf/install/robot_grasping/lib/python3.10/site-packages/vmf_contact_main/openpoints/models/classification
[2.016s] copying /home/jetson/vmf/build/robot_grasping/build/lib/vmf_contact_main/openpoints/models/classification/__init__.py -> /home/jetson/vmf/install/robot_grasping/lib/python3.10/site-packages/vmf_contact_main/openpoints/models/classification
[2.016s] copying /home/jetson/vmf/build/robot_grasping/build/lib/vmf_contact_main/openpoints/models/build.py -> /home/jetson/vmf/install/robot_grasping/lib/python3.10/site-packages/vmf_contact_main/openpoints/models
[2.017s] copying /home/jetson/vmf/build/robot_grasping/build/lib/vmf_contact_main/openpoints/models/registry.py -> /home/jetson/vmf/install/robot_grasping/lib/python3.10/site-packages/vmf_contact_main/openpoints/models
[2.017s] creating /home/jetson/vmf/install/robot_grasping/lib/python3.10/site-packages/vmf_contact_main/openpoints/models/layers
[2.017s] copying /home/jetson/vmf/build/robot_grasping/build/lib/vmf_contact_main/openpoints/models/layers/graph_conv.py -> /home/jetson/vmf/install/robot_grasping/lib/python3.10/site-packages/vmf_contact_main/openpoints/models/layers
[2.017s] copying /home/jetson/vmf/build/robot_grasping/build/lib/vmf_contact_main/openpoints/models/layers/attention.py -> /home/jetson/vmf/install/robot_grasping/lib/python3.10/site-packages/vmf_contact_main/openpoints/models/layers
[2.017s] copying /home/jetson/vmf/build/robot_grasping/build/lib/vmf_contact_main/openpoints/models/layers/weight_init.py -> /home/jetson/vmf/install/robot_grasping/lib/python3.10/site-packages/vmf_contact_main/openpoints/models/layers
[2.018s] copying /home/jetson/vmf/build/robot_grasping/build/lib/vmf_contact_main/openpoints/models/layers/patch_embed.py -> /home/jetson/vmf/install/robot_grasping/lib/python3.10/site-packages/vmf_contact_main/openpoints/models/layers
[2.018s] copying /home/jetson/vmf/build/robot_grasping/build/lib/vmf_contact_main/openpoints/models/layers/local_aggregation.py -> /home/jetson/vmf/install/robot_grasping/lib/python3.10/site-packages/vmf_contact_main/openpoints/models/layers
[2.018s] copying /home/jetson/vmf/build/robot_grasping/build/lib/vmf_contact_main/openpoints/models/layers/knn.py -> /home/jetson/vmf/install/robot_grasping/lib/python3.10/site-packages/vmf_contact_main/openpoints/models/layers
[2.018s] copying /home/jetson/vmf/build/robot_grasping/build/lib/vmf_contact_main/openpoints/models/layers/activation.py -> /home/jetson/vmf/install/robot_grasping/lib/python3.10/site-packages/vmf_contact_main/openpoints/models/layers
[2.018s] copying /home/jetson/vmf/build/robot_grasping/build/lib/vmf_contact_main/openpoints/models/layers/helpers.py -> /home/jetson/vmf/install/robot_grasping/lib/python3.10/site-packages/vmf_contact_main/openpoints/models/layers
[2.019s] copying /home/jetson/vmf/build/robot_grasping/build/lib/vmf_contact_main/openpoints/models/layers/registry.py -> /home/jetson/vmf/install/robot_grasping/lib/python3.10/site-packages/vmf_contact_main/openpoints/models/layers
[2.019s] copying /home/jetson/vmf/build/robot_grasping/build/lib/vmf_contact_main/openpoints/models/layers/group_embed.py -> /home/jetson/vmf/install/robot_grasping/lib/python3.10/site-packages/vmf_contact_main/openpoints/models/layers
[2.019s] copying /home/jetson/vmf/build/robot_grasping/build/lib/vmf_contact_main/openpoints/models/layers/padding.py -> /home/jetson/vmf/install/robot_grasping/lib/python3.10/site-packages/vmf_contact_main/openpoints/models/layers
[2.019s] copying /home/jetson/vmf/build/robot_grasping/build/lib/vmf_contact_main/openpoints/models/layers/group.py -> /home/jetson/vmf/install/robot_grasping/lib/python3.10/site-packages/vmf_contact_main/openpoints/models/layers
[2.020s] copying /home/jetson/vmf/build/robot_grasping/build/lib/vmf_contact_main/openpoints/models/layers/norm.py -> /home/jetson/vmf/install/robot_grasping/lib/python3.10/site-packages/vmf_contact_main/openpoints/models/layers
[2.020s] copying /home/jetson/vmf/build/robot_grasping/build/lib/vmf_contact_main/openpoints/models/layers/mlp.py -> /home/jetson/vmf/install/robot_grasping/lib/python3.10/site-packages/vmf_contact_main/openpoints/models/layers
[2.020s] copying /home/jetson/vmf/build/robot_grasping/build/lib/vmf_contact_main/openpoints/models/layers/conv.py -> /home/jetson/vmf/install/robot_grasping/lib/python3.10/site-packages/vmf_contact_main/openpoints/models/layers
[2.020s] copying /home/jetson/vmf/build/robot_grasping/build/lib/vmf_contact_main/openpoints/models/layers/subsample.py -> /home/jetson/vmf/install/robot_grasping/lib/python3.10/site-packages/vmf_contact_main/openpoints/models/layers
[2.020s] copying /home/jetson/vmf/build/robot_grasping/build/lib/vmf_contact_main/openpoints/models/layers/kmeans.py -> /home/jetson/vmf/install/robot_grasping/lib/python3.10/site-packages/vmf_contact_main/openpoints/models/layers
[2.021s] copying /home/jetson/vmf/build/robot_grasping/build/lib/vmf_contact_main/openpoints/models/layers/upsampling.py -> /home/jetson/vmf/install/robot_grasping/lib/python3.10/site-packages/vmf_contact_main/openpoints/models/layers
[2.021s] copying /home/jetson/vmf/build/robot_grasping/build/lib/vmf_contact_main/openpoints/models/layers/__init__.py -> /home/jetson/vmf/install/robot_grasping/lib/python3.10/site-packages/vmf_contact_main/openpoints/models/layers
[2.021s] copying /home/jetson/vmf/build/robot_grasping/build/lib/vmf_contact_main/openpoints/models/layers/drop.py -> /home/jetson/vmf/install/robot_grasping/lib/python3.10/site-packages/vmf_contact_main/openpoints/models/layers
[2.021s] creating /home/jetson/vmf/install/robot_grasping/lib/python3.10/site-packages/vmf_contact_main/openpoints/models/backbone
[2.021s] copying /home/jetson/vmf/build/robot_grasping/build/lib/vmf_contact_main/openpoints/models/backbone/spotr.py -> /home/jetson/vmf/install/robot_grasping/lib/python3.10/site-packages/vmf_contact_main/openpoints/models/backbone
[2.022s] copying /home/jetson/vmf/build/robot_grasping/build/lib/vmf_contact_main/openpoints/models/backbone/Stratified_transformer.py -> /home/jetson/vmf/install/robot_grasping/lib/python3.10/site-packages/vmf_contact_main/openpoints/models/backbone
[2.022s] copying /home/jetson/vmf/build/robot_grasping/build/lib/vmf_contact_main/openpoints/models/backbone/graphvit3d.py -> /home/jetson/vmf/install/robot_grasping/lib/python3.10/site-packages/vmf_contact_main/openpoints/models/backbone
[2.022s] copying /home/jetson/vmf/build/robot_grasping/build/lib/vmf_contact_main/openpoints/models/backbone/randlenet.py -> /home/jetson/vmf/install/robot_grasping/lib/python3.10/site-packages/vmf_contact_main/openpoints/models/backbone
[2.022s] copying /home/jetson/vmf/build/robot_grasping/build/lib/vmf_contact_main/openpoints/models/backbone/simpleview.py -> /home/jetson/vmf/install/robot_grasping/lib/python3.10/site-packages/vmf_contact_main/openpoints/models/backbone
[2.022s] copying /home/jetson/vmf/build/robot_grasping/build/lib/vmf_contact_main/openpoints/models/backbone/baafnet.py -> /home/jetson/vmf/install/robot_grasping/lib/python3.10/site-packages/vmf_contact_main/openpoints/models/backbone
[2.023s] copying /home/jetson/vmf/build/robot_grasping/build/lib/vmf_contact_main/openpoints/models/backbone/deepgcn.py -> /home/jetson/vmf/install/robot_grasping/lib/python3.10/site-packages/vmf_contact_main/openpoints/models/backbone
[2.023s] copying /home/jetson/vmf/build/robot_grasping/build/lib/vmf_contact_main/openpoints/models/backbone/grouppointnet.py -> /home/jetson/vmf/install/robot_grasping/lib/python3.10/site-packages/vmf_contact_main/openpoints/models/backbone
[2.023s] copying /home/jetson/vmf/build/robot_grasping/build/lib/vmf_contact_main/openpoints/models/backbone/simpleview_util.py -> /home/jetson/vmf/install/robot_grasping/lib/python3.10/site-packages/vmf_contact_main/openpoints/models/backbone
[2.023s] copying /home/jetson/vmf/build/robot_grasping/build/lib/vmf_contact_main/openpoints/models/backbone/pointvit.py -> /home/jetson/vmf/install/robot_grasping/lib/python3.10/site-packages/vmf_contact_main/openpoints/models/backbone
[2.023s] copying /home/jetson/vmf/build/robot_grasping/build/lib/vmf_contact_main/openpoints/models/backbone/dgcnn.py -> /home/jetson/vmf/install/robot_grasping/lib/python3.10/site-packages/vmf_contact_main/openpoints/models/backbone
[2.024s] copying /home/jetson/vmf/build/robot_grasping/build/lib/vmf_contact_main/openpoints/models/backbone/ball_dgcnn.py -> /home/jetson/vmf/install/robot_grasping/lib/python3.10/site-packages/vmf_contact_main/openpoints/models/backbone
[2.024s] copying /home/jetson/vmf/build/robot_grasping/build/lib/vmf_contact_main/openpoints/models/backbone/pointnextPyG.py -> /home/jetson/vmf/install/robot_grasping/lib/python3.10/site-packages/vmf_contact_main/openpoints/models/backbone
[2.024s] copying /home/jetson/vmf/build/robot_grasping/build/lib/vmf_contact_main/openpoints/models/backbone/pointvit_inv_old.py -> /home/jetson/vmf/install/robot_grasping/lib/python3.10/site-packages/vmf_contact_main/openpoints/models/backbone
[2.024s] copying /home/jetson/vmf/build/robot_grasping/build/lib/vmf_contact_main/openpoints/models/backbone/pointvector.py -> /home/jetson/vmf/install/robot_grasping/lib/python3.10/site-packages/vmf_contact_main/openpoints/models/backbone
[2.024s] copying /home/jetson/vmf/build/robot_grasping/build/lib/vmf_contact_main/openpoints/models/backbone/pointmlp.py -> /home/jetson/vmf/install/robot_grasping/lib/python3.10/site-packages/vmf_contact_main/openpoints/models/backbone
[2.025s] copying /home/jetson/vmf/build/robot_grasping/build/lib/vmf_contact_main/openpoints/models/backbone/pointnet.py -> /home/jetson/vmf/install/robot_grasping/lib/python3.10/site-packages/vmf_contact_main/openpoints/models/backbone
[2.025s] copying /home/jetson/vmf/build/robot_grasping/build/lib/vmf_contact_main/openpoints/models/backbone/pct.py -> /home/jetson/vmf/install/robot_grasping/lib/python3.10/site-packages/vmf_contact_main/openpoints/models/backbone
[2.025s] copying /home/jetson/vmf/build/robot_grasping/build/lib/vmf_contact_main/openpoints/models/backbone/debug_invvit.py -> /home/jetson/vmf/install/robot_grasping/lib/python3.10/site-packages/vmf_contact_main/openpoints/models/backbone
[2.025s] copying /home/jetson/vmf/build/robot_grasping/build/lib/vmf_contact_main/openpoints/models/backbone/pointnext.py -> /home/jetson/vmf/install/robot_grasping/lib/python3.10/site-packages/vmf_contact_main/openpoints/models/backbone
[2.025s] copying /home/jetson/vmf/build/robot_grasping/build/lib/vmf_contact_main/openpoints/models/backbone/curvenet.py -> /home/jetson/vmf/install/robot_grasping/lib/python3.10/site-packages/vmf_contact_main/openpoints/models/backbone
[2.026s] copying /home/jetson/vmf/build/robot_grasping/build/lib/vmf_contact_main/openpoints/models/backbone/pointtransformer.py -> /home/jetson/vmf/install/robot_grasping/lib/python3.10/site-packages/vmf_contact_main/openpoints/models/backbone
[2.026s] copying /home/jetson/vmf/build/robot_grasping/build/lib/vmf_contact_main/openpoints/models/backbone/resnet.py -> /home/jetson/vmf/install/robot_grasping/lib/python3.10/site-packages/vmf_contact_main/openpoints/models/backbone
[2.026s] copying /home/jetson/vmf/build/robot_grasping/build/lib/vmf_contact_main/openpoints/models/backbone/pointnetv2.py -> /home/jetson/vmf/install/robot_grasping/lib/python3.10/site-packages/vmf_contact_main/openpoints/models/backbone
[2.026s] copying /home/jetson/vmf/build/robot_grasping/build/lib/vmf_contact_main/openpoints/models/backbone/__init__.py -> /home/jetson/vmf/install/robot_grasping/lib/python3.10/site-packages/vmf_contact_main/openpoints/models/backbone
[2.026s] copying /home/jetson/vmf/build/robot_grasping/build/lib/vmf_contact_main/openpoints/models/backbone/pointvit_inv.py -> /home/jetson/vmf/install/robot_grasping/lib/python3.10/site-packages/vmf_contact_main/openpoints/models/backbone
[2.027s] creating /home/jetson/vmf/install/robot_grasping/lib/python3.10/site-packages/vmf_contact_main/openpoints/models/segmentation
[2.027s] copying /home/jetson/vmf/build/robot_grasping/build/lib/vmf_contact_main/openpoints/models/segmentation/base_seg.py -> /home/jetson/vmf/install/robot_grasping/lib/python3.10/site-packages/vmf_contact_main/openpoints/models/segmentation
[2.027s] copying /home/jetson/vmf/build/robot_grasping/build/lib/vmf_contact_main/openpoints/models/segmentation/vit_seg.py -> /home/jetson/vmf/install/robot_grasping/lib/python3.10/site-packages/vmf_contact_main/openpoints/models/segmentation
[2.027s] copying /home/jetson/vmf/build/robot_grasping/build/lib/vmf_contact_main/openpoints/models/segmentation/__init__.py -> /home/jetson/vmf/install/robot_grasping/lib/python3.10/site-packages/vmf_contact_main/openpoints/models/segmentation
[2.027s] copying /home/jetson/vmf/build/robot_grasping/build/lib/vmf_contact_main/openpoints/models/__init__.py -> /home/jetson/vmf/install/robot_grasping/lib/python3.10/site-packages/vmf_contact_main/openpoints/models
[2.028s] creating /home/jetson/vmf/install/robot_grasping/lib/python3.10/site-packages/vmf_contact_main/openpoints/scheduler
[2.028s] copying /home/jetson/vmf/build/robot_grasping/build/lib/vmf_contact_main/openpoints/scheduler/multistep_lr.py -> /home/jetson/vmf/install/robot_grasping/lib/python3.10/site-packages/vmf_contact_main/openpoints/scheduler
[2.028s] copying /home/jetson/vmf/build/robot_grasping/build/lib/vmf_contact_main/openpoints/scheduler/step_lr.py -> /home/jetson/vmf/install/robot_grasping/lib/python3.10/site-packages/vmf_contact_main/openpoints/scheduler
[2.028s] copying /home/jetson/vmf/build/robot_grasping/build/lib/vmf_contact_main/openpoints/scheduler/poly_lr.py -> /home/jetson/vmf/install/robot_grasping/lib/python3.10/site-packages/vmf_contact_main/openpoints/scheduler
[2.028s] copying /home/jetson/vmf/build/robot_grasping/build/lib/vmf_contact_main/openpoints/scheduler/plateau_lr.py -> /home/jetson/vmf/install/robot_grasping/lib/python3.10/site-packages/vmf_contact_main/openpoints/scheduler
[2.029s] copying /home/jetson/vmf/build/robot_grasping/build/lib/vmf_contact_main/openpoints/scheduler/scheduler_factory.py -> /home/jetson/vmf/install/robot_grasping/lib/python3.10/site-packages/vmf_contact_main/openpoints/scheduler
[2.029s] copying /home/jetson/vmf/build/robot_grasping/build/lib/vmf_contact_main/openpoints/scheduler/cosine_lr.py -> /home/jetson/vmf/install/robot_grasping/lib/python3.10/site-packages/vmf_contact_main/openpoints/scheduler
[2.029s] copying /home/jetson/vmf/build/robot_grasping/build/lib/vmf_contact_main/openpoints/scheduler/scheduler.py -> /home/jetson/vmf/install/robot_grasping/lib/python3.10/site-packages/vmf_contact_main/openpoints/scheduler
[2.029s] copying /home/jetson/vmf/build/robot_grasping/build/lib/vmf_contact_main/openpoints/scheduler/tanh_lr.py -> /home/jetson/vmf/install/robot_grasping/lib/python3.10/site-packages/vmf_contact_main/openpoints/scheduler
[2.029s] copying /home/jetson/vmf/build/robot_grasping/build/lib/vmf_contact_main/openpoints/scheduler/__init__.py -> /home/jetson/vmf/install/robot_grasping/lib/python3.10/site-packages/vmf_contact_main/openpoints/scheduler
[2.029s] creating /home/jetson/vmf/install/robot_grasping/lib/python3.10/site-packages/vmf_contact_main/openpoints/loss
[2.030s] copying /home/jetson/vmf/build/robot_grasping/build/lib/vmf_contact_main/openpoints/loss/cross_entropy.py -> /home/jetson/vmf/install/robot_grasping/lib/python3.10/site-packages/vmf_contact_main/openpoints/loss
[2.030s] copying /home/jetson/vmf/build/robot_grasping/build/lib/vmf_contact_main/openpoints/loss/build.py -> /home/jetson/vmf/install/robot_grasping/lib/python3.10/site-packages/vmf_contact_main/openpoints/loss
[2.030s] copying /home/jetson/vmf/build/robot_grasping/build/lib/vmf_contact_main/openpoints/loss/distill_loss.py -> /home/jetson/vmf/install/robot_grasping/lib/python3.10/site-packages/vmf_contact_main/openpoints/loss
[2.030s] copying /home/jetson/vmf/build/robot_grasping/build/lib/vmf_contact_main/openpoints/loss/__init__.py -> /home/jetson/vmf/install/robot_grasping/lib/python3.10/site-packages/vmf_contact_main/openpoints/loss
[2.030s] creating /home/jetson/vmf/install/robot_grasping/lib/python3.10/site-packages/vmf_contact_main/openpoints/dataset
[2.030s] creating /home/jetson/vmf/install/robot_grasping/lib/python3.10/site-packages/vmf_contact_main/openpoints/dataset/pcqm4m
[2.031s] copying /home/jetson/vmf/build/robot_grasping/build/lib/vmf_contact_main/openpoints/dataset/pcqm4m/data.py -> /home/jetson/vmf/install/robot_grasping/lib/python3.10/site-packages/vmf_contact_main/openpoints/dataset/pcqm4m
[2.031s] copying /home/jetson/vmf/build/robot_grasping/build/lib/vmf_contact_main/openpoints/dataset/pcqm4m/__init__.py -> /home/jetson/vmf/install/robot_grasping/lib/python3.10/site-packages/vmf_contact_main/openpoints/dataset/pcqm4m
[2.031s] creating /home/jetson/vmf/install/robot_grasping/lib/python3.10/site-packages/vmf_contact_main/openpoints/dataset/graph_dataset
[2.031s] copying /home/jetson/vmf/build/robot_grasping/build/lib/vmf_contact_main/openpoints/dataset/graph_dataset/svd_encodings_dataset.py -> /home/jetson/vmf/install/robot_grasping/lib/python3.10/site-packages/vmf_contact_main/openpoints/dataset/graph_dataset
[2.031s] copying /home/jetson/vmf/build/robot_grasping/build/lib/vmf_contact_main/openpoints/dataset/graph_dataset/structural_dataset.py -> /home/jetson/vmf/install/robot_grasping/lib/python3.10/site-packages/vmf_contact_main/openpoints/dataset/graph_dataset
[2.032s] copying /home/jetson/vmf/build/robot_grasping/build/lib/vmf_contact_main/openpoints/dataset/graph_dataset/stack_with_pad.py -> /home/jetson/vmf/install/robot_grasping/lib/python3.10/site-packages/vmf_contact_main/openpoints/dataset/graph_dataset
[2.032s] copying /home/jetson/vmf/build/robot_grasping/build/lib/vmf_contact_main/openpoints/dataset/graph_dataset/graph_dataset.py -> /home/jetson/vmf/install/robot_grasping/lib/python3.10/site-packages/vmf_contact_main/openpoints/dataset/graph_dataset
[2.032s] copying /home/jetson/vmf/build/robot_grasping/build/lib/vmf_contact_main/openpoints/dataset/graph_dataset/__init__.py -> /home/jetson/vmf/install/robot_grasping/lib/python3.10/site-packages/vmf_contact_main/openpoints/dataset/graph_dataset
[2.032s] creating /home/jetson/vmf/install/robot_grasping/lib/python3.10/site-packages/vmf_contact_main/openpoints/dataset/pcqm4mv2
[2.032s] copying /home/jetson/vmf/build/robot_grasping/build/lib/vmf_contact_main/openpoints/dataset/pcqm4mv2/data.py -> /home/jetson/vmf/install/robot_grasping/lib/python3.10/site-packages/vmf_contact_main/openpoints/dataset/pcqm4mv2
[2.033s] copying /home/jetson/vmf/build/robot_grasping/build/lib/vmf_contact_main/openpoints/dataset/pcqm4mv2/__init__.py -> /home/jetson/vmf/install/robot_grasping/lib/python3.10/site-packages/vmf_contact_main/openpoints/dataset/pcqm4mv2
[2.033s] copying /home/jetson/vmf/build/robot_grasping/build/lib/vmf_contact_main/openpoints/dataset/dataset_base.py -> /home/jetson/vmf/install/robot_grasping/lib/python3.10/site-packages/vmf_contact_main/openpoints/dataset
[2.033s] creating /home/jetson/vmf/install/robot_grasping/lib/python3.10/site-packages/vmf_contact_main/openpoints/dataset/atom3d
[2.033s] copying /home/jetson/vmf/build/robot_grasping/build/lib/vmf_contact_main/openpoints/dataset/atom3d/psr.py -> /home/jetson/vmf/install/robot_grasping/lib/python3.10/site-packages/vmf_contact_main/openpoints/dataset/atom3d
[2.033s] copying /home/jetson/vmf/build/robot_grasping/build/lib/vmf_contact_main/openpoints/dataset/atom3d/__init__.py -> /home/jetson/vmf/install/robot_grasping/lib/python3.10/site-packages/vmf_contact_main/openpoints/dataset/atom3d
[2.034s] copying /home/jetson/vmf/build/robot_grasping/build/lib/vmf_contact_main/openpoints/dataset/build.py -> /home/jetson/vmf/install/robot_grasping/lib/python3.10/site-packages/vmf_contact_main/openpoints/dataset
[2.034s] copying /home/jetson/vmf/build/robot_grasping/build/lib/vmf_contact_main/openpoints/dataset/data_util.py -> /home/jetson/vmf/install/robot_grasping/lib/python3.10/site-packages/vmf_contact_main/openpoints/dataset
[2.034s] creating /home/jetson/vmf/install/robot_grasping/lib/python3.10/site-packages/vmf_contact_main/openpoints/dataset/s3dis
[2.034s] copying /home/jetson/vmf/build/robot_grasping/build/lib/vmf_contact_main/openpoints/dataset/s3dis/s3dis.py -> /home/jetson/vmf/install/robot_grasping/lib/python3.10/site-packages/vmf_contact_main/openpoints/dataset/s3dis
[2.035s] copying /home/jetson/vmf/build/robot_grasping/build/lib/vmf_contact_main/openpoints/dataset/s3dis/s3dis_sphere.py -> /home/jetson/vmf/install/robot_grasping/lib/python3.10/site-packages/vmf_contact_main/openpoints/dataset/s3dis
[2.035s] copying /home/jetson/vmf/build/robot_grasping/build/lib/vmf_contact_main/openpoints/dataset/s3dis/s3dis_block.py -> /home/jetson/vmf/install/robot_grasping/lib/python3.10/site-packages/vmf_contact_main/openpoints/dataset/s3dis
[2.035s] copying /home/jetson/vmf/build/robot_grasping/build/lib/vmf_contact_main/openpoints/dataset/s3dis/__init__.py -> /home/jetson/vmf/install/robot_grasping/lib/python3.10/site-packages/vmf_contact_main/openpoints/dataset/s3dis
[2.035s] creating /home/jetson/vmf/install/robot_grasping/lib/python3.10/site-packages/vmf_contact_main/openpoints/dataset/shapenetpart
[2.035s] copying /home/jetson/vmf/build/robot_grasping/build/lib/vmf_contact_main/openpoints/dataset/shapenetpart/shapenetpart.py -> /home/jetson/vmf/install/robot_grasping/lib/python3.10/site-packages/vmf_contact_main/openpoints/dataset/shapenetpart
[2.036s] copying /home/jetson/vmf/build/robot_grasping/build/lib/vmf_contact_main/openpoints/dataset/shapenetpart/shapenet55.py -> /home/jetson/vmf/install/robot_grasping/lib/python3.10/site-packages/vmf_contact_main/openpoints/dataset/shapenetpart
[2.036s] copying /home/jetson/vmf/build/robot_grasping/build/lib/vmf_contact_main/openpoints/dataset/shapenetpart/__init__.py -> /home/jetson/vmf/install/robot_grasping/lib/python3.10/site-packages/vmf_contact_main/openpoints/dataset/shapenetpart
[2.036s] copying /home/jetson/vmf/build/robot_grasping/build/lib/vmf_contact_main/openpoints/dataset/vis2d.py -> /home/jetson/vmf/install/robot_grasping/lib/python3.10/site-packages/vmf_contact_main/openpoints/dataset
[2.036s] creating /home/jetson/vmf/install/robot_grasping/lib/python3.10/site-packages/vmf_contact_main/openpoints/dataset/modelnet
[2.036s] copying /home/jetson/vmf/build/robot_grasping/build/lib/vmf_contact_main/openpoints/dataset/modelnet/modelnet40_normal_resampled_loader.py -> /home/jetson/vmf/install/robot_grasping/lib/python3.10/site-packages/vmf_contact_main/openpoints/dataset/modelnet
[2.036s] copying /home/jetson/vmf/build/robot_grasping/build/lib/vmf_contact_main/openpoints/dataset/modelnet/modelnet40_ply_2048_loader.py -> /home/jetson/vmf/install/robot_grasping/lib/python3.10/site-packages/vmf_contact_main/openpoints/dataset/modelnet
[2.036s] copying /home/jetson/vmf/build/robot_grasping/build/lib/vmf_contact_main/openpoints/dataset/modelnet/__init__.py -> /home/jetson/vmf/install/robot_grasping/lib/python3.10/site-packages/vmf_contact_main/openpoints/dataset/modelnet
[2.037s] creating /home/jetson/vmf/install/robot_grasping/lib/python3.10/site-packages/vmf_contact_main/openpoints/dataset/shapenet
[2.037s] copying /home/jetson/vmf/build/robot_grasping/build/lib/vmf_contact_main/openpoints/dataset/shapenet/shapenetpart.py -> /home/jetson/vmf/install/robot_grasping/lib/python3.10/site-packages/vmf_contact_main/openpoints/dataset/shapenet
[2.037s] copying /home/jetson/vmf/build/robot_grasping/build/lib/vmf_contact_main/openpoints/dataset/shapenet/shapenet55.py -> /home/jetson/vmf/install/robot_grasping/lib/python3.10/site-packages/vmf_contact_main/openpoints/dataset/shapenet
[2.037s] copying /home/jetson/vmf/build/robot_grasping/build/lib/vmf_contact_main/openpoints/dataset/shapenet/__init__.py -> /home/jetson/vmf/install/robot_grasping/lib/python3.10/site-packages/vmf_contact_main/openpoints/dataset/shapenet
[2.037s] creating /home/jetson/vmf/install/robot_grasping/lib/python3.10/site-packages/vmf_contact_main/openpoints/dataset/matterport3d
[2.038s] copying /home/jetson/vmf/build/robot_grasping/build/lib/vmf_contact_main/openpoints/dataset/matterport3d/matterport3d_dataprocessing.py -> /home/jetson/vmf/install/robot_grasping/lib/python3.10/site-packages/vmf_contact_main/openpoints/dataset/matterport3d
[2.038s] copying /home/jetson/vmf/build/robot_grasping/build/lib/vmf_contact_main/openpoints/dataset/matterport3d/__init__.py -> /home/jetson/vmf/install/robot_grasping/lib/python3.10/site-packages/vmf_contact_main/openpoints/dataset/matterport3d
[2.038s] copying /home/jetson/vmf/build/robot_grasping/build/lib/vmf_contact_main/openpoints/dataset/matterport3d/matterport3d.py -> /home/jetson/vmf/install/robot_grasping/lib/python3.10/site-packages/vmf_contact_main/openpoints/dataset/matterport3d
[2.038s] creating /home/jetson/vmf/install/robot_grasping/lib/python3.10/site-packages/vmf_contact_main/openpoints/dataset/semantic_kitti
[2.039s] copying /home/jetson/vmf/build/robot_grasping/build/lib/vmf_contact_main/openpoints/dataset/semantic_kitti/semantickitti.py -> /home/jetson/vmf/install/robot_grasping/lib/python3.10/site-packages/vmf_contact_main/openpoints/dataset/semantic_kitti
[2.039s] copying /home/jetson/vmf/build/robot_grasping/build/lib/vmf_contact_main/openpoints/dataset/semantic_kitti/helper_tool.py -> /home/jetson/vmf/install/robot_grasping/lib/python3.10/site-packages/vmf_contact_main/openpoints/dataset/semantic_kitti
[2.039s] copying /home/jetson/vmf/build/robot_grasping/build/lib/vmf_contact_main/openpoints/dataset/semantic_kitti/__init__.py -> /home/jetson/vmf/install/robot_grasping/lib/python3.10/site-packages/vmf_contact_main/openpoints/dataset/semantic_kitti
[2.039s] copying /home/jetson/vmf/build/robot_grasping/build/lib/vmf_contact_main/openpoints/dataset/grid_sample.py -> /home/jetson/vmf/install/robot_grasping/lib/python3.10/site-packages/vmf_contact_main/openpoints/dataset
[2.040s] creating /home/jetson/vmf/install/robot_grasping/lib/python3.10/site-packages/vmf_contact_main/openpoints/dataset/molpcba
[2.040s] copying /home/jetson/vmf/build/robot_grasping/build/lib/vmf_contact_main/openpoints/dataset/molpcba/data.py -> /home/jetson/vmf/install/robot_grasping/lib/python3.10/site-packages/vmf_contact_main/openpoints/dataset/molpcba
[2.040s] copying /home/jetson/vmf/build/robot_grasping/build/lib/vmf_contact_main/openpoints/dataset/molpcba/__init__.py -> /home/jetson/vmf/install/robot_grasping/lib/python3.10/site-packages/vmf_contact_main/openpoints/dataset/molpcba
[2.040s] creating /home/jetson/vmf/install/robot_grasping/lib/python3.10/site-packages/vmf_contact_main/openpoints/dataset/scanobjectnn
[2.040s] copying /home/jetson/vmf/build/robot_grasping/build/lib/vmf_contact_main/openpoints/dataset/scanobjectnn/scanobjectnn.py -> /home/jetson/vmf/install/robot_grasping/lib/python3.10/site-packages/vmf_contact_main/openpoints/dataset/scanobjectnn
[2.040s] copying /home/jetson/vmf/build/robot_grasping/build/lib/vmf_contact_main/openpoints/dataset/scanobjectnn/__init__.py -> /home/jetson/vmf/install/robot_grasping/lib/python3.10/site-packages/vmf_contact_main/openpoints/dataset/scanobjectnn
[2.041s] creating /home/jetson/vmf/install/robot_grasping/lib/python3.10/site-packages/vmf_contact_main/openpoints/dataset/molhiv
[2.041s] copying /home/jetson/vmf/build/robot_grasping/build/lib/vmf_contact_main/openpoints/dataset/molhiv/data.py -> /home/jetson/vmf/install/robot_grasping/lib/python3.10/site-packages/vmf_contact_main/openpoints/dataset/molhiv
[2.041s] copying /home/jetson/vmf/build/robot_grasping/build/lib/vmf_contact_main/openpoints/dataset/molhiv/__init__.py -> /home/jetson/vmf/install/robot_grasping/lib/python3.10/site-packages/vmf_contact_main/openpoints/dataset/molhiv
[2.041s] creating /home/jetson/vmf/install/robot_grasping/lib/python3.10/site-packages/vmf_contact_main/openpoints/dataset/parsers
[2.041s] copying /home/jetson/vmf/build/robot_grasping/build/lib/vmf_contact_main/openpoints/dataset/parsers/parser_factory.py -> /home/jetson/vmf/install/robot_grasping/lib/python3.10/site-packages/vmf_contact_main/openpoints/dataset/parsers
[2.041s] copying /home/jetson/vmf/build/robot_grasping/build/lib/vmf_contact_main/openpoints/dataset/parsers/parser_image_tar.py -> /home/jetson/vmf/install/robot_grasping/lib/python3.10/site-packages/vmf_contact_main/openpoints/dataset/parsers
[2.042s] copying /home/jetson/vmf/build/robot_grasping/build/lib/vmf_contact_main/openpoints/dataset/parsers/parser_tfds.py -> /home/jetson/vmf/install/robot_grasping/lib/python3.10/site-packages/vmf_contact_main/openpoints/dataset/parsers
[2.042s] copying /home/jetson/vmf/build/robot_grasping/build/lib/vmf_contact_main/openpoints/dataset/parsers/parser_image_folder.py -> /home/jetson/vmf/install/robot_grasping/lib/python3.10/site-packages/vmf_contact_main/openpoints/dataset/parsers
[2.042s] copying /home/jetson/vmf/build/robot_grasping/build/lib/vmf_contact_main/openpoints/dataset/parsers/parser_image_in_tar.py -> /home/jetson/vmf/install/robot_grasping/lib/python3.10/site-packages/vmf_contact_main/openpoints/dataset/parsers
[2.042s] copying /home/jetson/vmf/build/robot_grasping/build/lib/vmf_contact_main/openpoints/dataset/parsers/constants.py -> /home/jetson/vmf/install/robot_grasping/lib/python3.10/site-packages/vmf_contact_main/openpoints/dataset/parsers
[2.042s] copying /home/jetson/vmf/build/robot_grasping/build/lib/vmf_contact_main/openpoints/dataset/parsers/parser.py -> /home/jetson/vmf/install/robot_grasping/lib/python3.10/site-packages/vmf_contact_main/openpoints/dataset/parsers
[2.042s] copying /home/jetson/vmf/build/robot_grasping/build/lib/vmf_contact_main/openpoints/dataset/parsers/class_map.py -> /home/jetson/vmf/install/robot_grasping/lib/python3.10/site-packages/vmf_contact_main/openpoints/dataset/parsers
[2.042s] copying /home/jetson/vmf/build/robot_grasping/build/lib/vmf_contact_main/openpoints/dataset/parsers/__init__.py -> /home/jetson/vmf/install/robot_grasping/lib/python3.10/site-packages/vmf_contact_main/openpoints/dataset/parsers
[2.043s] copying /home/jetson/vmf/build/robot_grasping/build/lib/vmf_contact_main/openpoints/dataset/vis3d.py -> /home/jetson/vmf/install/robot_grasping/lib/python3.10/site-packages/vmf_contact_main/openpoints/dataset
[2.043s] creating /home/jetson/vmf/install/robot_grasping/lib/python3.10/site-packages/vmf_contact_main/openpoints/dataset/scannetv2
[2.043s] copying /home/jetson/vmf/build/robot_grasping/build/lib/vmf_contact_main/openpoints/dataset/scannetv2/scannet.py -> /home/jetson/vmf/install/robot_grasping/lib/python3.10/site-packages/vmf_contact_main/openpoints/dataset/scannetv2
[2.043s] copying /home/jetson/vmf/build/robot_grasping/build/lib/vmf_contact_main/openpoints/dataset/scannetv2/__init__.py -> /home/jetson/vmf/install/robot_grasping/lib/python3.10/site-packages/vmf_contact_main/openpoints/dataset/scannetv2
[2.043s] copying /home/jetson/vmf/build/robot_grasping/build/lib/vmf_contact_main/openpoints/dataset/datalist.py -> /home/jetson/vmf/install/robot_grasping/lib/python3.10/site-packages/vmf_contact_main/openpoints/dataset
[2.043s] copying /home/jetson/vmf/build/robot_grasping/build/lib/vmf_contact_main/openpoints/dataset/__init__.py -> /home/jetson/vmf/install/robot_grasping/lib/python3.10/site-packages/vmf_contact_main/openpoints/dataset
[2.044s] copying /home/jetson/vmf/build/robot_grasping/build/lib/vmf_contact_main/openpoints/__init__.py -> /home/jetson/vmf/install/robot_grasping/lib/python3.10/site-packages/vmf_contact_main/openpoints
[2.044s] creating /home/jetson/vmf/install/robot_grasping/lib/python3.10/site-packages/vmf_contact_main/openpoints/optim
[2.044s] copying /home/jetson/vmf/build/robot_grasping/build/lib/vmf_contact_main/openpoints/optim/radam.py -> /home/jetson/vmf/install/robot_grasping/lib/python3.10/site-packages/vmf_contact_main/openpoints/optim
[2.044s] copying /home/jetson/vmf/build/robot_grasping/build/lib/vmf_contact_main/openpoints/optim/adafactor.py -> /home/jetson/vmf/install/robot_grasping/lib/python3.10/site-packages/vmf_contact_main/openpoints/optim
[2.044s] copying /home/jetson/vmf/build/robot_grasping/build/lib/vmf_contact_main/openpoints/optim/adamw.py -> /home/jetson/vmf/install/robot_grasping/lib/python3.10/site-packages/vmf_contact_main/openpoints/optim
[2.045s] copying /home/jetson/vmf/build/robot_grasping/build/lib/vmf_contact_main/openpoints/optim/sgdp.py -> /home/jetson/vmf/install/robot_grasping/lib/python3.10/site-packages/vmf_contact_main/openpoints/optim
[2.045s] copying /home/jetson/vmf/build/robot_grasping/build/lib/vmf_contact_main/openpoints/optim/rmsprop_tf.py -> /home/jetson/vmf/install/robot_grasping/lib/python3.10/site-packages/vmf_contact_main/openpoints/optim
[2.045s] copying /home/jetson/vmf/build/robot_grasping/build/lib/vmf_contact_main/openpoints/optim/optim_factory.py -> /home/jetson/vmf/install/robot_grasping/lib/python3.10/site-packages/vmf_contact_main/openpoints/optim
[2.045s] copying /home/jetson/vmf/build/robot_grasping/build/lib/vmf_contact_main/openpoints/optim/lars.py -> /home/jetson/vmf/install/robot_grasping/lib/python3.10/site-packages/vmf_contact_main/openpoints/optim
[2.045s] copying /home/jetson/vmf/build/robot_grasping/build/lib/vmf_contact_main/openpoints/optim/adahessian.py -> /home/jetson/vmf/install/robot_grasping/lib/python3.10/site-packages/vmf_contact_main/openpoints/optim
[2.045s] copying /home/jetson/vmf/build/robot_grasping/build/lib/vmf_contact_main/openpoints/optim/lookahead.py -> /home/jetson/vmf/install/robot_grasping/lib/python3.10/site-packages/vmf_contact_main/openpoints/optim
[2.045s] copying /home/jetson/vmf/build/robot_grasping/build/lib/vmf_contact_main/openpoints/optim/nadam.py -> /home/jetson/vmf/install/robot_grasping/lib/python3.10/site-packages/vmf_contact_main/openpoints/optim
[2.046s] copying /home/jetson/vmf/build/robot_grasping/build/lib/vmf_contact_main/openpoints/optim/adamp.py -> /home/jetson/vmf/install/robot_grasping/lib/python3.10/site-packages/vmf_contact_main/openpoints/optim
[2.046s] copying /home/jetson/vmf/build/robot_grasping/build/lib/vmf_contact_main/openpoints/optim/adabelief.py -> /home/jetson/vmf/install/robot_grasping/lib/python3.10/site-packages/vmf_contact_main/openpoints/optim
[2.046s] copying /home/jetson/vmf/build/robot_grasping/build/lib/vmf_contact_main/openpoints/optim/lamb.py -> /home/jetson/vmf/install/robot_grasping/lib/python3.10/site-packages/vmf_contact_main/openpoints/optim
[2.046s] copying /home/jetson/vmf/build/robot_grasping/build/lib/vmf_contact_main/openpoints/optim/__init__.py -> /home/jetson/vmf/install/robot_grasping/lib/python3.10/site-packages/vmf_contact_main/openpoints/optim
[2.046s] copying /home/jetson/vmf/build/robot_grasping/build/lib/vmf_contact_main/openpoints/optim/madgrad.py -> /home/jetson/vmf/install/robot_grasping/lib/python3.10/site-packages/vmf_contact_main/openpoints/optim
[2.046s] copying /home/jetson/vmf/build/robot_grasping/build/lib/vmf_contact_main/openpoints/optim/nvnovograd.py -> /home/jetson/vmf/install/robot_grasping/lib/python3.10/site-packages/vmf_contact_main/openpoints/optim
[2.046s] copying /home/jetson/vmf/build/robot_grasping/build/lib/vmf_contact_main/__init__.py -> /home/jetson/vmf/install/robot_grasping/lib/python3.10/site-packages/vmf_contact_main
[2.047s] creating /home/jetson/vmf/install/robot_grasping/lib/python3.10/site-packages/ros2_nodes
[2.047s] copying /home/jetson/vmf/build/robot_grasping/build/lib/ros2_nodes/camera_utils.py -> /home/jetson/vmf/install/robot_grasping/lib/python3.10/site-packages/ros2_nodes
[2.047s] copying /home/jetson/vmf/build/robot_grasping/build/lib/ros2_nodes/utils_camera.py -> /home/jetson/vmf/install/robot_grasping/lib/python3.10/site-packages/ros2_nodes
[2.047s] copying /home/jetson/vmf/build/robot_grasping/build/lib/ros2_nodes/inference_node_vlm.py -> /home/jetson/vmf/install/robot_grasping/lib/python3.10/site-packages/ros2_nodes
[2.047s] copying /home/jetson/vmf/build/robot_grasping/build/lib/ros2_nodes/inference_node_data.py -> /home/jetson/vmf/install/robot_grasping/lib/python3.10/site-packages/ros2_nodes
[2.047s] copying /home/jetson/vmf/build/robot_grasping/build/lib/ros2_nodes/test_frame_saver.py -> /home/jetson/vmf/install/robot_grasping/lib/python3.10/site-packages/ros2_nodes
[2.047s] copying /home/jetson/vmf/build/robot_grasping/build/lib/ros2_nodes/inference_node_giga_active.py -> /home/jetson/vmf/install/robot_grasping/lib/python3.10/site-packages/ros2_nodes
[2.048s] copying /home/jetson/vmf/build/robot_grasping/build/lib/ros2_nodes/inference_node_vmf.py -> /home/jetson/vmf/install/robot_grasping/lib/python3.10/site-packages/ros2_nodes
[2.048s] copying /home/jetson/vmf/build/robot_grasping/build/lib/ros2_nodes/utils_node.py -> /home/jetson/vmf/install/robot_grasping/lib/python3.10/site-packages/ros2_nodes
[2.048s] copying /home/jetson/vmf/build/robot_grasping/build/lib/ros2_nodes/test_visualization_node.py -> /home/jetson/vmf/install/robot_grasping/lib/python3.10/site-packages/ros2_nodes
[2.048s] copying /home/jetson/vmf/build/robot_grasping/build/lib/ros2_nodes/inference_node_base.py -> /home/jetson/vmf/install/robot_grasping/lib/python3.10/site-packages/ros2_nodes
[2.048s] copying /home/jetson/vmf/build/robot_grasping/build/lib/ros2_nodes/inference_node_giga.py -> /home/jetson/vmf/install/robot_grasping/lib/python3.10/site-packages/ros2_nodes
[2.049s] copying /home/jetson/vmf/build/robot_grasping/build/lib/ros2_nodes/__init__.py -> /home/jetson/vmf/install/robot_grasping/lib/python3.10/site-packages/ros2_nodes
[2.049s] creating /home/jetson/vmf/install/robot_grasping/lib/python3.10/site-packages/openpoints
[2.049s] creating /home/jetson/vmf/install/robot_grasping/lib/python3.10/site-packages/openpoints/cpp
[2.049s] creating /home/jetson/vmf/install/robot_grasping/lib/python3.10/site-packages/openpoints/cpp/emd
[2.049s] copying /home/jetson/vmf/build/robot_grasping/build/lib/openpoints/cpp/emd/setup.py -> /home/jetson/vmf/install/robot_grasping/lib/python3.10/site-packages/openpoints/cpp/emd
[2.049s] copying /home/jetson/vmf/build/robot_grasping/build/lib/openpoints/cpp/emd/test_emd_loss.py -> /home/jetson/vmf/install/robot_grasping/lib/python3.10/site-packages/openpoints/cpp/emd
[2.050s] copying /home/jetson/vmf/build/robot_grasping/build/lib/openpoints/cpp/emd/emd.py -> /home/jetson/vmf/install/robot_grasping/lib/python3.10/site-packages/openpoints/cpp/emd
[2.050s] copying /home/jetson/vmf/build/robot_grasping/build/lib/openpoints/cpp/emd/__init__.py -> /home/jetson/vmf/install/robot_grasping/lib/python3.10/site-packages/openpoints/cpp/emd
[2.050s] creating /home/jetson/vmf/install/robot_grasping/lib/python3.10/site-packages/openpoints/cpp/chamfer_dist
[2.050s] copying /home/jetson/vmf/build/robot_grasping/build/lib/openpoints/cpp/chamfer_dist/setup.py -> /home/jetson/vmf/install/robot_grasping/lib/python3.10/site-packages/openpoints/cpp/chamfer_dist
[2.050s] copying /home/jetson/vmf/build/robot_grasping/build/lib/openpoints/cpp/chamfer_dist/test.py -> /home/jetson/vmf/install/robot_grasping/lib/python3.10/site-packages/openpoints/cpp/chamfer_dist
[2.051s] copying /home/jetson/vmf/build/robot_grasping/build/lib/openpoints/cpp/chamfer_dist/__init__.py -> /home/jetson/vmf/install/robot_grasping/lib/python3.10/site-packages/openpoints/cpp/chamfer_dist
[2.051s] creating /home/jetson/vmf/install/robot_grasping/lib/python3.10/site-packages/openpoints/cpp/pointops
[2.051s] copying /home/jetson/vmf/build/robot_grasping/build/lib/openpoints/cpp/pointops/setup.py -> /home/jetson/vmf/install/robot_grasping/lib/python3.10/site-packages/openpoints/cpp/pointops
[2.051s] creating /home/jetson/vmf/install/robot_grasping/lib/python3.10/site-packages/openpoints/cpp/pointops/functions
[2.051s] copying /home/jetson/vmf/build/robot_grasping/build/lib/openpoints/cpp/pointops/functions/pointops.py -> /home/jetson/vmf/install/robot_grasping/lib/python3.10/site-packages/openpoints/cpp/pointops/functions
[2.052s] copying /home/jetson/vmf/build/robot_grasping/build/lib/openpoints/cpp/pointops/functions/__init__.py -> /home/jetson/vmf/install/robot_grasping/lib/python3.10/site-packages/openpoints/cpp/pointops/functions
[2.052s] creating /home/jetson/vmf/install/robot_grasping/lib/python3.10/site-packages/openpoints/cpp/pointops/src
[2.052s] copying /home/jetson/vmf/build/robot_grasping/build/lib/openpoints/cpp/pointops/src/__init__.py -> /home/jetson/vmf/install/robot_grasping/lib/python3.10/site-packages/openpoints/cpp/pointops/src
[2.052s] copying /home/jetson/vmf/build/robot_grasping/build/lib/openpoints/cpp/pointops/__init__.py -> /home/jetson/vmf/install/robot_grasping/lib/python3.10/site-packages/openpoints/cpp/pointops
[2.052s] creating /home/jetson/vmf/install/robot_grasping/lib/python3.10/site-packages/openpoints/cpp/pointnet2_batch
[2.052s] copying /home/jetson/vmf/build/robot_grasping/build/lib/openpoints/cpp/pointnet2_batch/setup.py -> /home/jetson/vmf/install/robot_grasping/lib/python3.10/site-packages/openpoints/cpp/pointnet2_batch
[2.053s] copying /home/jetson/vmf/build/robot_grasping/build/lib/openpoints/cpp/pointnet2_batch/__init__.py -> /home/jetson/vmf/install/robot_grasping/lib/python3.10/site-packages/openpoints/cpp/pointnet2_batch
[2.053s] copying /home/jetson/vmf/build/robot_grasping/build/lib/openpoints/cpp/__init__.py -> /home/jetson/vmf/install/robot_grasping/lib/python3.10/site-packages/openpoints/cpp
[2.053s] creating /home/jetson/vmf/install/robot_grasping/lib/python3.10/site-packages/openpoints/transforms
[2.053s] copying /home/jetson/vmf/build/robot_grasping/build/lib/openpoints/transforms/transforms_factory.py -> /home/jetson/vmf/install/robot_grasping/lib/python3.10/site-packages/openpoints/transforms
[2.053s] copying /home/jetson/vmf/build/robot_grasping/build/lib/openpoints/transforms/point_transform_cpu.py -> /home/jetson/vmf/install/robot_grasping/lib/python3.10/site-packages/openpoints/transforms
[2.053s] copying /home/jetson/vmf/build/robot_grasping/build/lib/openpoints/transforms/point_transformer_gpu.py -> /home/jetson/vmf/install/robot_grasping/lib/python3.10/site-packages/openpoints/transforms
[2.054s] copying /home/jetson/vmf/build/robot_grasping/build/lib/openpoints/transforms/__init__.py -> /home/jetson/vmf/install/robot_grasping/lib/python3.10/site-packages/openpoints/transforms
[2.054s] creating /home/jetson/vmf/install/robot_grasping/lib/python3.10/site-packages/openpoints/utils
[2.054s] copying /home/jetson/vmf/build/robot_grasping/build/lib/openpoints/utils/wandb.py -> /home/jetson/vmf/install/robot_grasping/lib/python3.10/site-packages/openpoints/utils
[2.054s] copying /home/jetson/vmf/build/robot_grasping/build/lib/openpoints/utils/dist_utils.py -> /home/jetson/vmf/install/robot_grasping/lib/python3.10/site-packages/openpoints/utils
[2.054s] copying /home/jetson/vmf/build/robot_grasping/build/lib/openpoints/utils/registry.py -> /home/jetson/vmf/install/robot_grasping/lib/python3.10/site-packages/openpoints/utils
[2.055s] copying /home/jetson/vmf/build/robot_grasping/build/lib/openpoints/utils/metrics.py -> /home/jetson/vmf/install/robot_grasping/lib/python3.10/site-packages/openpoints/utils
[2.055s] copying /home/jetson/vmf/build/robot_grasping/build/lib/openpoints/utils/config.py -> /home/jetson/vmf/install/robot_grasping/lib/python3.10/site-packages/openpoints/utils
[2.055s] copying /home/jetson/vmf/build/robot_grasping/build/lib/openpoints/utils/ckpt_util.py -> /home/jetson/vmf/install/robot_grasping/lib/python3.10/site-packages/openpoints/utils
[2.055s] copying /home/jetson/vmf/build/robot_grasping/build/lib/openpoints/utils/random.py -> /home/jetson/vmf/install/robot_grasping/lib/python3.10/site-packages/openpoints/utils
[2.055s] copying /home/jetson/vmf/build/robot_grasping/build/lib/openpoints/utils/str2bool.py -> /home/jetson/vmf/install/robot_grasping/lib/python3.10/site-packages/openpoints/utils
[2.055s] copying /home/jetson/vmf/build/robot_grasping/build/lib/openpoints/utils/__init__.py -> /home/jetson/vmf/install/robot_grasping/lib/python3.10/site-packages/openpoints/utils
[2.055s] copying /home/jetson/vmf/build/robot_grasping/build/lib/openpoints/utils/logger.py -> /home/jetson/vmf/install/robot_grasping/lib/python3.10/site-packages/openpoints/utils
[2.055s] creating /home/jetson/vmf/install/robot_grasping/lib/python3.10/site-packages/openpoints/models
[2.056s] creating /home/jetson/vmf/install/robot_grasping/lib/python3.10/site-packages/openpoints/models/reconstruction
[2.056s] copying /home/jetson/vmf/build/robot_grasping/build/lib/openpoints/models/reconstruction/maskedpoint.py -> /home/jetson/vmf/install/robot_grasping/lib/python3.10/site-packages/openpoints/models/reconstruction
[2.056s] copying /home/jetson/vmf/build/robot_grasping/build/lib/openpoints/models/reconstruction/base_recontruct.py -> /home/jetson/vmf/install/robot_grasping/lib/python3.10/site-packages/openpoints/models/reconstruction
[2.056s] copying /home/jetson/vmf/build/robot_grasping/build/lib/openpoints/models/reconstruction/nodeshuffle.py -> /home/jetson/vmf/install/robot_grasping/lib/python3.10/site-packages/openpoints/models/reconstruction
[2.056s] copying /home/jetson/vmf/build/robot_grasping/build/lib/openpoints/models/reconstruction/maskedpointvit.py -> /home/jetson/vmf/install/robot_grasping/lib/python3.10/site-packages/openpoints/models/reconstruction
[2.056s] copying /home/jetson/vmf/build/robot_grasping/build/lib/openpoints/models/reconstruction/maskedpointgroup.py -> /home/jetson/vmf/install/robot_grasping/lib/python3.10/site-packages/openpoints/models/reconstruction
[2.056s] copying /home/jetson/vmf/build/robot_grasping/build/lib/openpoints/models/reconstruction/__init__.py -> /home/jetson/vmf/install/robot_grasping/lib/python3.10/site-packages/openpoints/models/reconstruction
[2.057s] creating /home/jetson/vmf/install/robot_grasping/lib/python3.10/site-packages/openpoints/models/grasp
[2.057s] copying /home/jetson/vmf/build/robot_grasping/build/lib/openpoints/models/grasp/vit_grasp.py -> /home/jetson/vmf/install/robot_grasping/lib/python3.10/site-packages/openpoints/models/grasp
[2.057s] copying /home/jetson/vmf/build/robot_grasping/build/lib/openpoints/models/grasp/base_grasp.py -> /home/jetson/vmf/install/robot_grasping/lib/python3.10/site-packages/openpoints/models/grasp
[2.057s] copying /home/jetson/vmf/build/robot_grasping/build/lib/openpoints/models/grasp/__init__.py -> /home/jetson/vmf/install/robot_grasping/lib/python3.10/site-packages/openpoints/models/grasp
[2.057s] creating /home/jetson/vmf/install/robot_grasping/lib/python3.10/site-packages/openpoints/models/classification
[2.057s] copying /home/jetson/vmf/build/robot_grasping/build/lib/openpoints/models/classification/cls_base.py -> /home/jetson/vmf/install/robot_grasping/lib/python3.10/site-packages/openpoints/models/classification
[2.057s] copying /home/jetson/vmf/build/robot_grasping/build/lib/openpoints/models/classification/point_bert.py -> /home/jetson/vmf/install/robot_grasping/lib/python3.10/site-packages/openpoints/models/classification
[2.058s] copying /home/jetson/vmf/build/robot_grasping/build/lib/openpoints/models/classification/__init__.py -> /home/jetson/vmf/install/robot_grasping/lib/python3.10/site-packages/openpoints/models/classification
[2.058s] copying /home/jetson/vmf/build/robot_grasping/build/lib/openpoints/models/build.py -> /home/jetson/vmf/install/robot_grasping/lib/python3.10/site-packages/openpoints/models
[2.058s] copying /home/jetson/vmf/build/robot_grasping/build/lib/openpoints/models/registry.py -> /home/jetson/vmf/install/robot_grasping/lib/python3.10/site-packages/openpoints/models
[2.058s] creating /home/jetson/vmf/install/robot_grasping/lib/python3.10/site-packages/openpoints/models/layers
[2.058s] copying /home/jetson/vmf/build/robot_grasping/build/lib/openpoints/models/layers/graph_conv.py -> /home/jetson/vmf/install/robot_grasping/lib/python3.10/site-packages/openpoints/models/layers
[2.058s] copying /home/jetson/vmf/build/robot_grasping/build/lib/openpoints/models/layers/attention.py -> /home/jetson/vmf/install/robot_grasping/lib/python3.10/site-packages/openpoints/models/layers
[2.059s] copying /home/jetson/vmf/build/robot_grasping/build/lib/openpoints/models/layers/weight_init.py -> /home/jetson/vmf/install/robot_grasping/lib/python3.10/site-packages/openpoints/models/layers
[2.059s] copying /home/jetson/vmf/build/robot_grasping/build/lib/openpoints/models/layers/patch_embed.py -> /home/jetson/vmf/install/robot_grasping/lib/python3.10/site-packages/openpoints/models/layers
[2.059s] copying /home/jetson/vmf/build/robot_grasping/build/lib/openpoints/models/layers/local_aggregation.py -> /home/jetson/vmf/install/robot_grasping/lib/python3.10/site-packages/openpoints/models/layers
[2.059s] copying /home/jetson/vmf/build/robot_grasping/build/lib/openpoints/models/layers/knn.py -> /home/jetson/vmf/install/robot_grasping/lib/python3.10/site-packages/openpoints/models/layers
[2.059s] copying /home/jetson/vmf/build/robot_grasping/build/lib/openpoints/models/layers/activation.py -> /home/jetson/vmf/install/robot_grasping/lib/python3.10/site-packages/openpoints/models/layers
[2.059s] copying /home/jetson/vmf/build/robot_grasping/build/lib/openpoints/models/layers/helpers.py -> /home/jetson/vmf/install/robot_grasping/lib/python3.10/site-packages/openpoints/models/layers
[2.060s] copying /home/jetson/vmf/build/robot_grasping/build/lib/openpoints/models/layers/registry.py -> /home/jetson/vmf/install/robot_grasping/lib/python3.10/site-packages/openpoints/models/layers
[2.060s] copying /home/jetson/vmf/build/robot_grasping/build/lib/openpoints/models/layers/group_embed.py -> /home/jetson/vmf/install/robot_grasping/lib/python3.10/site-packages/openpoints/models/layers
[2.060s] copying /home/jetson/vmf/build/robot_grasping/build/lib/openpoints/models/layers/padding.py -> /home/jetson/vmf/install/robot_grasping/lib/python3.10/site-packages/openpoints/models/layers
[2.060s] copying /home/jetson/vmf/build/robot_grasping/build/lib/openpoints/models/layers/group.py -> /home/jetson/vmf/install/robot_grasping/lib/python3.10/site-packages/openpoints/models/layers
[2.060s] copying /home/jetson/vmf/build/robot_grasping/build/lib/openpoints/models/layers/norm.py -> /home/jetson/vmf/install/robot_grasping/lib/python3.10/site-packages/openpoints/models/layers
[2.061s] copying /home/jetson/vmf/build/robot_grasping/build/lib/openpoints/models/layers/mlp.py -> /home/jetson/vmf/install/robot_grasping/lib/python3.10/site-packages/openpoints/models/layers
[2.061s] copying /home/jetson/vmf/build/robot_grasping/build/lib/openpoints/models/layers/conv.py -> /home/jetson/vmf/install/robot_grasping/lib/python3.10/site-packages/openpoints/models/layers
[2.061s] copying /home/jetson/vmf/build/robot_grasping/build/lib/openpoints/models/layers/subsample.py -> /home/jetson/vmf/install/robot_grasping/lib/python3.10/site-packages/openpoints/models/layers
[2.061s] copying /home/jetson/vmf/build/robot_grasping/build/lib/openpoints/models/layers/kmeans.py -> /home/jetson/vmf/install/robot_grasping/lib/python3.10/site-packages/openpoints/models/layers
[2.061s] copying /home/jetson/vmf/build/robot_grasping/build/lib/openpoints/models/layers/upsampling.py -> /home/jetson/vmf/install/robot_grasping/lib/python3.10/site-packages/openpoints/models/layers
[2.061s] copying /home/jetson/vmf/build/robot_grasping/build/lib/openpoints/models/layers/__init__.py -> /home/jetson/vmf/install/robot_grasping/lib/python3.10/site-packages/openpoints/models/layers
[2.062s] copying /home/jetson/vmf/build/robot_grasping/build/lib/openpoints/models/layers/drop.py -> /home/jetson/vmf/install/robot_grasping/lib/python3.10/site-packages/openpoints/models/layers
[2.062s] creating /home/jetson/vmf/install/robot_grasping/lib/python3.10/site-packages/openpoints/models/backbone
[2.062s] copying /home/jetson/vmf/build/robot_grasping/build/lib/openpoints/models/backbone/spotr.py -> /home/jetson/vmf/install/robot_grasping/lib/python3.10/site-packages/openpoints/models/backbone
[2.062s] copying /home/jetson/vmf/build/robot_grasping/build/lib/openpoints/models/backbone/Stratified_transformer.py -> /home/jetson/vmf/install/robot_grasping/lib/python3.10/site-packages/openpoints/models/backbone
[2.062s] copying /home/jetson/vmf/build/robot_grasping/build/lib/openpoints/models/backbone/graphvit3d.py -> /home/jetson/vmf/install/robot_grasping/lib/python3.10/site-packages/openpoints/models/backbone
[2.062s] copying /home/jetson/vmf/build/robot_grasping/build/lib/openpoints/models/backbone/randlenet.py -> /home/jetson/vmf/install/robot_grasping/lib/python3.10/site-packages/openpoints/models/backbone
[2.063s] copying /home/jetson/vmf/build/robot_grasping/build/lib/openpoints/models/backbone/simpleview.py -> /home/jetson/vmf/install/robot_grasping/lib/python3.10/site-packages/openpoints/models/backbone
[2.063s] copying /home/jetson/vmf/build/robot_grasping/build/lib/openpoints/models/backbone/baafnet.py -> /home/jetson/vmf/install/robot_grasping/lib/python3.10/site-packages/openpoints/models/backbone
[2.063s] copying /home/jetson/vmf/build/robot_grasping/build/lib/openpoints/models/backbone/deepgcn.py -> /home/jetson/vmf/install/robot_grasping/lib/python3.10/site-packages/openpoints/models/backbone
[2.063s] copying /home/jetson/vmf/build/robot_grasping/build/lib/openpoints/models/backbone/grouppointnet.py -> /home/jetson/vmf/install/robot_grasping/lib/python3.10/site-packages/openpoints/models/backbone
[2.063s] copying /home/jetson/vmf/build/robot_grasping/build/lib/openpoints/models/backbone/simpleview_util.py -> /home/jetson/vmf/install/robot_grasping/lib/python3.10/site-packages/openpoints/models/backbone
[2.063s] copying /home/jetson/vmf/build/robot_grasping/build/lib/openpoints/models/backbone/pointvit.py -> /home/jetson/vmf/install/robot_grasping/lib/python3.10/site-packages/openpoints/models/backbone
[2.064s] copying /home/jetson/vmf/build/robot_grasping/build/lib/openpoints/models/backbone/dgcnn.py -> /home/jetson/vmf/install/robot_grasping/lib/python3.10/site-packages/openpoints/models/backbone
[2.064s] copying /home/jetson/vmf/build/robot_grasping/build/lib/openpoints/models/backbone/ball_dgcnn.py -> /home/jetson/vmf/install/robot_grasping/lib/python3.10/site-packages/openpoints/models/backbone
[2.064s] copying /home/jetson/vmf/build/robot_grasping/build/lib/openpoints/models/backbone/pointnextPyG.py -> /home/jetson/vmf/install/robot_grasping/lib/python3.10/site-packages/openpoints/models/backbone
[2.064s] copying /home/jetson/vmf/build/robot_grasping/build/lib/openpoints/models/backbone/pointvit_inv_old.py -> /home/jetson/vmf/install/robot_grasping/lib/python3.10/site-packages/openpoints/models/backbone
[2.065s] copying /home/jetson/vmf/build/robot_grasping/build/lib/openpoints/models/backbone/pointvector.py -> /home/jetson/vmf/install/robot_grasping/lib/python3.10/site-packages/openpoints/models/backbone
[2.065s] copying /home/jetson/vmf/build/robot_grasping/build/lib/openpoints/models/backbone/pointmlp.py -> /home/jetson/vmf/install/robot_grasping/lib/python3.10/site-packages/openpoints/models/backbone
[2.065s] copying /home/jetson/vmf/build/robot_grasping/build/lib/openpoints/models/backbone/pointnet.py -> /home/jetson/vmf/install/robot_grasping/lib/python3.10/site-packages/openpoints/models/backbone
[2.065s] copying /home/jetson/vmf/build/robot_grasping/build/lib/openpoints/models/backbone/pct.py -> /home/jetson/vmf/install/robot_grasping/lib/python3.10/site-packages/openpoints/models/backbone
[2.065s] copying /home/jetson/vmf/build/robot_grasping/build/lib/openpoints/models/backbone/debug_invvit.py -> /home/jetson/vmf/install/robot_grasping/lib/python3.10/site-packages/openpoints/models/backbone
[2.066s] copying /home/jetson/vmf/build/robot_grasping/build/lib/openpoints/models/backbone/pointnext.py -> /home/jetson/vmf/install/robot_grasping/lib/python3.10/site-packages/openpoints/models/backbone
[2.066s] copying /home/jetson/vmf/build/robot_grasping/build/lib/openpoints/models/backbone/curvenet.py -> /home/jetson/vmf/install/robot_grasping/lib/python3.10/site-packages/openpoints/models/backbone
[2.066s] copying /home/jetson/vmf/build/robot_grasping/build/lib/openpoints/models/backbone/pointtransformer.py -> /home/jetson/vmf/install/robot_grasping/lib/python3.10/site-packages/openpoints/models/backbone
[2.066s] copying /home/jetson/vmf/build/robot_grasping/build/lib/openpoints/models/backbone/resnet.py -> /home/jetson/vmf/install/robot_grasping/lib/python3.10/site-packages/openpoints/models/backbone
[2.066s] copying /home/jetson/vmf/build/robot_grasping/build/lib/openpoints/models/backbone/pointnetv2.py -> /home/jetson/vmf/install/robot_grasping/lib/python3.10/site-packages/openpoints/models/backbone
[2.067s] copying /home/jetson/vmf/build/robot_grasping/build/lib/openpoints/models/backbone/__init__.py -> /home/jetson/vmf/install/robot_grasping/lib/python3.10/site-packages/openpoints/models/backbone
[2.067s] copying /home/jetson/vmf/build/robot_grasping/build/lib/openpoints/models/backbone/pointvit_inv.py -> /home/jetson/vmf/install/robot_grasping/lib/python3.10/site-packages/openpoints/models/backbone
[2.067s] creating /home/jetson/vmf/install/robot_grasping/lib/python3.10/site-packages/openpoints/models/segmentation
[2.067s] copying /home/jetson/vmf/build/robot_grasping/build/lib/openpoints/models/segmentation/base_seg.py -> /home/jetson/vmf/install/robot_grasping/lib/python3.10/site-packages/openpoints/models/segmentation
[2.068s] copying /home/jetson/vmf/build/robot_grasping/build/lib/openpoints/models/segmentation/vit_seg.py -> /home/jetson/vmf/install/robot_grasping/lib/python3.10/site-packages/openpoints/models/segmentation
[2.068s] copying /home/jetson/vmf/build/robot_grasping/build/lib/openpoints/models/segmentation/__init__.py -> /home/jetson/vmf/install/robot_grasping/lib/python3.10/site-packages/openpoints/models/segmentation
[2.068s] copying /home/jetson/vmf/build/robot_grasping/build/lib/openpoints/models/__init__.py -> /home/jetson/vmf/install/robot_grasping/lib/python3.10/site-packages/openpoints/models
[2.068s] creating /home/jetson/vmf/install/robot_grasping/lib/python3.10/site-packages/openpoints/scheduler
[2.068s] copying /home/jetson/vmf/build/robot_grasping/build/lib/openpoints/scheduler/multistep_lr.py -> /home/jetson/vmf/install/robot_grasping/lib/python3.10/site-packages/openpoints/scheduler
[2.068s] copying /home/jetson/vmf/build/robot_grasping/build/lib/openpoints/scheduler/step_lr.py -> /home/jetson/vmf/install/robot_grasping/lib/python3.10/site-packages/openpoints/scheduler
[2.069s] copying /home/jetson/vmf/build/robot_grasping/build/lib/openpoints/scheduler/poly_lr.py -> /home/jetson/vmf/install/robot_grasping/lib/python3.10/site-packages/openpoints/scheduler
[2.069s] copying /home/jetson/vmf/build/robot_grasping/build/lib/openpoints/scheduler/plateau_lr.py -> /home/jetson/vmf/install/robot_grasping/lib/python3.10/site-packages/openpoints/scheduler
[2.069s] copying /home/jetson/vmf/build/robot_grasping/build/lib/openpoints/scheduler/scheduler_factory.py -> /home/jetson/vmf/install/robot_grasping/lib/python3.10/site-packages/openpoints/scheduler
[2.069s] copying /home/jetson/vmf/build/robot_grasping/build/lib/openpoints/scheduler/cosine_lr.py -> /home/jetson/vmf/install/robot_grasping/lib/python3.10/site-packages/openpoints/scheduler
[2.069s] copying /home/jetson/vmf/build/robot_grasping/build/lib/openpoints/scheduler/scheduler.py -> /home/jetson/vmf/install/robot_grasping/lib/python3.10/site-packages/openpoints/scheduler
[2.069s] copying /home/jetson/vmf/build/robot_grasping/build/lib/openpoints/scheduler/tanh_lr.py -> /home/jetson/vmf/install/robot_grasping/lib/python3.10/site-packages/openpoints/scheduler
[2.070s] copying /home/jetson/vmf/build/robot_grasping/build/lib/openpoints/scheduler/__init__.py -> /home/jetson/vmf/install/robot_grasping/lib/python3.10/site-packages/openpoints/scheduler
[2.070s] creating /home/jetson/vmf/install/robot_grasping/lib/python3.10/site-packages/openpoints/loss
[2.070s] copying /home/jetson/vmf/build/robot_grasping/build/lib/openpoints/loss/cross_entropy.py -> /home/jetson/vmf/install/robot_grasping/lib/python3.10/site-packages/openpoints/loss
[2.070s] copying /home/jetson/vmf/build/robot_grasping/build/lib/openpoints/loss/build.py -> /home/jetson/vmf/install/robot_grasping/lib/python3.10/site-packages/openpoints/loss
[2.070s] copying /home/jetson/vmf/build/robot_grasping/build/lib/openpoints/loss/distill_loss.py -> /home/jetson/vmf/install/robot_grasping/lib/python3.10/site-packages/openpoints/loss
[2.071s] copying /home/jetson/vmf/build/robot_grasping/build/lib/openpoints/loss/__init__.py -> /home/jetson/vmf/install/robot_grasping/lib/python3.10/site-packages/openpoints/loss
[2.071s] creating /home/jetson/vmf/install/robot_grasping/lib/python3.10/site-packages/openpoints/dataset
[2.071s] creating /home/jetson/vmf/install/robot_grasping/lib/python3.10/site-packages/openpoints/dataset/pcqm4m
[2.071s] copying /home/jetson/vmf/build/robot_grasping/build/lib/openpoints/dataset/pcqm4m/data.py -> /home/jetson/vmf/install/robot_grasping/lib/python3.10/site-packages/openpoints/dataset/pcqm4m
[2.071s] copying /home/jetson/vmf/build/robot_grasping/build/lib/openpoints/dataset/pcqm4m/__init__.py -> /home/jetson/vmf/install/robot_grasping/lib/python3.10/site-packages/openpoints/dataset/pcqm4m
[2.072s] creating /home/jetson/vmf/install/robot_grasping/lib/python3.10/site-packages/openpoints/dataset/graph_dataset
[2.072s] copying /home/jetson/vmf/build/robot_grasping/build/lib/openpoints/dataset/graph_dataset/svd_encodings_dataset.py -> /home/jetson/vmf/install/robot_grasping/lib/python3.10/site-packages/openpoints/dataset/graph_dataset
[2.072s] copying /home/jetson/vmf/build/robot_grasping/build/lib/openpoints/dataset/graph_dataset/structural_dataset.py -> /home/jetson/vmf/install/robot_grasping/lib/python3.10/site-packages/openpoints/dataset/graph_dataset
[2.072s] copying /home/jetson/vmf/build/robot_grasping/build/lib/openpoints/dataset/graph_dataset/stack_with_pad.py -> /home/jetson/vmf/install/robot_grasping/lib/python3.10/site-packages/openpoints/dataset/graph_dataset
[2.072s] copying /home/jetson/vmf/build/robot_grasping/build/lib/openpoints/dataset/graph_dataset/graph_dataset.py -> /home/jetson/vmf/install/robot_grasping/lib/python3.10/site-packages/openpoints/dataset/graph_dataset
[2.072s] copying /home/jetson/vmf/build/robot_grasping/build/lib/openpoints/dataset/graph_dataset/__init__.py -> /home/jetson/vmf/install/robot_grasping/lib/python3.10/site-packages/openpoints/dataset/graph_dataset
[2.073s] creating /home/jetson/vmf/install/robot_grasping/lib/python3.10/site-packages/openpoints/dataset/pcqm4mv2
[2.073s] copying /home/jetson/vmf/build/robot_grasping/build/lib/openpoints/dataset/pcqm4mv2/data.py -> /home/jetson/vmf/install/robot_grasping/lib/python3.10/site-packages/openpoints/dataset/pcqm4mv2
[2.073s] copying /home/jetson/vmf/build/robot_grasping/build/lib/openpoints/dataset/pcqm4mv2/__init__.py -> /home/jetson/vmf/install/robot_grasping/lib/python3.10/site-packages/openpoints/dataset/pcqm4mv2
[2.073s] copying /home/jetson/vmf/build/robot_grasping/build/lib/openpoints/dataset/dataset_base.py -> /home/jetson/vmf/install/robot_grasping/lib/python3.10/site-packages/openpoints/dataset
[2.073s] creating /home/jetson/vmf/install/robot_grasping/lib/python3.10/site-packages/openpoints/dataset/atom3d
[2.074s] copying /home/jetson/vmf/build/robot_grasping/build/lib/openpoints/dataset/atom3d/psr.py -> /home/jetson/vmf/install/robot_grasping/lib/python3.10/site-packages/openpoints/dataset/atom3d
[2.074s] copying /home/jetson/vmf/build/robot_grasping/build/lib/openpoints/dataset/atom3d/__init__.py -> /home/jetson/vmf/install/robot_grasping/lib/python3.10/site-packages/openpoints/dataset/atom3d
[2.074s] copying /home/jetson/vmf/build/robot_grasping/build/lib/openpoints/dataset/build.py -> /home/jetson/vmf/install/robot_grasping/lib/python3.10/site-packages/openpoints/dataset
[2.074s] copying /home/jetson/vmf/build/robot_grasping/build/lib/openpoints/dataset/data_util.py -> /home/jetson/vmf/install/robot_grasping/lib/python3.10/site-packages/openpoints/dataset
[2.074s] creating /home/jetson/vmf/install/robot_grasping/lib/python3.10/site-packages/openpoints/dataset/s3dis
[2.074s] copying /home/jetson/vmf/build/robot_grasping/build/lib/openpoints/dataset/s3dis/s3dis.py -> /home/jetson/vmf/install/robot_grasping/lib/python3.10/site-packages/openpoints/dataset/s3dis
[2.075s] copying /home/jetson/vmf/build/robot_grasping/build/lib/openpoints/dataset/s3dis/s3dis_sphere.py -> /home/jetson/vmf/install/robot_grasping/lib/python3.10/site-packages/openpoints/dataset/s3dis
[2.075s] copying /home/jetson/vmf/build/robot_grasping/build/lib/openpoints/dataset/s3dis/s3dis_block.py -> /home/jetson/vmf/install/robot_grasping/lib/python3.10/site-packages/openpoints/dataset/s3dis
[2.075s] copying /home/jetson/vmf/build/robot_grasping/build/lib/openpoints/dataset/s3dis/__init__.py -> /home/jetson/vmf/install/robot_grasping/lib/python3.10/site-packages/openpoints/dataset/s3dis
[2.075s] creating /home/jetson/vmf/install/robot_grasping/lib/python3.10/site-packages/openpoints/dataset/shapenetpart
[2.075s] copying /home/jetson/vmf/build/robot_grasping/build/lib/openpoints/dataset/shapenetpart/shapenetpart.py -> /home/jetson/vmf/install/robot_grasping/lib/python3.10/site-packages/openpoints/dataset/shapenetpart
[2.076s] copying /home/jetson/vmf/build/robot_grasping/build/lib/openpoints/dataset/shapenetpart/shapenet55.py -> /home/jetson/vmf/install/robot_grasping/lib/python3.10/site-packages/openpoints/dataset/shapenetpart
[2.076s] copying /home/jetson/vmf/build/robot_grasping/build/lib/openpoints/dataset/shapenetpart/__init__.py -> /home/jetson/vmf/install/robot_grasping/lib/python3.10/site-packages/openpoints/dataset/shapenetpart
[2.076s] copying /home/jetson/vmf/build/robot_grasping/build/lib/openpoints/dataset/vis2d.py -> /home/jetson/vmf/install/robot_grasping/lib/python3.10/site-packages/openpoints/dataset
[2.076s] creating /home/jetson/vmf/install/robot_grasping/lib/python3.10/site-packages/openpoints/dataset/modelnet
[2.076s] copying /home/jetson/vmf/build/robot_grasping/build/lib/openpoints/dataset/modelnet/modelnet40_normal_resampled_loader.py -> /home/jetson/vmf/install/robot_grasping/lib/python3.10/site-packages/openpoints/dataset/modelnet
[2.077s] copying /home/jetson/vmf/build/robot_grasping/build/lib/openpoints/dataset/modelnet/modelnet40_ply_2048_loader.py -> /home/jetson/vmf/install/robot_grasping/lib/python3.10/site-packages/openpoints/dataset/modelnet
[2.077s] copying /home/jetson/vmf/build/robot_grasping/build/lib/openpoints/dataset/modelnet/__init__.py -> /home/jetson/vmf/install/robot_grasping/lib/python3.10/site-packages/openpoints/dataset/modelnet
[2.077s] creating /home/jetson/vmf/install/robot_grasping/lib/python3.10/site-packages/openpoints/dataset/shapenet
[2.077s] copying /home/jetson/vmf/build/robot_grasping/build/lib/openpoints/dataset/shapenet/shapenetpart.py -> /home/jetson/vmf/install/robot_grasping/lib/python3.10/site-packages/openpoints/dataset/shapenet
[2.077s] copying /home/jetson/vmf/build/robot_grasping/build/lib/openpoints/dataset/shapenet/shapenet55.py -> /home/jetson/vmf/install/robot_grasping/lib/python3.10/site-packages/openpoints/dataset/shapenet
[2.077s] copying /home/jetson/vmf/build/robot_grasping/build/lib/openpoints/dataset/shapenet/__init__.py -> /home/jetson/vmf/install/robot_grasping/lib/python3.10/site-packages/openpoints/dataset/shapenet
[2.078s] creating /home/jetson/vmf/install/robot_grasping/lib/python3.10/site-packages/openpoints/dataset/matterport3d
[2.078s] copying /home/jetson/vmf/build/robot_grasping/build/lib/openpoints/dataset/matterport3d/matterport3d_dataprocessing.py -> /home/jetson/vmf/install/robot_grasping/lib/python3.10/site-packages/openpoints/dataset/matterport3d
[2.078s] copying /home/jetson/vmf/build/robot_grasping/build/lib/openpoints/dataset/matterport3d/__init__.py -> /home/jetson/vmf/install/robot_grasping/lib/python3.10/site-packages/openpoints/dataset/matterport3d
[2.078s] copying /home/jetson/vmf/build/robot_grasping/build/lib/openpoints/dataset/matterport3d/matterport3d.py -> /home/jetson/vmf/install/robot_grasping/lib/python3.10/site-packages/openpoints/dataset/matterport3d
[2.078s] creating /home/jetson/vmf/install/robot_grasping/lib/python3.10/site-packages/openpoints/dataset/semantic_kitti
[2.079s] copying /home/jetson/vmf/build/robot_grasping/build/lib/openpoints/dataset/semantic_kitti/semantickitti.py -> /home/jetson/vmf/install/robot_grasping/lib/python3.10/site-packages/openpoints/dataset/semantic_kitti
[2.079s] copying /home/jetson/vmf/build/robot_grasping/build/lib/openpoints/dataset/semantic_kitti/helper_tool.py -> /home/jetson/vmf/install/robot_grasping/lib/python3.10/site-packages/openpoints/dataset/semantic_kitti
[2.079s] copying /home/jetson/vmf/build/robot_grasping/build/lib/openpoints/dataset/semantic_kitti/__init__.py -> /home/jetson/vmf/install/robot_grasping/lib/python3.10/site-packages/openpoints/dataset/semantic_kitti
[2.079s] copying /home/jetson/vmf/build/robot_grasping/build/lib/openpoints/dataset/grid_sample.py -> /home/jetson/vmf/install/robot_grasping/lib/python3.10/site-packages/openpoints/dataset
[2.079s] creating /home/jetson/vmf/install/robot_grasping/lib/python3.10/site-packages/openpoints/dataset/molpcba
[2.079s] copying /home/jetson/vmf/build/robot_grasping/build/lib/openpoints/dataset/molpcba/data.py -> /home/jetson/vmf/install/robot_grasping/lib/python3.10/site-packages/openpoints/dataset/molpcba
[2.080s] copying /home/jetson/vmf/build/robot_grasping/build/lib/openpoints/dataset/molpcba/__init__.py -> /home/jetson/vmf/install/robot_grasping/lib/python3.10/site-packages/openpoints/dataset/molpcba
[2.080s] creating /home/jetson/vmf/install/robot_grasping/lib/python3.10/site-packages/openpoints/dataset/scanobjectnn
[2.080s] copying /home/jetson/vmf/build/robot_grasping/build/lib/openpoints/dataset/scanobjectnn/scanobjectnn.py -> /home/jetson/vmf/install/robot_grasping/lib/python3.10/site-packages/openpoints/dataset/scanobjectnn
[2.080s] copying /home/jetson/vmf/build/robot_grasping/build/lib/openpoints/dataset/scanobjectnn/__init__.py -> /home/jetson/vmf/install/robot_grasping/lib/python3.10/site-packages/openpoints/dataset/scanobjectnn
[2.080s] creating /home/jetson/vmf/install/robot_grasping/lib/python3.10/site-packages/openpoints/dataset/molhiv
[2.081s] copying /home/jetson/vmf/build/robot_grasping/build/lib/openpoints/dataset/molhiv/data.py -> /home/jetson/vmf/install/robot_grasping/lib/python3.10/site-packages/openpoints/dataset/molhiv
[2.081s] copying /home/jetson/vmf/build/robot_grasping/build/lib/openpoints/dataset/molhiv/__init__.py -> /home/jetson/vmf/install/robot_grasping/lib/python3.10/site-packages/openpoints/dataset/molhiv
[2.081s] creating /home/jetson/vmf/install/robot_grasping/lib/python3.10/site-packages/openpoints/dataset/parsers
[2.081s] copying /home/jetson/vmf/build/robot_grasping/build/lib/openpoints/dataset/parsers/parser_factory.py -> /home/jetson/vmf/install/robot_grasping/lib/python3.10/site-packages/openpoints/dataset/parsers
[2.081s] copying /home/jetson/vmf/build/robot_grasping/build/lib/openpoints/dataset/parsers/parser_image_tar.py -> /home/jetson/vmf/install/robot_grasping/lib/python3.10/site-packages/openpoints/dataset/parsers
[2.081s] copying /home/jetson/vmf/build/robot_grasping/build/lib/openpoints/dataset/parsers/parser_tfds.py -> /home/jetson/vmf/install/robot_grasping/lib/python3.10/site-packages/openpoints/dataset/parsers
[2.082s] copying /home/jetson/vmf/build/robot_grasping/build/lib/openpoints/dataset/parsers/parser_image_folder.py -> /home/jetson/vmf/install/robot_grasping/lib/python3.10/site-packages/openpoints/dataset/parsers
[2.082s] copying /home/jetson/vmf/build/robot_grasping/build/lib/openpoints/dataset/parsers/parser_image_in_tar.py -> /home/jetson/vmf/install/robot_grasping/lib/python3.10/site-packages/openpoints/dataset/parsers
[2.082s] copying /home/jetson/vmf/build/robot_grasping/build/lib/openpoints/dataset/parsers/constants.py -> /home/jetson/vmf/install/robot_grasping/lib/python3.10/site-packages/openpoints/dataset/parsers
[2.082s] copying /home/jetson/vmf/build/robot_grasping/build/lib/openpoints/dataset/parsers/parser.py -> /home/jetson/vmf/install/robot_grasping/lib/python3.10/site-packages/openpoints/dataset/parsers
[2.082s] copying /home/jetson/vmf/build/robot_grasping/build/lib/openpoints/dataset/parsers/class_map.py -> /home/jetson/vmf/install/robot_grasping/lib/python3.10/site-packages/openpoints/dataset/parsers
[2.083s] copying /home/jetson/vmf/build/robot_grasping/build/lib/openpoints/dataset/parsers/__init__.py -> /home/jetson/vmf/install/robot_grasping/lib/python3.10/site-packages/openpoints/dataset/parsers
[2.083s] copying /home/jetson/vmf/build/robot_grasping/build/lib/openpoints/dataset/vis3d.py -> /home/jetson/vmf/install/robot_grasping/lib/python3.10/site-packages/openpoints/dataset
[2.083s] creating /home/jetson/vmf/install/robot_grasping/lib/python3.10/site-packages/openpoints/dataset/scannetv2
[2.083s] copying /home/jetson/vmf/build/robot_grasping/build/lib/openpoints/dataset/scannetv2/scannet.py -> /home/jetson/vmf/install/robot_grasping/lib/python3.10/site-packages/openpoints/dataset/scannetv2
[2.083s] copying /home/jetson/vmf/build/robot_grasping/build/lib/openpoints/dataset/scannetv2/__init__.py -> /home/jetson/vmf/install/robot_grasping/lib/python3.10/site-packages/openpoints/dataset/scannetv2
[2.083s] copying /home/jetson/vmf/build/robot_grasping/build/lib/openpoints/dataset/datalist.py -> /home/jetson/vmf/install/robot_grasping/lib/python3.10/site-packages/openpoints/dataset
[2.084s] copying /home/jetson/vmf/build/robot_grasping/build/lib/openpoints/dataset/__init__.py -> /home/jetson/vmf/install/robot_grasping/lib/python3.10/site-packages/openpoints/dataset
[2.084s] copying /home/jetson/vmf/build/robot_grasping/build/lib/openpoints/__init__.py -> /home/jetson/vmf/install/robot_grasping/lib/python3.10/site-packages/openpoints
[2.084s] creating /home/jetson/vmf/install/robot_grasping/lib/python3.10/site-packages/openpoints/optim
[2.084s] copying /home/jetson/vmf/build/robot_grasping/build/lib/openpoints/optim/radam.py -> /home/jetson/vmf/install/robot_grasping/lib/python3.10/site-packages/openpoints/optim
[2.084s] copying /home/jetson/vmf/build/robot_grasping/build/lib/openpoints/optim/adafactor.py -> /home/jetson/vmf/install/robot_grasping/lib/python3.10/site-packages/openpoints/optim
[2.085s] copying /home/jetson/vmf/build/robot_grasping/build/lib/openpoints/optim/adamw.py -> /home/jetson/vmf/install/robot_grasping/lib/python3.10/site-packages/openpoints/optim
[2.085s] copying /home/jetson/vmf/build/robot_grasping/build/lib/openpoints/optim/sgdp.py -> /home/jetson/vmf/install/robot_grasping/lib/python3.10/site-packages/openpoints/optim
[2.085s] copying /home/jetson/vmf/build/robot_grasping/build/lib/openpoints/optim/rmsprop_tf.py -> /home/jetson/vmf/install/robot_grasping/lib/python3.10/site-packages/openpoints/optim
[2.085s] copying /home/jetson/vmf/build/robot_grasping/build/lib/openpoints/optim/optim_factory.py -> /home/jetson/vmf/install/robot_grasping/lib/python3.10/site-packages/openpoints/optim
[2.085s] copying /home/jetson/vmf/build/robot_grasping/build/lib/openpoints/optim/lars.py -> /home/jetson/vmf/install/robot_grasping/lib/python3.10/site-packages/openpoints/optim
[2.085s] copying /home/jetson/vmf/build/robot_grasping/build/lib/openpoints/optim/adahessian.py -> /home/jetson/vmf/install/robot_grasping/lib/python3.10/site-packages/openpoints/optim
[2.086s] copying /home/jetson/vmf/build/robot_grasping/build/lib/openpoints/optim/lookahead.py -> /home/jetson/vmf/install/robot_grasping/lib/python3.10/site-packages/openpoints/optim
[2.086s] copying /home/jetson/vmf/build/robot_grasping/build/lib/openpoints/optim/nadam.py -> /home/jetson/vmf/install/robot_grasping/lib/python3.10/site-packages/openpoints/optim
[2.086s] copying /home/jetson/vmf/build/robot_grasping/build/lib/openpoints/optim/adamp.py -> /home/jetson/vmf/install/robot_grasping/lib/python3.10/site-packages/openpoints/optim
[2.086s] copying /home/jetson/vmf/build/robot_grasping/build/lib/openpoints/optim/adabelief.py -> /home/jetson/vmf/install/robot_grasping/lib/python3.10/site-packages/openpoints/optim
[2.086s] copying /home/jetson/vmf/build/robot_grasping/build/lib/openpoints/optim/lamb.py -> /home/jetson/vmf/install/robot_grasping/lib/python3.10/site-packages/openpoints/optim
[2.086s] copying /home/jetson/vmf/build/robot_grasping/build/lib/openpoints/optim/__init__.py -> /home/jetson/vmf/install/robot_grasping/lib/python3.10/site-packages/openpoints/optim
[2.087s] copying /home/jetson/vmf/build/robot_grasping/build/lib/openpoints/optim/madgrad.py -> /home/jetson/vmf/install/robot_grasping/lib/python3.10/site-packages/openpoints/optim
[2.087s] copying /home/jetson/vmf/build/robot_grasping/build/lib/openpoints/optim/nvnovograd.py -> /home/jetson/vmf/install/robot_grasping/lib/python3.10/site-packages/openpoints/optim
[2.088s] byte-compiling /home/jetson/vmf/install/robot_grasping/lib/python3.10/site-packages/active_grasp/baselines.py to baselines.cpython-310.pyc
[2.089s] byte-compiling /home/jetson/vmf/install/robot_grasping/lib/python3.10/site-packages/active_grasp/timer.py to timer.cpython-310.pyc
[2.090s] byte-compiling /home/jetson/vmf/install/robot_grasping/lib/python3.10/site-packages/active_grasp/policy.py to policy.cpython-310.pyc
[2.092s] byte-compiling /home/jetson/vmf/install/robot_grasping/lib/python3.10/site-packages/active_grasp/networks.py to networks.cpython-310.pyc
[2.093s] byte-compiling /home/jetson/vmf/install/robot_grasping/lib/python3.10/site-packages/active_grasp/spatial.py to spatial.cpython-310.pyc
[2.096s] byte-compiling /home/jetson/vmf/install/robot_grasping/lib/python3.10/site-packages/active_grasp/bbox.py to bbox.cpython-310.pyc
[2.097s] byte-compiling /home/jetson/vmf/install/robot_grasping/lib/python3.10/site-packages/active_grasp/nbv.py to nbv.cpython-310.pyc
[2.099s] byte-compiling /home/jetson/vmf/install/robot_grasping/lib/python3.10/site-packages/active_grasp/vlm_policy.py to vlm_policy.cpython-310.pyc
[2.101s] byte-compiling /home/jetson/vmf/install/robot_grasping/lib/python3.10/site-packages/active_grasp/perception.py to perception.cpython-310.pyc
[2.102s] byte-compiling /home/jetson/vmf/install/robot_grasping/lib/python3.10/site-packages/active_grasp/__init__.py to __init__.cpython-310.pyc
[2.103s] byte-compiling /home/jetson/vmf/install/robot_grasping/lib/python3.10/site-packages/vmf_contact_main/train.py to train.cpython-310.pyc
[2.105s] byte-compiling /home/jetson/vmf/install/robot_grasping/lib/python3.10/site-packages/vmf_contact_main/vmf_contact/datasets/_utils/transforms.py to transforms.cpython-310.pyc
[2.106s] byte-compiling /home/jetson/vmf/install/robot_grasping/lib/python3.10/site-packages/vmf_contact_main/vmf_contact/datasets/_utils/_registry.py to _registry.cpython-310.pyc
[2.106s] byte-compiling /home/jetson/vmf/install/robot_grasping/lib/python3.10/site-packages/vmf_contact_main/vmf_contact/datasets/_utils/split.py to split.cpython-310.pyc
[2.107s] byte-compiling /home/jetson/vmf/install/robot_grasping/lib/python3.10/site-packages/vmf_contact_main/vmf_contact/datasets/_utils/_base.py to _base.cpython-310.pyc
[2.108s] byte-compiling /home/jetson/vmf/install/robot_grasping/lib/python3.10/site-packages/vmf_contact_main/vmf_contact/datasets/_utils/__init__.py to __init__.cpython-310.pyc
[2.108s] byte-compiling /home/jetson/vmf/install/robot_grasping/lib/python3.10/site-packages/vmf_contact_main/vmf_contact/datasets/pointcloud_process.py to pointcloud_process.cpython-310.pyc
[2.110s] byte-compiling /home/jetson/vmf/install/robot_grasping/lib/python3.10/site-packages/vmf_contact_main/vmf_contact/datasets/dataset.py to dataset.cpython-310.pyc
[2.112s] byte-compiling /home/jetson/vmf/install/robot_grasping/lib/python3.10/site-packages/vmf_contact_main/vmf_contact/datasets/mgn.py to mgn.cpython-310.pyc
[2.114s] byte-compiling /home/jetson/vmf/install/robot_grasping/lib/python3.10/site-packages/vmf_contact_main/vmf_contact/datasets/__init__.py to __init__.cpython-310.pyc
[2.114s] byte-compiling /home/jetson/vmf/install/robot_grasping/lib/python3.10/site-packages/vmf_contact_main/vmf_contact/metrics/ausc_ause.py to ausc_ause.cpython-310.pyc
[2.116s] byte-compiling /home/jetson/vmf/install/robot_grasping/lib/python3.10/site-packages/vmf_contact_main/vmf_contact/metrics/aucpr.py to aucpr.cpython-310.pyc
[2.117s] byte-compiling /home/jetson/vmf/install/robot_grasping/lib/python3.10/site-packages/vmf_contact_main/vmf_contact/metrics/brier.py to brier.cpython-310.pyc
[2.117s] byte-compiling /home/jetson/vmf/install/robot_grasping/lib/python3.10/site-packages/vmf_contact_main/vmf_contact/metrics/__init__.py to __init__.cpython-310.pyc
[2.118s] byte-compiling /home/jetson/vmf/install/robot_grasping/lib/python3.10/site-packages/vmf_contact_main/vmf_contact/model/estimator.py to estimator.cpython-310.pyc
[2.120s] byte-compiling /home/jetson/vmf/install/robot_grasping/lib/python3.10/site-packages/vmf_contact_main/vmf_contact/model/lightning_module_flow.py to lightning_module_flow.cpython-310.pyc
[2.121s] byte-compiling /home/jetson/vmf/install/robot_grasping/lib/python3.10/site-packages/vmf_contact_main/vmf_contact/model/lightning_module.py to lightning_module.cpython-310.pyc
[2.126s] byte-compiling /home/jetson/vmf/install/robot_grasping/lib/python3.10/site-packages/vmf_contact_main/vmf_contact/model/grasp_buffer.py to grasp_buffer.cpython-310.pyc
[2.131s] byte-compiling /home/jetson/vmf/install/robot_grasping/lib/python3.10/site-packages/vmf_contact_main/vmf_contact/model/utils.py to utils.cpython-310.pyc
[2.146s] byte-compiling /home/jetson/vmf/install/robot_grasping/lib/python3.10/site-packages/vmf_contact_main/vmf_contact/model/__init__.py to __init__.cpython-310.pyc
[2.147s] byte-compiling /home/jetson/vmf/install/robot_grasping/lib/python3.10/site-packages/vmf_contact_main/vmf_contact/__init__.py to __init__.cpython-310.pyc
[2.147s] byte-compiling /home/jetson/vmf/install/robot_grasping/lib/python3.10/site-packages/vmf_contact_main/vmf_contact/nn/position_encodings.py to position_encodings.cpython-310.pyc
[2.147s] byte-compiling /home/jetson/vmf/install/robot_grasping/lib/python3.10/site-packages/vmf_contact_main/vmf_contact/nn/util.py to util.cpython-310.pyc
[2.147s] byte-compiling /home/jetson/vmf/install/robot_grasping/lib/python3.10/site-packages/vmf_contact_main/vmf_contact/nn/attention.py to attention.cpython-310.pyc
[2.150s] byte-compiling /home/jetson/vmf/install/robot_grasping/lib/python3.10/site-packages/vmf_contact_main/vmf_contact/nn/scaler.py to scaler.cpython-310.pyc
[2.151s] byte-compiling /home/jetson/vmf/install/robot_grasping/lib/python3.10/site-packages/vmf_contact_main/vmf_contact/nn/network.py to network.cpython-310.pyc
[2.154s] byte-compiling /home/jetson/vmf/install/robot_grasping/lib/python3.10/site-packages/vmf_contact_main/vmf_contact/nn/output/normal.py to normal.cpython-310.pyc
[2.161s] byte-compiling /home/jetson/vmf/install/robot_grasping/lib/python3.10/site-packages/vmf_contact_main/vmf_contact/nn/output/ps.py to ps.cpython-310.pyc
[2.161s] byte-compiling /home/jetson/vmf/install/robot_grasping/lib/python3.10/site-packages/vmf_contact_main/vmf_contact/nn/output/normal_multi.py to normal_multi.cpython-310.pyc
[2.161s] byte-compiling /home/jetson/vmf/install/robot_grasping/lib/python3.10/site-packages/vmf_contact_main/vmf_contact/nn/output/_base.py to _base.cpython-310.pyc
[2.162s] byte-compiling /home/jetson/vmf/install/robot_grasping/lib/python3.10/site-packages/vmf_contact_main/vmf_contact/nn/output/vmf.py to vmf.cpython-310.pyc
[2.179s] byte-compiling /home/jetson/vmf/install/robot_grasping/lib/python3.10/site-packages/vmf_contact_main/vmf_contact/nn/output/__init__.py to __init__.cpython-310.pyc
[2.179s] byte-compiling /home/jetson/vmf/install/robot_grasping/lib/python3.10/site-packages/vmf_contact_main/vmf_contact/nn/uncertainty_estimator.py to uncertainty_estimator.cpython-310.pyc
[2.179s] byte-compiling /home/jetson/vmf/install/robot_grasping/lib/python3.10/site-packages/vmf_contact_main/vmf_contact/nn/loss.py to loss.cpython-310.pyc
[2.179s] byte-compiling /home/jetson/vmf/install/robot_grasping/lib/python3.10/site-packages/vmf_contact_main/vmf_contact/nn/pointr.py to pointr.cpython-310.pyc
[2.179s] byte-compiling /home/jetson/vmf/install/robot_grasping/lib/python3.10/site-packages/vmf_contact_main/vmf_contact/nn/multihead_custom_attention.py to multihead_custom_attention.cpython-310.pyc
[2.179s] byte-compiling /home/jetson/vmf/install/robot_grasping/lib/python3.10/site-packages/vmf_contact_main/vmf_contact/nn/__init__.py to __init__.cpython-310.pyc
[2.180s] byte-compiling /home/jetson/vmf/install/robot_grasping/lib/python3.10/site-packages/vmf_contact_main/test.py to test.cpython-310.pyc
[2.180s] byte-compiling /home/jetson/vmf/install/robot_grasping/lib/python3.10/site-packages/vmf_contact_main/remote_agent.py to remote_agent.cpython-310.pyc
[2.180s] byte-compiling /home/jetson/vmf/install/robot_grasping/lib/python3.10/site-packages/vmf_contact_main/openpoints/cpp/emd/setup.py to setup.cpython-310.pyc
[2.182s] byte-compiling /home/jetson/vmf/install/robot_grasping/lib/python3.10/site-packages/vmf_contact_main/openpoints/cpp/emd/test_emd_loss.py to test_emd_loss.cpython-310.pyc
[2.182s] byte-compiling /home/jetson/vmf/install/robot_grasping/lib/python3.10/site-packages/vmf_contact_main/openpoints/cpp/emd/emd.py to emd.cpython-310.pyc
[2.182s] byte-compiling /home/jetson/vmf/install/robot_grasping/lib/python3.10/site-packages/vmf_contact_main/openpoints/cpp/emd/__init__.py to __init__.cpython-310.pyc
[2.182s] byte-compiling /home/jetson/vmf/install/robot_grasping/lib/python3.10/site-packages/vmf_contact_main/openpoints/cpp/chamfer_dist/setup.py to setup.cpython-310.pyc
[2.183s] byte-compiling /home/jetson/vmf/install/robot_grasping/lib/python3.10/site-packages/vmf_contact_main/openpoints/cpp/chamfer_dist/test.py to test.cpython-310.pyc
[2.184s] byte-compiling /home/jetson/vmf/install/robot_grasping/lib/python3.10/site-packages/vmf_contact_main/openpoints/cpp/chamfer_dist/__init__.py to __init__.cpython-310.pyc
[2.185s] byte-compiling /home/jetson/vmf/install/robot_grasping/lib/python3.10/site-packages/vmf_contact_main/openpoints/cpp/pointops/setup.py to setup.cpython-310.pyc
[2.185s] byte-compiling /home/jetson/vmf/install/robot_grasping/lib/python3.10/site-packages/vmf_contact_main/openpoints/cpp/pointops/functions/pointops.py to pointops.cpython-310.pyc
[2.189s] byte-compiling /home/jetson/vmf/install/robot_grasping/lib/python3.10/site-packages/vmf_contact_main/openpoints/cpp/pointops/functions/__init__.py to __init__.cpython-310.pyc
[2.189s] byte-compiling /home/jetson/vmf/install/robot_grasping/lib/python3.10/site-packages/vmf_contact_main/openpoints/cpp/pointops/src/__init__.py to __init__.cpython-310.pyc
[2.190s] byte-compiling /home/jetson/vmf/install/robot_grasping/lib/python3.10/site-packages/vmf_contact_main/openpoints/cpp/pointops/__init__.py to __init__.cpython-310.pyc
[2.190s] byte-compiling /home/jetson/vmf/install/robot_grasping/lib/python3.10/site-packages/vmf_contact_main/openpoints/cpp/pointnet2_batch/setup.py to setup.cpython-310.pyc
[2.190s] byte-compiling /home/jetson/vmf/install/robot_grasping/lib/python3.10/site-packages/vmf_contact_main/openpoints/cpp/pointnet2_batch/__init__.py to __init__.cpython-310.pyc
[2.190s] byte-compiling /home/jetson/vmf/install/robot_grasping/lib/python3.10/site-packages/vmf_contact_main/openpoints/cpp/__init__.py to __init__.cpython-310.pyc
[2.191s] byte-compiling /home/jetson/vmf/install/robot_grasping/lib/python3.10/site-packages/vmf_contact_main/openpoints/transforms/transforms_factory.py to transforms_factory.cpython-310.pyc
[2.192s] byte-compiling /home/jetson/vmf/install/robot_grasping/lib/python3.10/site-packages/vmf_contact_main/openpoints/transforms/point_transform_cpu.py to point_transform_cpu.cpython-310.pyc
[2.196s] byte-compiling /home/jetson/vmf/install/robot_grasping/lib/python3.10/site-packages/vmf_contact_main/openpoints/transforms/point_transformer_gpu.py to point_transformer_gpu.cpython-310.pyc
[2.201s] byte-compiling /home/jetson/vmf/install/robot_grasping/lib/python3.10/site-packages/vmf_contact_main/openpoints/transforms/__init__.py to __init__.cpython-310.pyc
[2.202s] byte-compiling /home/jetson/vmf/install/robot_grasping/lib/python3.10/site-packages/vmf_contact_main/openpoints/utils/wandb.py to wandb.cpython-310.pyc
[2.203s] byte-compiling /home/jetson/vmf/install/robot_grasping/lib/python3.10/site-packages/vmf_contact_main/openpoints/utils/dist_utils.py to dist_utils.cpython-310.pyc
[2.204s] byte-compiling /home/jetson/vmf/install/robot_grasping/lib/python3.10/site-packages/vmf_contact_main/openpoints/utils/registry.py to registry.cpython-310.pyc
[2.206s] byte-compiling /home/jetson/vmf/install/robot_grasping/lib/python3.10/site-packages/vmf_contact_main/openpoints/utils/metrics.py to metrics.cpython-310.pyc
[2.210s] byte-compiling /home/jetson/vmf/install/robot_grasping/lib/python3.10/site-packages/vmf_contact_main/openpoints/utils/config.py to config.cpython-310.pyc
[2.211s] byte-compiling /home/jetson/vmf/install/robot_grasping/lib/python3.10/site-packages/vmf_contact_main/openpoints/utils/ckpt_util.py to ckpt_util.cpython-310.pyc
[2.215s] byte-compiling /home/jetson/vmf/install/robot_grasping/lib/python3.10/site-packages/vmf_contact_main/openpoints/utils/random.py to random.cpython-310.pyc
[2.216s] byte-compiling /home/jetson/vmf/install/robot_grasping/lib/python3.10/site-packages/vmf_contact_main/openpoints/utils/str2bool.py to str2bool.cpython-310.pyc
[2.216s] byte-compiling /home/jetson/vmf/install/robot_grasping/lib/python3.10/site-packages/vmf_contact_main/openpoints/utils/__init__.py to __init__.cpython-310.pyc
[2.217s] byte-compiling /home/jetson/vmf/install/robot_grasping/lib/python3.10/site-packages/vmf_contact_main/openpoints/utils/logger.py to logger.cpython-310.pyc
[2.219s] byte-compiling /home/jetson/vmf/install/robot_grasping/lib/python3.10/site-packages/vmf_contact_main/openpoints/models/reconstruction/maskedpoint.py to maskedpoint.cpython-310.pyc
[2.220s] byte-compiling /home/jetson/vmf/install/robot_grasping/lib/python3.10/site-packages/vmf_contact_main/openpoints/models/reconstruction/base_recontruct.py to base_recontruct.cpython-310.pyc
[2.223s] byte-compiling /home/jetson/vmf/install/robot_grasping/lib/python3.10/site-packages/vmf_contact_main/openpoints/models/reconstruction/nodeshuffle.py to nodeshuffle.cpython-310.pyc
[2.223s] byte-compiling /home/jetson/vmf/install/robot_grasping/lib/python3.10/site-packages/vmf_contact_main/openpoints/models/reconstruction/maskedpointvit.py to maskedpointvit.cpython-310.pyc
[2.226s] byte-compiling /home/jetson/vmf/install/robot_grasping/lib/python3.10/site-packages/vmf_contact_main/openpoints/models/reconstruction/maskedpointgroup.py to maskedpointgroup.cpython-310.pyc
[2.228s] byte-compiling /home/jetson/vmf/install/robot_grasping/lib/python3.10/site-packages/vmf_contact_main/openpoints/models/reconstruction/__init__.py to __init__.cpython-310.pyc
[2.228s] byte-compiling /home/jetson/vmf/install/robot_grasping/lib/python3.10/site-packages/vmf_contact_main/openpoints/models/grasp/vit_grasp.py to vit_grasp.cpython-310.pyc
[2.229s] byte-compiling /home/jetson/vmf/install/robot_grasping/lib/python3.10/site-packages/vmf_contact_main/openpoints/models/grasp/base_grasp.py to base_grasp.cpython-310.pyc
[2.232s] byte-compiling /home/jetson/vmf/install/robot_grasping/lib/python3.10/site-packages/vmf_contact_main/openpoints/models/grasp/__init__.py to __init__.cpython-310.pyc
[2.232s] byte-compiling /home/jetson/vmf/install/robot_grasping/lib/python3.10/site-packages/vmf_contact_main/openpoints/models/classification/cls_base.py to cls_base.cpython-310.pyc
[2.234s] byte-compiling /home/jetson/vmf/install/robot_grasping/lib/python3.10/site-packages/vmf_contact_main/openpoints/models/classification/point_bert.py to point_bert.cpython-310.pyc
[2.236s] byte-compiling /home/jetson/vmf/install/robot_grasping/lib/python3.10/site-packages/vmf_contact_main/openpoints/models/classification/__init__.py to __init__.cpython-310.pyc
[2.238s] byte-compiling /home/jetson/vmf/install/robot_grasping/lib/python3.10/site-packages/vmf_contact_main/openpoints/models/build.py to build.cpython-310.pyc
[2.238s] byte-compiling /home/jetson/vmf/install/robot_grasping/lib/python3.10/site-packages/vmf_contact_main/openpoints/models/registry.py to registry.cpython-310.pyc
[2.239s] byte-compiling /home/jetson/vmf/install/robot_grasping/lib/python3.10/site-packages/vmf_contact_main/openpoints/models/layers/graph_conv.py to graph_conv.cpython-310.pyc
[2.240s] byte-compiling /home/jetson/vmf/install/robot_grasping/lib/python3.10/site-packages/vmf_contact_main/openpoints/models/layers/attention.py to attention.cpython-310.pyc
[2.242s] byte-compiling /home/jetson/vmf/install/robot_grasping/lib/python3.10/site-packages/vmf_contact_main/openpoints/models/layers/weight_init.py to weight_init.cpython-310.pyc
[2.243s] byte-compiling /home/jetson/vmf/install/robot_grasping/lib/python3.10/site-packages/vmf_contact_main/openpoints/models/layers/patch_embed.py to patch_embed.cpython-310.pyc
[2.244s] byte-compiling /home/jetson/vmf/install/robot_grasping/lib/python3.10/site-packages/vmf_contact_main/openpoints/models/layers/local_aggregation.py to local_aggregation.cpython-310.pyc
[2.247s] byte-compiling /home/jetson/vmf/install/robot_grasping/lib/python3.10/site-packages/vmf_contact_main/openpoints/models/layers/knn.py to knn.cpython-310.pyc
[2.248s] byte-compiling /home/jetson/vmf/install/robot_grasping/lib/python3.10/site-packages/vmf_contact_main/openpoints/models/layers/activation.py to activation.cpython-310.pyc
[2.248s] byte-compiling /home/jetson/vmf/install/robot_grasping/lib/python3.10/site-packages/vmf_contact_main/openpoints/models/layers/helpers.py to helpers.cpython-310.pyc
[2.249s] byte-compiling /home/jetson/vmf/install/robot_grasping/lib/python3.10/site-packages/vmf_contact_main/openpoints/models/layers/registry.py to registry.cpython-310.pyc
[2.251s] byte-compiling /home/jetson/vmf/install/robot_grasping/lib/python3.10/site-packages/vmf_contact_main/openpoints/models/layers/group_embed.py to group_embed.cpython-310.pyc
[2.254s] byte-compiling /home/jetson/vmf/install/robot_grasping/lib/python3.10/site-packages/vmf_contact_main/openpoints/models/layers/padding.py to padding.cpython-310.pyc
[2.255s] byte-compiling /home/jetson/vmf/install/robot_grasping/lib/python3.10/site-packages/vmf_contact_main/openpoints/models/layers/group.py to group.cpython-310.pyc
[2.259s] byte-compiling /home/jetson/vmf/install/robot_grasping/lib/python3.10/site-packages/vmf_contact_main/openpoints/models/layers/norm.py to norm.cpython-310.pyc
[2.260s] byte-compiling /home/jetson/vmf/install/robot_grasping/lib/python3.10/site-packages/vmf_contact_main/openpoints/models/layers/mlp.py to mlp.cpython-310.pyc
[2.261s] byte-compiling /home/jetson/vmf/install/robot_grasping/lib/python3.10/site-packages/vmf_contact_main/openpoints/models/layers/conv.py to conv.cpython-310.pyc
[2.263s] byte-compiling /home/jetson/vmf/install/robot_grasping/lib/python3.10/site-packages/vmf_contact_main/openpoints/models/layers/subsample.py to subsample.cpython-310.pyc
[2.265s] byte-compiling /home/jetson/vmf/install/robot_grasping/lib/python3.10/site-packages/vmf_contact_main/openpoints/models/layers/kmeans.py to kmeans.cpython-310.pyc
[2.267s] byte-compiling /home/jetson/vmf/install/robot_grasping/lib/python3.10/site-packages/vmf_contact_main/openpoints/models/layers/upsampling.py to upsampling.cpython-310.pyc
[2.268s] byte-compiling /home/jetson/vmf/install/robot_grasping/lib/python3.10/site-packages/vmf_contact_main/openpoints/models/layers/__init__.py to __init__.cpython-310.pyc
[2.268s] byte-compiling /home/jetson/vmf/install/robot_grasping/lib/python3.10/site-packages/vmf_contact_main/openpoints/models/layers/drop.py to drop.cpython-310.pyc
[2.270s] byte-compiling /home/jetson/vmf/install/robot_grasping/lib/python3.10/site-packages/vmf_contact_main/openpoints/models/backbone/spotr.py to spotr.cpython-310.pyc
[2.279s] byte-compiling /home/jetson/vmf/install/robot_grasping/lib/python3.10/site-packages/vmf_contact_main/openpoints/models/backbone/Stratified_transformer.py to Stratified_transformer.cpython-310.pyc
[2.285s] byte-compiling /home/jetson/vmf/install/robot_grasping/lib/python3.10/site-packages/vmf_contact_main/openpoints/models/backbone/graphvit3d.py to graphvit3d.cpython-310.pyc
[2.287s] byte-compiling /home/jetson/vmf/install/robot_grasping/lib/python3.10/site-packages/vmf_contact_main/openpoints/models/backbone/randlenet.py to randlenet.cpython-310.pyc
[2.289s] byte-compiling /home/jetson/vmf/install/robot_grasping/lib/python3.10/site-packages/vmf_contact_main/openpoints/models/backbone/simpleview.py to simpleview.cpython-310.pyc
[2.290s] byte-compiling /home/jetson/vmf/install/robot_grasping/lib/python3.10/site-packages/vmf_contact_main/openpoints/models/backbone/baafnet.py to baafnet.cpython-310.pyc
[2.294s] byte-compiling /home/jetson/vmf/install/robot_grasping/lib/python3.10/site-packages/vmf_contact_main/openpoints/models/backbone/deepgcn.py to deepgcn.cpython-310.pyc
[2.296s] byte-compiling /home/jetson/vmf/install/robot_grasping/lib/python3.10/site-packages/vmf_contact_main/openpoints/models/backbone/grouppointnet.py to grouppointnet.cpython-310.pyc
[2.298s] byte-compiling /home/jetson/vmf/install/robot_grasping/lib/python3.10/site-packages/vmf_contact_main/openpoints/models/backbone/simpleview_util.py to simpleview_util.cpython-310.pyc
[2.300s] byte-compiling /home/jetson/vmf/install/robot_grasping/lib/python3.10/site-packages/vmf_contact_main/openpoints/models/backbone/pointvit.py to pointvit.cpython-310.pyc
[2.305s] byte-compiling /home/jetson/vmf/install/robot_grasping/lib/python3.10/site-packages/vmf_contact_main/openpoints/models/backbone/dgcnn.py to dgcnn.cpython-310.pyc
[2.306s] byte-compiling /home/jetson/vmf/install/robot_grasping/lib/python3.10/site-packages/vmf_contact_main/openpoints/models/backbone/ball_dgcnn.py to ball_dgcnn.cpython-310.pyc
[2.308s] byte-compiling /home/jetson/vmf/install/robot_grasping/lib/python3.10/site-packages/vmf_contact_main/openpoints/models/backbone/pointnextPyG.py to pointnextPyG.cpython-310.pyc
[2.314s] byte-compiling /home/jetson/vmf/install/robot_grasping/lib/python3.10/site-packages/vmf_contact_main/openpoints/models/backbone/pointvit_inv_old.py to pointvit_inv_old.cpython-310.pyc
[2.322s] byte-compiling /home/jetson/vmf/install/robot_grasping/lib/python3.10/site-packages/vmf_contact_main/openpoints/models/backbone/pointvector.py to pointvector.cpython-310.pyc
[2.331s] byte-compiling /home/jetson/vmf/install/robot_grasping/lib/python3.10/site-packages/vmf_contact_main/openpoints/models/backbone/pointmlp.py to pointmlp.cpython-310.pyc
[2.335s] byte-compiling /home/jetson/vmf/install/robot_grasping/lib/python3.10/site-packages/vmf_contact_main/openpoints/models/backbone/pointnet.py to pointnet.cpython-310.pyc
[2.337s] byte-compiling /home/jetson/vmf/install/robot_grasping/lib/python3.10/site-packages/vmf_contact_main/openpoints/models/backbone/pct.py to pct.cpython-310.pyc
[2.340s] byte-compiling /home/jetson/vmf/install/robot_grasping/lib/python3.10/site-packages/vmf_contact_main/openpoints/models/backbone/debug_invvit.py to debug_invvit.cpython-310.pyc
[2.341s] byte-compiling /home/jetson/vmf/install/robot_grasping/lib/python3.10/site-packages/vmf_contact_main/openpoints/models/backbone/pointnext.py to pointnext.cpython-310.pyc
[2.348s] byte-compiling /home/jetson/vmf/install/robot_grasping/lib/python3.10/site-packages/vmf_contact_main/openpoints/models/backbone/curvenet.py to curvenet.cpython-310.pyc
[2.355s] byte-compiling /home/jetson/vmf/install/robot_grasping/lib/python3.10/site-packages/vmf_contact_main/openpoints/models/backbone/pointtransformer.py to pointtransformer.cpython-310.pyc
[2.359s] byte-compiling /home/jetson/vmf/install/robot_grasping/lib/python3.10/site-packages/vmf_contact_main/openpoints/models/backbone/resnet.py to resnet.cpython-310.pyc
[2.362s] byte-compiling /home/jetson/vmf/install/robot_grasping/lib/python3.10/site-packages/vmf_contact_main/openpoints/models/backbone/pointnetv2.py to pointnetv2.cpython-310.pyc
[2.366s] byte-compiling /home/jetson/vmf/install/robot_grasping/lib/python3.10/site-packages/vmf_contact_main/openpoints/models/backbone/__init__.py to __init__.cpython-310.pyc
[2.367s] byte-compiling /home/jetson/vmf/install/robot_grasping/lib/python3.10/site-packages/vmf_contact_main/openpoints/models/backbone/pointvit_inv.py to pointvit_inv.cpython-310.pyc
[2.376s] byte-compiling /home/jetson/vmf/install/robot_grasping/lib/python3.10/site-packages/vmf_contact_main/openpoints/models/segmentation/base_seg.py to base_seg.cpython-310.pyc
[2.378s] byte-compiling /home/jetson/vmf/install/robot_grasping/lib/python3.10/site-packages/vmf_contact_main/openpoints/models/segmentation/vit_seg.py to vit_seg.cpython-310.pyc
[2.379s] byte-compiling /home/jetson/vmf/install/robot_grasping/lib/python3.10/site-packages/vmf_contact_main/openpoints/models/segmentation/__init__.py to __init__.cpython-310.pyc
[2.380s] byte-compiling /home/jetson/vmf/install/robot_grasping/lib/python3.10/site-packages/vmf_contact_main/openpoints/models/__init__.py to __init__.cpython-310.pyc
[2.380s] byte-compiling /home/jetson/vmf/install/robot_grasping/lib/python3.10/site-packages/vmf_contact_main/openpoints/scheduler/multistep_lr.py to multistep_lr.cpython-310.pyc
[2.381s] byte-compiling /home/jetson/vmf/install/robot_grasping/lib/python3.10/site-packages/vmf_contact_main/openpoints/scheduler/step_lr.py to step_lr.cpython-310.pyc
[2.382s] byte-compiling /home/jetson/vmf/install/robot_grasping/lib/python3.10/site-packages/vmf_contact_main/openpoints/scheduler/poly_lr.py to poly_lr.cpython-310.pyc
[2.383s] byte-compiling /home/jetson/vmf/install/robot_grasping/lib/python3.10/site-packages/vmf_contact_main/openpoints/scheduler/plateau_lr.py to plateau_lr.cpython-310.pyc
[2.384s] byte-compiling /home/jetson/vmf/install/robot_grasping/lib/python3.10/site-packages/vmf_contact_main/openpoints/scheduler/scheduler_factory.py to scheduler_factory.cpython-310.pyc
[2.385s] byte-compiling /home/jetson/vmf/install/robot_grasping/lib/python3.10/site-packages/vmf_contact_main/openpoints/scheduler/cosine_lr.py to cosine_lr.cpython-310.pyc
[2.387s] byte-compiling /home/jetson/vmf/install/robot_grasping/lib/python3.10/site-packages/vmf_contact_main/openpoints/scheduler/scheduler.py to scheduler.cpython-310.pyc
[2.388s] byte-compiling /home/jetson/vmf/install/robot_grasping/lib/python3.10/site-packages/vmf_contact_main/openpoints/scheduler/tanh_lr.py to tanh_lr.cpython-310.pyc
[2.389s] byte-compiling /home/jetson/vmf/install/robot_grasping/lib/python3.10/site-packages/vmf_contact_main/openpoints/scheduler/__init__.py to __init__.cpython-310.pyc
[2.390s] byte-compiling /home/jetson/vmf/install/robot_grasping/lib/python3.10/site-packages/vmf_contact_main/openpoints/loss/cross_entropy.py to cross_entropy.cpython-310.pyc
[2.391s] byte-compiling /home/jetson/vmf/install/robot_grasping/lib/python3.10/site-packages/vmf_contact_main/openpoints/loss/build.py to build.cpython-310.pyc
[2.393s] byte-compiling /home/jetson/vmf/install/robot_grasping/lib/python3.10/site-packages/vmf_contact_main/openpoints/loss/distill_loss.py to distill_loss.cpython-310.pyc
[2.394s] byte-compiling /home/jetson/vmf/install/robot_grasping/lib/python3.10/site-packages/vmf_contact_main/openpoints/loss/__init__.py to __init__.cpython-310.pyc
[2.394s] byte-compiling /home/jetson/vmf/install/robot_grasping/lib/python3.10/site-packages/vmf_contact_main/openpoints/dataset/pcqm4m/data.py to data.cpython-310.pyc
[2.395s] byte-compiling /home/jetson/vmf/install/robot_grasping/lib/python3.10/site-packages/vmf_contact_main/openpoints/dataset/pcqm4m/__init__.py to __init__.cpython-310.pyc
[2.396s] byte-compiling /home/jetson/vmf/install/robot_grasping/lib/python3.10/site-packages/vmf_contact_main/openpoints/dataset/graph_dataset/svd_encodings_dataset.py to svd_encodings_dataset.cpython-310.pyc
[2.397s] byte-compiling /home/jetson/vmf/install/robot_grasping/lib/python3.10/site-packages/vmf_contact_main/openpoints/dataset/graph_dataset/structural_dataset.py to structural_dataset.cpython-310.pyc
[2.398s] byte-compiling /home/jetson/vmf/install/robot_grasping/lib/python3.10/site-packages/vmf_contact_main/openpoints/dataset/graph_dataset/stack_with_pad.py to stack_with_pad.cpython-310.pyc
[2.399s] byte-compiling /home/jetson/vmf/install/robot_grasping/lib/python3.10/site-packages/vmf_contact_main/openpoints/dataset/graph_dataset/graph_dataset.py to graph_dataset.cpython-310.pyc
[2.400s] byte-compiling /home/jetson/vmf/install/robot_grasping/lib/python3.10/site-packages/vmf_contact_main/openpoints/dataset/graph_dataset/__init__.py to __init__.cpython-310.pyc
[2.401s] byte-compiling /home/jetson/vmf/install/robot_grasping/lib/python3.10/site-packages/vmf_contact_main/openpoints/dataset/pcqm4mv2/data.py to data.cpython-310.pyc
[2.402s] byte-compiling /home/jetson/vmf/install/robot_grasping/lib/python3.10/site-packages/vmf_contact_main/openpoints/dataset/pcqm4mv2/__init__.py to __init__.cpython-310.pyc
[2.402s] byte-compiling /home/jetson/vmf/install/robot_grasping/lib/python3.10/site-packages/vmf_contact_main/openpoints/dataset/dataset_base.py to dataset_base.cpython-310.pyc
[2.404s] byte-compiling /home/jetson/vmf/install/robot_grasping/lib/python3.10/site-packages/vmf_contact_main/openpoints/dataset/atom3d/psr.py to psr.cpython-310.pyc
[2.405s] byte-compiling /home/jetson/vmf/install/robot_grasping/lib/python3.10/site-packages/vmf_contact_main/openpoints/dataset/atom3d/__init__.py to __init__.cpython-310.pyc
[2.405s] byte-compiling /home/jetson/vmf/install/robot_grasping/lib/python3.10/site-packages/vmf_contact_main/openpoints/dataset/build.py to build.cpython-310.pyc
[2.406s] byte-compiling /home/jetson/vmf/install/robot_grasping/lib/python3.10/site-packages/vmf_contact_main/openpoints/dataset/data_util.py to data_util.cpython-310.pyc
[2.408s] byte-compiling /home/jetson/vmf/install/robot_grasping/lib/python3.10/site-packages/vmf_contact_main/openpoints/dataset/s3dis/s3dis.py to s3dis.cpython-310.pyc
[2.410s] byte-compiling /home/jetson/vmf/install/robot_grasping/lib/python3.10/site-packages/vmf_contact_main/openpoints/dataset/s3dis/s3dis_sphere.py to s3dis_sphere.cpython-310.pyc
[2.414s] byte-compiling /home/jetson/vmf/install/robot_grasping/lib/python3.10/site-packages/vmf_contact_main/openpoints/dataset/s3dis/s3dis_block.py to s3dis_block.cpython-310.pyc
[2.414s] byte-compiling /home/jetson/vmf/install/robot_grasping/lib/python3.10/site-packages/vmf_contact_main/openpoints/dataset/s3dis/__init__.py to __init__.cpython-310.pyc
[2.415s] byte-compiling /home/jetson/vmf/install/robot_grasping/lib/python3.10/site-packages/vmf_contact_main/openpoints/dataset/shapenetpart/shapenetpart.py to shapenetpart.cpython-310.pyc
[2.419s] byte-compiling /home/jetson/vmf/install/robot_grasping/lib/python3.10/site-packages/vmf_contact_main/openpoints/dataset/shapenetpart/shapenet55.py to shapenet55.cpython-310.pyc
[2.420s] byte-compiling /home/jetson/vmf/install/robot_grasping/lib/python3.10/site-packages/vmf_contact_main/openpoints/dataset/shapenetpart/__init__.py to __init__.cpython-310.pyc
[2.421s] byte-compiling /home/jetson/vmf/install/robot_grasping/lib/python3.10/site-packages/vmf_contact_main/openpoints/dataset/vis2d.py to vis2d.cpython-310.pyc
[2.421s] byte-compiling /home/jetson/vmf/install/robot_grasping/lib/python3.10/site-packages/vmf_contact_main/openpoints/dataset/modelnet/modelnet40_normal_resampled_loader.py to modelnet40_normal_resampled_loader.cpython-310.pyc
[2.423s] byte-compiling /home/jetson/vmf/install/robot_grasping/lib/python3.10/site-packages/vmf_contact_main/openpoints/dataset/modelnet/modelnet40_ply_2048_loader.py to modelnet40_ply_2048_loader.cpython-310.pyc
[2.425s] byte-compiling /home/jetson/vmf/install/robot_grasping/lib/python3.10/site-packages/vmf_contact_main/openpoints/dataset/modelnet/__init__.py to __init__.cpython-310.pyc
[2.425s] byte-compiling /home/jetson/vmf/install/robot_grasping/lib/python3.10/site-packages/vmf_contact_main/openpoints/dataset/shapenet/shapenetpart.py to shapenetpart.cpython-310.pyc
[2.427s] byte-compiling /home/jetson/vmf/install/robot_grasping/lib/python3.10/site-packages/vmf_contact_main/openpoints/dataset/shapenet/shapenet55.py to shapenet55.cpython-310.pyc
[2.428s] byte-compiling /home/jetson/vmf/install/robot_grasping/lib/python3.10/site-packages/vmf_contact_main/openpoints/dataset/shapenet/__init__.py to __init__.cpython-310.pyc
[2.428s] byte-compiling /home/jetson/vmf/install/robot_grasping/lib/python3.10/site-packages/vmf_contact_main/openpoints/dataset/matterport3d/matterport3d_dataprocessing.py to matterport3d_dataprocessing.cpython-310.pyc
[2.429s] byte-compiling /home/jetson/vmf/install/robot_grasping/lib/python3.10/site-packages/vmf_contact_main/openpoints/dataset/matterport3d/__init__.py to __init__.cpython-310.pyc
[2.429s] byte-compiling /home/jetson/vmf/install/robot_grasping/lib/python3.10/site-packages/vmf_contact_main/openpoints/dataset/matterport3d/matterport3d.py to matterport3d.cpython-310.pyc
[2.431s] byte-compiling /home/jetson/vmf/install/robot_grasping/lib/python3.10/site-packages/vmf_contact_main/openpoints/dataset/semantic_kitti/semantickitti.py to semantickitti.cpython-310.pyc
[2.434s] byte-compiling /home/jetson/vmf/install/robot_grasping/lib/python3.10/site-packages/vmf_contact_main/openpoints/dataset/semantic_kitti/helper_tool.py to helper_tool.cpython-310.pyc
[2.437s] /home/jetson/vmf/install/robot_grasping/lib/python3.10/site-packages/vmf_contact_main/openpoints/dataset/semantic_kitti/helper_tool.py:212: SyntaxWarning: "is" with a literal. Did you mean "=="?
[2.437s]   if dataset_name is 'S3DIS':
[2.437s] /home/jetson/vmf/install/robot_grasping/lib/python3.10/site-packages/vmf_contact_main/openpoints/dataset/semantic_kitti/helper_tool.py:215: SyntaxWarning: "is" with a literal. Did you mean "=="?
[2.438s]   elif dataset_name is 'Semantic3D':
[2.438s] byte-compiling /home/jetson/vmf/install/robot_grasping/lib/python3.10/site-packages/vmf_contact_main/openpoints/dataset/semantic_kitti/__init__.py to __init__.cpython-310.pyc
[2.439s] byte-compiling /home/jetson/vmf/install/robot_grasping/lib/python3.10/site-packages/vmf_contact_main/openpoints/dataset/grid_sample.py to grid_sample.cpython-310.pyc
[2.439s] byte-compiling /home/jetson/vmf/install/robot_grasping/lib/python3.10/site-packages/vmf_contact_main/openpoints/dataset/molpcba/data.py to data.cpython-310.pyc
[2.440s] byte-compiling /home/jetson/vmf/install/robot_grasping/lib/python3.10/site-packages/vmf_contact_main/openpoints/dataset/molpcba/__init__.py to __init__.cpython-310.pyc
[2.440s] byte-compiling /home/jetson/vmf/install/robot_grasping/lib/python3.10/site-packages/vmf_contact_main/openpoints/dataset/scanobjectnn/scanobjectnn.py to scanobjectnn.cpython-310.pyc
[2.441s] byte-compiling /home/jetson/vmf/install/robot_grasping/lib/python3.10/site-packages/vmf_contact_main/openpoints/dataset/scanobjectnn/__init__.py to __init__.cpython-310.pyc
[2.441s] byte-compiling /home/jetson/vmf/install/robot_grasping/lib/python3.10/site-packages/vmf_contact_main/openpoints/dataset/molhiv/data.py to data.cpython-310.pyc
[2.442s] byte-compiling /home/jetson/vmf/install/robot_grasping/lib/python3.10/site-packages/vmf_contact_main/openpoints/dataset/molhiv/__init__.py to __init__.cpython-310.pyc
[2.443s] byte-compiling /home/jetson/vmf/install/robot_grasping/lib/python3.10/site-packages/vmf_contact_main/openpoints/dataset/parsers/parser_factory.py to parser_factory.cpython-310.pyc
[2.443s] byte-compiling /home/jetson/vmf/install/robot_grasping/lib/python3.10/site-packages/vmf_contact_main/openpoints/dataset/parsers/parser_image_tar.py to parser_image_tar.cpython-310.pyc
[2.444s] byte-compiling /home/jetson/vmf/install/robot_grasping/lib/python3.10/site-packages/vmf_contact_main/openpoints/dataset/parsers/parser_tfds.py to parser_tfds.cpython-310.pyc
[2.446s] byte-compiling /home/jetson/vmf/install/robot_grasping/lib/python3.10/site-packages/vmf_contact_main/openpoints/dataset/parsers/parser_image_folder.py to parser_image_folder.cpython-310.pyc
[2.448s] byte-compiling /home/jetson/vmf/install/robot_grasping/lib/python3.10/site-packages/vmf_contact_main/openpoints/dataset/parsers/parser_image_in_tar.py to parser_image_in_tar.cpython-310.pyc
[2.450s] byte-compiling /home/jetson/vmf/install/robot_grasping/lib/python3.10/site-packages/vmf_contact_main/openpoints/dataset/parsers/constants.py to constants.cpython-310.pyc
[2.451s] byte-compiling /home/jetson/vmf/install/robot_grasping/lib/python3.10/site-packages/vmf_contact_main/openpoints/dataset/parsers/parser.py to parser.cpython-310.pyc
[2.451s] byte-compiling /home/jetson/vmf/install/robot_grasping/lib/python3.10/site-packages/vmf_contact_main/openpoints/dataset/parsers/class_map.py to class_map.cpython-310.pyc
[2.452s] byte-compiling /home/jetson/vmf/install/robot_grasping/lib/python3.10/site-packages/vmf_contact_main/openpoints/dataset/parsers/__init__.py to __init__.cpython-310.pyc
[2.452s] byte-compiling /home/jetson/vmf/install/robot_grasping/lib/python3.10/site-packages/vmf_contact_main/openpoints/dataset/vis3d.py to vis3d.cpython-310.pyc
[2.454s] byte-compiling /home/jetson/vmf/install/robot_grasping/lib/python3.10/site-packages/vmf_contact_main/openpoints/dataset/scannetv2/scannet.py to scannet.cpython-310.pyc
[2.456s] byte-compiling /home/jetson/vmf/install/robot_grasping/lib/python3.10/site-packages/vmf_contact_main/openpoints/dataset/scannetv2/__init__.py to __init__.cpython-310.pyc
[2.456s] byte-compiling /home/jetson/vmf/install/robot_grasping/lib/python3.10/site-packages/vmf_contact_main/openpoints/dataset/datalist.py to datalist.cpython-310.pyc
[2.457s] byte-compiling /home/jetson/vmf/install/robot_grasping/lib/python3.10/site-packages/vmf_contact_main/openpoints/dataset/__init__.py to __init__.cpython-310.pyc
[2.458s] byte-compiling /home/jetson/vmf/install/robot_grasping/lib/python3.10/site-packages/vmf_contact_main/openpoints/__init__.py to __init__.cpython-310.pyc
[2.458s] byte-compiling /home/jetson/vmf/install/robot_grasping/lib/python3.10/site-packages/vmf_contact_main/openpoints/optim/radam.py to radam.cpython-310.pyc
[2.459s] byte-compiling /home/jetson/vmf/install/robot_grasping/lib/python3.10/site-packages/vmf_contact_main/openpoints/optim/adafactor.py to adafactor.cpython-310.pyc
[2.461s] byte-compiling /home/jetson/vmf/install/robot_grasping/lib/python3.10/site-packages/vmf_contact_main/openpoints/optim/adamw.py to adamw.cpython-310.pyc
[2.462s] byte-compiling /home/jetson/vmf/install/robot_grasping/lib/python3.10/site-packages/vmf_contact_main/openpoints/optim/sgdp.py to sgdp.cpython-310.pyc
[2.463s] byte-compiling /home/jetson/vmf/install/robot_grasping/lib/python3.10/site-packages/vmf_contact_main/openpoints/optim/rmsprop_tf.py to rmsprop_tf.cpython-310.pyc
[2.464s] byte-compiling /home/jetson/vmf/install/robot_grasping/lib/python3.10/site-packages/vmf_contact_main/openpoints/optim/optim_factory.py to optim_factory.cpython-310.pyc
[2.467s] byte-compiling /home/jetson/vmf/install/robot_grasping/lib/python3.10/site-packages/vmf_contact_main/openpoints/optim/lars.py to lars.cpython-310.pyc
[2.468s] byte-compiling /home/jetson/vmf/install/robot_grasping/lib/python3.10/site-packages/vmf_contact_main/openpoints/optim/adahessian.py to adahessian.cpython-310.pyc
[2.470s] byte-compiling /home/jetson/vmf/install/robot_grasping/lib/python3.10/site-packages/vmf_contact_main/openpoints/optim/lookahead.py to lookahead.cpython-310.pyc
[2.471s] byte-compiling /home/jetson/vmf/install/robot_grasping/lib/python3.10/site-packages/vmf_contact_main/openpoints/optim/nadam.py to nadam.cpython-310.pyc
[2.473s] byte-compiling /home/jetson/vmf/install/robot_grasping/lib/python3.10/site-packages/vmf_contact_main/openpoints/optim/adamp.py to adamp.cpython-310.pyc
[2.474s] byte-compiling /home/jetson/vmf/install/robot_grasping/lib/python3.10/site-packages/vmf_contact_main/openpoints/optim/adabelief.py to adabelief.cpython-310.pyc
[2.476s] byte-compiling /home/jetson/vmf/install/robot_grasping/lib/python3.10/site-packages/vmf_contact_main/openpoints/optim/lamb.py to lamb.cpython-310.pyc
[2.477s] byte-compiling /home/jetson/vmf/install/robot_grasping/lib/python3.10/site-packages/vmf_contact_main/openpoints/optim/__init__.py to __init__.cpython-310.pyc
[2.477s] byte-compiling /home/jetson/vmf/install/robot_grasping/lib/python3.10/site-packages/vmf_contact_main/openpoints/optim/madgrad.py to madgrad.cpython-310.pyc
[2.479s] byte-compiling /home/jetson/vmf/install/robot_grasping/lib/python3.10/site-packages/vmf_contact_main/openpoints/optim/nvnovograd.py to nvnovograd.cpython-310.pyc
[2.480s] byte-compiling /home/jetson/vmf/install/robot_grasping/lib/python3.10/site-packages/vmf_contact_main/__init__.py to __init__.cpython-310.pyc
[2.481s] byte-compiling /home/jetson/vmf/install/robot_grasping/lib/python3.10/site-packages/ros2_nodes/camera_utils.py to camera_utils.cpython-310.pyc
[2.482s] byte-compiling /home/jetson/vmf/install/robot_grasping/lib/python3.10/site-packages/ros2_nodes/utils_camera.py to utils_camera.cpython-310.pyc
[2.485s] byte-compiling /home/jetson/vmf/install/robot_grasping/lib/python3.10/site-packages/ros2_nodes/inference_node_vlm.py to inference_node_vlm.cpython-310.pyc
[2.488s] byte-compiling /home/jetson/vmf/install/robot_grasping/lib/python3.10/site-packages/ros2_nodes/inference_node_data.py to inference_node_data.cpython-310.pyc
[2.491s] byte-compiling /home/jetson/vmf/install/robot_grasping/lib/python3.10/site-packages/ros2_nodes/test_frame_saver.py to test_frame_saver.cpython-310.pyc
[2.492s] byte-compiling /home/jetson/vmf/install/robot_grasping/lib/python3.10/site-packages/ros2_nodes/inference_node_giga_active.py to inference_node_giga_active.cpython-310.pyc
[2.497s] byte-compiling /home/jetson/vmf/install/robot_grasping/lib/python3.10/site-packages/ros2_nodes/inference_node_vmf.py to inference_node_vmf.cpython-310.pyc
[2.497s] byte-compiling /home/jetson/vmf/install/robot_grasping/lib/python3.10/site-packages/ros2_nodes/utils_node.py to utils_node.cpython-310.pyc
[2.501s] byte-compiling /home/jetson/vmf/install/robot_grasping/lib/python3.10/site-packages/ros2_nodes/test_visualization_node.py to test_visualization_node.cpython-310.pyc
[2.502s] byte-compiling /home/jetson/vmf/install/robot_grasping/lib/python3.10/site-packages/ros2_nodes/inference_node_base.py to inference_node_base.cpython-310.pyc
[2.510s] byte-compiling /home/jetson/vmf/install/robot_grasping/lib/python3.10/site-packages/ros2_nodes/inference_node_giga.py to inference_node_giga.cpython-310.pyc
[2.512s] byte-compiling /home/jetson/vmf/install/robot_grasping/lib/python3.10/site-packages/ros2_nodes/__init__.py to __init__.cpython-310.pyc
[2.512s] byte-compiling /home/jetson/vmf/install/robot_grasping/lib/python3.10/site-packages/openpoints/cpp/emd/setup.py to setup.cpython-310.pyc
[2.514s] byte-compiling /home/jetson/vmf/install/robot_grasping/lib/python3.10/site-packages/openpoints/cpp/emd/test_emd_loss.py to test_emd_loss.cpython-310.pyc
[2.515s] byte-compiling /home/jetson/vmf/install/robot_grasping/lib/python3.10/site-packages/openpoints/cpp/emd/emd.py to emd.cpython-310.pyc
[2.516s] byte-compiling /home/jetson/vmf/install/robot_grasping/lib/python3.10/site-packages/openpoints/cpp/emd/__init__.py to __init__.cpython-310.pyc
[2.516s] byte-compiling /home/jetson/vmf/install/robot_grasping/lib/python3.10/site-packages/openpoints/cpp/chamfer_dist/setup.py to setup.cpython-310.pyc
[2.516s] byte-compiling /home/jetson/vmf/install/robot_grasping/lib/python3.10/site-packages/openpoints/cpp/chamfer_dist/test.py to test.cpython-310.pyc
[2.517s] byte-compiling /home/jetson/vmf/install/robot_grasping/lib/python3.10/site-packages/openpoints/cpp/chamfer_dist/__init__.py to __init__.cpython-310.pyc
[2.517s] byte-compiling /home/jetson/vmf/install/robot_grasping/lib/python3.10/site-packages/openpoints/cpp/pointops/setup.py to setup.cpython-310.pyc
[2.519s] byte-compiling /home/jetson/vmf/install/robot_grasping/lib/python3.10/site-packages/openpoints/cpp/pointops/functions/pointops.py to pointops.cpython-310.pyc
[2.522s] byte-compiling /home/jetson/vmf/install/robot_grasping/lib/python3.10/site-packages/openpoints/cpp/pointops/functions/__init__.py to __init__.cpython-310.pyc
[2.523s] byte-compiling /home/jetson/vmf/install/robot_grasping/lib/python3.10/site-packages/openpoints/cpp/pointops/src/__init__.py to __init__.cpython-310.pyc
[2.523s] byte-compiling /home/jetson/vmf/install/robot_grasping/lib/python3.10/site-packages/openpoints/cpp/pointops/__init__.py to __init__.cpython-310.pyc
[2.524s] byte-compiling /home/jetson/vmf/install/robot_grasping/lib/python3.10/site-packages/openpoints/cpp/pointnet2_batch/setup.py to setup.cpython-310.pyc
[2.524s] byte-compiling /home/jetson/vmf/install/robot_grasping/lib/python3.10/site-packages/openpoints/cpp/pointnet2_batch/__init__.py to __init__.cpython-310.pyc
[2.524s] byte-compiling /home/jetson/vmf/install/robot_grasping/lib/python3.10/site-packages/openpoints/cpp/__init__.py to __init__.cpython-310.pyc
[2.524s] byte-compiling /home/jetson/vmf/install/robot_grasping/lib/python3.10/site-packages/openpoints/transforms/transforms_factory.py to transforms_factory.cpython-310.pyc
[2.525s] byte-compiling /home/jetson/vmf/install/robot_grasping/lib/python3.10/site-packages/openpoints/transforms/point_transform_cpu.py to point_transform_cpu.cpython-310.pyc
[2.529s] byte-compiling /home/jetson/vmf/install/robot_grasping/lib/python3.10/site-packages/openpoints/transforms/point_transformer_gpu.py to point_transformer_gpu.cpython-310.pyc
[2.535s] byte-compiling /home/jetson/vmf/install/robot_grasping/lib/python3.10/site-packages/openpoints/transforms/__init__.py to __init__.cpython-310.pyc
[2.535s] byte-compiling /home/jetson/vmf/install/robot_grasping/lib/python3.10/site-packages/openpoints/utils/wandb.py to wandb.cpython-310.pyc
[2.536s] byte-compiling /home/jetson/vmf/install/robot_grasping/lib/python3.10/site-packages/openpoints/utils/dist_utils.py to dist_utils.cpython-310.pyc
[2.540s] byte-compiling /home/jetson/vmf/install/robot_grasping/lib/python3.10/site-packages/openpoints/utils/registry.py to registry.cpython-310.pyc
[2.540s] byte-compiling /home/jetson/vmf/install/robot_grasping/lib/python3.10/site-packages/openpoints/utils/metrics.py to metrics.cpython-310.pyc
[2.543s] byte-compiling /home/jetson/vmf/install/robot_grasping/lib/python3.10/site-packages/openpoints/utils/config.py to config.cpython-310.pyc
[2.544s] byte-compiling /home/jetson/vmf/install/robot_grasping/lib/python3.10/site-packages/openpoints/utils/ckpt_util.py to ckpt_util.cpython-310.pyc
[2.549s] byte-compiling /home/jetson/vmf/install/robot_grasping/lib/python3.10/site-packages/openpoints/utils/random.py to random.cpython-310.pyc
[2.555s] byte-compiling /home/jetson/vmf/install/robot_grasping/lib/python3.10/site-packages/openpoints/utils/str2bool.py to str2bool.cpython-310.pyc
[2.555s] byte-compiling /home/jetson/vmf/install/robot_grasping/lib/python3.10/site-packages/openpoints/utils/__init__.py to __init__.cpython-310.pyc
[2.555s] byte-compiling /home/jetson/vmf/install/robot_grasping/lib/python3.10/site-packages/openpoints/utils/logger.py to logger.cpython-310.pyc
[2.555s] byte-compiling /home/jetson/vmf/install/robot_grasping/lib/python3.10/site-packages/openpoints/models/reconstruction/maskedpoint.py to maskedpoint.cpython-310.pyc
[2.555s] byte-compiling /home/jetson/vmf/install/robot_grasping/lib/python3.10/site-packages/openpoints/models/reconstruction/base_recontruct.py to base_recontruct.cpython-310.pyc
[2.557s] byte-compiling /home/jetson/vmf/install/robot_grasping/lib/python3.10/site-packages/openpoints/models/reconstruction/nodeshuffle.py to nodeshuffle.cpython-310.pyc
[2.557s] byte-compiling /home/jetson/vmf/install/robot_grasping/lib/python3.10/site-packages/openpoints/models/reconstruction/maskedpointvit.py to maskedpointvit.cpython-310.pyc
[2.559s] byte-compiling /home/jetson/vmf/install/robot_grasping/lib/python3.10/site-packages/openpoints/models/reconstruction/maskedpointgroup.py to maskedpointgroup.cpython-310.pyc
[2.561s] byte-compiling /home/jetson/vmf/install/robot_grasping/lib/python3.10/site-packages/openpoints/models/reconstruction/__init__.py to __init__.cpython-310.pyc
[2.561s] byte-compiling /home/jetson/vmf/install/robot_grasping/lib/python3.10/site-packages/openpoints/models/grasp/vit_grasp.py to vit_grasp.cpython-310.pyc
[2.563s] byte-compiling /home/jetson/vmf/install/robot_grasping/lib/python3.10/site-packages/openpoints/models/grasp/base_grasp.py to base_grasp.cpython-310.pyc
[2.565s] byte-compiling /home/jetson/vmf/install/robot_grasping/lib/python3.10/site-packages/openpoints/models/grasp/__init__.py to __init__.cpython-310.pyc
[2.566s] byte-compiling /home/jetson/vmf/install/robot_grasping/lib/python3.10/site-packages/openpoints/models/classification/cls_base.py to cls_base.cpython-310.pyc
[2.568s] byte-compiling /home/jetson/vmf/install/robot_grasping/lib/python3.10/site-packages/openpoints/models/classification/point_bert.py to point_bert.cpython-310.pyc
[2.570s] byte-compiling /home/jetson/vmf/install/robot_grasping/lib/python3.10/site-packages/openpoints/models/classification/__init__.py to __init__.cpython-310.pyc
[2.570s] byte-compiling /home/jetson/vmf/install/robot_grasping/lib/python3.10/site-packages/openpoints/models/build.py to build.cpython-310.pyc
[2.571s] byte-compiling /home/jetson/vmf/install/robot_grasping/lib/python3.10/site-packages/openpoints/models/registry.py to registry.cpython-310.pyc
[2.573s] byte-compiling /home/jetson/vmf/install/robot_grasping/lib/python3.10/site-packages/openpoints/models/layers/graph_conv.py to graph_conv.cpython-310.pyc
[2.574s] byte-compiling /home/jetson/vmf/install/robot_grasping/lib/python3.10/site-packages/openpoints/models/layers/attention.py to attention.cpython-310.pyc
[2.576s] byte-compiling /home/jetson/vmf/install/robot_grasping/lib/python3.10/site-packages/openpoints/models/layers/weight_init.py to weight_init.cpython-310.pyc
[2.577s] byte-compiling /home/jetson/vmf/install/robot_grasping/lib/python3.10/site-packages/openpoints/models/layers/patch_embed.py to patch_embed.cpython-310.pyc
[2.577s] byte-compiling /home/jetson/vmf/install/robot_grasping/lib/python3.10/site-packages/openpoints/models/layers/local_aggregation.py to local_aggregation.cpython-310.pyc
[2.580s] byte-compiling /home/jetson/vmf/install/robot_grasping/lib/python3.10/site-packages/openpoints/models/layers/knn.py to knn.cpython-310.pyc
[2.581s] byte-compiling /home/jetson/vmf/install/robot_grasping/lib/python3.10/site-packages/openpoints/models/layers/activation.py to activation.cpython-310.pyc
[2.582s] byte-compiling /home/jetson/vmf/install/robot_grasping/lib/python3.10/site-packages/openpoints/models/layers/helpers.py to helpers.cpython-310.pyc
[2.583s] byte-compiling /home/jetson/vmf/install/robot_grasping/lib/python3.10/site-packages/openpoints/models/layers/registry.py to registry.cpython-310.pyc
[2.584s] byte-compiling /home/jetson/vmf/install/robot_grasping/lib/python3.10/site-packages/openpoints/models/layers/group_embed.py to group_embed.cpython-310.pyc
[2.588s] byte-compiling /home/jetson/vmf/install/robot_grasping/lib/python3.10/site-packages/openpoints/models/layers/padding.py to padding.cpython-310.pyc
[2.589s] byte-compiling /home/jetson/vmf/install/robot_grasping/lib/python3.10/site-packages/openpoints/models/layers/group.py to group.cpython-310.pyc
[2.592s] byte-compiling /home/jetson/vmf/install/robot_grasping/lib/python3.10/site-packages/openpoints/models/layers/norm.py to norm.cpython-310.pyc
[2.594s] byte-compiling /home/jetson/vmf/install/robot_grasping/lib/python3.10/site-packages/openpoints/models/layers/mlp.py to mlp.cpython-310.pyc
[2.595s] byte-compiling /home/jetson/vmf/install/robot_grasping/lib/python3.10/site-packages/openpoints/models/layers/conv.py to conv.cpython-310.pyc
[2.597s] byte-compiling /home/jetson/vmf/install/robot_grasping/lib/python3.10/site-packages/openpoints/models/layers/subsample.py to subsample.cpython-310.pyc
[2.599s] byte-compiling /home/jetson/vmf/install/robot_grasping/lib/python3.10/site-packages/openpoints/models/layers/kmeans.py to kmeans.cpython-310.pyc
[2.601s] byte-compiling /home/jetson/vmf/install/robot_grasping/lib/python3.10/site-packages/openpoints/models/layers/upsampling.py to upsampling.cpython-310.pyc
[2.602s] byte-compiling /home/jetson/vmf/install/robot_grasping/lib/python3.10/site-packages/openpoints/models/layers/__init__.py to __init__.cpython-310.pyc
[2.602s] byte-compiling /home/jetson/vmf/install/robot_grasping/lib/python3.10/site-packages/openpoints/models/layers/drop.py to drop.cpython-310.pyc
[2.604s] byte-compiling /home/jetson/vmf/install/robot_grasping/lib/python3.10/site-packages/openpoints/models/backbone/spotr.py to spotr.cpython-310.pyc
[2.612s] byte-compiling /home/jetson/vmf/install/robot_grasping/lib/python3.10/site-packages/openpoints/models/backbone/Stratified_transformer.py to Stratified_transformer.cpython-310.pyc
[2.619s] byte-compiling /home/jetson/vmf/install/robot_grasping/lib/python3.10/site-packages/openpoints/models/backbone/graphvit3d.py to graphvit3d.cpython-310.pyc
[2.621s] byte-compiling /home/jetson/vmf/install/robot_grasping/lib/python3.10/site-packages/openpoints/models/backbone/randlenet.py to randlenet.cpython-310.pyc
[2.623s] byte-compiling /home/jetson/vmf/install/robot_grasping/lib/python3.10/site-packages/openpoints/models/backbone/simpleview.py to simpleview.cpython-310.pyc
[2.625s] byte-compiling /home/jetson/vmf/install/robot_grasping/lib/python3.10/site-packages/openpoints/models/backbone/baafnet.py to baafnet.cpython-310.pyc
[2.629s] byte-compiling /home/jetson/vmf/install/robot_grasping/lib/python3.10/site-packages/openpoints/models/backbone/deepgcn.py to deepgcn.cpython-310.pyc
[2.631s] byte-compiling /home/jetson/vmf/install/robot_grasping/lib/python3.10/site-packages/openpoints/models/backbone/grouppointnet.py to grouppointnet.cpython-310.pyc
[2.633s] byte-compiling /home/jetson/vmf/install/robot_grasping/lib/python3.10/site-packages/openpoints/models/backbone/simpleview_util.py to simpleview_util.cpython-310.pyc
[2.635s] byte-compiling /home/jetson/vmf/install/robot_grasping/lib/python3.10/site-packages/openpoints/models/backbone/pointvit.py to pointvit.cpython-310.pyc
[2.640s] byte-compiling /home/jetson/vmf/install/robot_grasping/lib/python3.10/site-packages/openpoints/models/backbone/dgcnn.py to dgcnn.cpython-310.pyc
[2.643s] byte-compiling /home/jetson/vmf/install/robot_grasping/lib/python3.10/site-packages/openpoints/models/backbone/ball_dgcnn.py to ball_dgcnn.cpython-310.pyc
[2.644s] byte-compiling /home/jetson/vmf/install/robot_grasping/lib/python3.10/site-packages/openpoints/models/backbone/pointnextPyG.py to pointnextPyG.cpython-310.pyc
[2.649s] byte-compiling /home/jetson/vmf/install/robot_grasping/lib/python3.10/site-packages/openpoints/models/backbone/pointvit_inv_old.py to pointvit_inv_old.cpython-310.pyc
[2.658s] byte-compiling /home/jetson/vmf/install/robot_grasping/lib/python3.10/site-packages/openpoints/models/backbone/pointvector.py to pointvector.cpython-310.pyc
[2.667s] byte-compiling /home/jetson/vmf/install/robot_grasping/lib/python3.10/site-packages/openpoints/models/backbone/pointmlp.py to pointmlp.cpython-310.pyc
[2.673s] byte-compiling /home/jetson/vmf/install/robot_grasping/lib/python3.10/site-packages/openpoints/models/backbone/pointnet.py to pointnet.cpython-310.pyc
[2.675s] byte-compiling /home/jetson/vmf/install/robot_grasping/lib/python3.10/site-packages/openpoints/models/backbone/pct.py to pct.cpython-310.pyc
[2.677s] byte-compiling /home/jetson/vmf/install/robot_grasping/lib/python3.10/site-packages/openpoints/models/backbone/debug_invvit.py to debug_invvit.cpython-310.pyc
[2.679s] byte-compiling /home/jetson/vmf/install/robot_grasping/lib/python3.10/site-packages/openpoints/models/backbone/pointnext.py to pointnext.cpython-310.pyc
[2.687s] byte-compiling /home/jetson/vmf/install/robot_grasping/lib/python3.10/site-packages/openpoints/models/backbone/curvenet.py to curvenet.cpython-310.pyc
[2.694s] byte-compiling /home/jetson/vmf/install/robot_grasping/lib/python3.10/site-packages/openpoints/models/backbone/pointtransformer.py to pointtransformer.cpython-310.pyc
[2.699s] byte-compiling /home/jetson/vmf/install/robot_grasping/lib/python3.10/site-packages/openpoints/models/backbone/resnet.py to resnet.cpython-310.pyc
[2.702s] byte-compiling /home/jetson/vmf/install/robot_grasping/lib/python3.10/site-packages/openpoints/models/backbone/pointnetv2.py to pointnetv2.cpython-310.pyc
[2.707s] byte-compiling /home/jetson/vmf/install/robot_grasping/lib/python3.10/site-packages/openpoints/models/backbone/__init__.py to __init__.cpython-310.pyc
[2.707s] byte-compiling /home/jetson/vmf/install/robot_grasping/lib/python3.10/site-packages/openpoints/models/backbone/pointvit_inv.py to pointvit_inv.cpython-310.pyc
[2.717s] byte-compiling /home/jetson/vmf/install/robot_grasping/lib/python3.10/site-packages/openpoints/models/segmentation/base_seg.py to base_seg.cpython-310.pyc
[2.720s] byte-compiling /home/jetson/vmf/install/robot_grasping/lib/python3.10/site-packages/openpoints/models/segmentation/vit_seg.py to vit_seg.cpython-310.pyc
[2.721s] byte-compiling /home/jetson/vmf/install/robot_grasping/lib/python3.10/site-packages/openpoints/models/segmentation/__init__.py to __init__.cpython-310.pyc
[2.722s] byte-compiling /home/jetson/vmf/install/robot_grasping/lib/python3.10/site-packages/openpoints/models/__init__.py to __init__.cpython-310.pyc
[2.722s] byte-compiling /home/jetson/vmf/install/robot_grasping/lib/python3.10/site-packages/openpoints/scheduler/multistep_lr.py to multistep_lr.cpython-310.pyc
[2.723s] byte-compiling /home/jetson/vmf/install/robot_grasping/lib/python3.10/site-packages/openpoints/scheduler/step_lr.py to step_lr.cpython-310.pyc
[2.724s] byte-compiling /home/jetson/vmf/install/robot_grasping/lib/python3.10/site-packages/openpoints/scheduler/poly_lr.py to poly_lr.cpython-310.pyc
[2.726s] byte-compiling /home/jetson/vmf/install/robot_grasping/lib/python3.10/site-packages/openpoints/scheduler/plateau_lr.py to plateau_lr.cpython-310.pyc
[2.727s] byte-compiling /home/jetson/vmf/install/robot_grasping/lib/python3.10/site-packages/openpoints/scheduler/scheduler_factory.py to scheduler_factory.cpython-310.pyc
[2.728s] byte-compiling /home/jetson/vmf/install/robot_grasping/lib/python3.10/site-packages/openpoints/scheduler/cosine_lr.py to cosine_lr.cpython-310.pyc
[2.730s] byte-compiling /home/jetson/vmf/install/robot_grasping/lib/python3.10/site-packages/openpoints/scheduler/scheduler.py to scheduler.cpython-310.pyc
[2.731s] byte-compiling /home/jetson/vmf/install/robot_grasping/lib/python3.10/site-packages/openpoints/scheduler/tanh_lr.py to tanh_lr.cpython-310.pyc
[2.733s] byte-compiling /home/jetson/vmf/install/robot_grasping/lib/python3.10/site-packages/openpoints/scheduler/__init__.py to __init__.cpython-310.pyc
[2.733s] byte-compiling /home/jetson/vmf/install/robot_grasping/lib/python3.10/site-packages/openpoints/loss/cross_entropy.py to cross_entropy.cpython-310.pyc
[2.734s] byte-compiling /home/jetson/vmf/install/robot_grasping/lib/python3.10/site-packages/openpoints/loss/build.py to build.cpython-310.pyc
[2.737s] byte-compiling /home/jetson/vmf/install/robot_grasping/lib/python3.10/site-packages/openpoints/loss/distill_loss.py to distill_loss.cpython-310.pyc
[2.738s] byte-compiling /home/jetson/vmf/install/robot_grasping/lib/python3.10/site-packages/openpoints/loss/__init__.py to __init__.cpython-310.pyc
[2.739s] byte-compiling /home/jetson/vmf/install/robot_grasping/lib/python3.10/site-packages/openpoints/dataset/pcqm4m/data.py to data.cpython-310.pyc
[2.743s] byte-compiling /home/jetson/vmf/install/robot_grasping/lib/python3.10/site-packages/openpoints/dataset/pcqm4m/__init__.py to __init__.cpython-310.pyc
[2.743s] byte-compiling /home/jetson/vmf/install/robot_grasping/lib/python3.10/site-packages/openpoints/dataset/graph_dataset/svd_encodings_dataset.py to svd_encodings_dataset.cpython-310.pyc
[2.743s] byte-compiling /home/jetson/vmf/install/robot_grasping/lib/python3.10/site-packages/openpoints/dataset/graph_dataset/structural_dataset.py to structural_dataset.cpython-310.pyc
[2.743s] byte-compiling /home/jetson/vmf/install/robot_grasping/lib/python3.10/site-packages/openpoints/dataset/graph_dataset/stack_with_pad.py to stack_with_pad.cpython-310.pyc
[2.744s] byte-compiling /home/jetson/vmf/install/robot_grasping/lib/python3.10/site-packages/openpoints/dataset/graph_dataset/graph_dataset.py to graph_dataset.cpython-310.pyc
[2.746s] byte-compiling /home/jetson/vmf/install/robot_grasping/lib/python3.10/site-packages/openpoints/dataset/graph_dataset/__init__.py to __init__.cpython-310.pyc
[2.746s] byte-compiling /home/jetson/vmf/install/robot_grasping/lib/python3.10/site-packages/openpoints/dataset/pcqm4mv2/data.py to data.cpython-310.pyc
[2.747s] byte-compiling /home/jetson/vmf/install/robot_grasping/lib/python3.10/site-packages/openpoints/dataset/pcqm4mv2/__init__.py to __init__.cpython-310.pyc
[2.748s] byte-compiling /home/jetson/vmf/install/robot_grasping/lib/python3.10/site-packages/openpoints/dataset/dataset_base.py to dataset_base.cpython-310.pyc
[2.749s] byte-compiling /home/jetson/vmf/install/robot_grasping/lib/python3.10/site-packages/openpoints/dataset/atom3d/psr.py to psr.cpython-310.pyc
[2.750s] byte-compiling /home/jetson/vmf/install/robot_grasping/lib/python3.10/site-packages/openpoints/dataset/atom3d/__init__.py to __init__.cpython-310.pyc
[2.750s] byte-compiling /home/jetson/vmf/install/robot_grasping/lib/python3.10/site-packages/openpoints/dataset/build.py to build.cpython-310.pyc
[2.752s] byte-compiling /home/jetson/vmf/install/robot_grasping/lib/python3.10/site-packages/openpoints/dataset/data_util.py to data_util.cpython-310.pyc
[2.754s] byte-compiling /home/jetson/vmf/install/robot_grasping/lib/python3.10/site-packages/openpoints/dataset/s3dis/s3dis.py to s3dis.cpython-310.pyc
[2.757s] byte-compiling /home/jetson/vmf/install/robot_grasping/lib/python3.10/site-packages/openpoints/dataset/s3dis/s3dis_sphere.py to s3dis_sphere.cpython-310.pyc
[2.760s] byte-compiling /home/jetson/vmf/install/robot_grasping/lib/python3.10/site-packages/openpoints/dataset/s3dis/s3dis_block.py to s3dis_block.cpython-310.pyc
[2.761s] byte-compiling /home/jetson/vmf/install/robot_grasping/lib/python3.10/site-packages/openpoints/dataset/s3dis/__init__.py to __init__.cpython-310.pyc
[2.761s] byte-compiling /home/jetson/vmf/install/robot_grasping/lib/python3.10/site-packages/openpoints/dataset/shapenetpart/shapenetpart.py to shapenetpart.cpython-310.pyc
[2.767s] byte-compiling /home/jetson/vmf/install/robot_grasping/lib/python3.10/site-packages/openpoints/dataset/shapenetpart/shapenet55.py to shapenet55.cpython-310.pyc
[2.768s] byte-compiling /home/jetson/vmf/install/robot_grasping/lib/python3.10/site-packages/openpoints/dataset/shapenetpart/__init__.py to __init__.cpython-310.pyc
[2.768s] byte-compiling /home/jetson/vmf/install/robot_grasping/lib/python3.10/site-packages/openpoints/dataset/vis2d.py to vis2d.cpython-310.pyc
[2.769s] byte-compiling /home/jetson/vmf/install/robot_grasping/lib/python3.10/site-packages/openpoints/dataset/modelnet/modelnet40_normal_resampled_loader.py to modelnet40_normal_resampled_loader.cpython-310.pyc
[2.771s] byte-compiling /home/jetson/vmf/install/robot_grasping/lib/python3.10/site-packages/openpoints/dataset/modelnet/modelnet40_ply_2048_loader.py to modelnet40_ply_2048_loader.cpython-310.pyc
[2.773s] byte-compiling /home/jetson/vmf/install/robot_grasping/lib/python3.10/site-packages/openpoints/dataset/modelnet/__init__.py to __init__.cpython-310.pyc
[2.773s] byte-compiling /home/jetson/vmf/install/robot_grasping/lib/python3.10/site-packages/openpoints/dataset/shapenet/shapenetpart.py to shapenetpart.cpython-310.pyc
[2.775s] byte-compiling /home/jetson/vmf/install/robot_grasping/lib/python3.10/site-packages/openpoints/dataset/shapenet/shapenet55.py to shapenet55.cpython-310.pyc
[2.776s] byte-compiling /home/jetson/vmf/install/robot_grasping/lib/python3.10/site-packages/openpoints/dataset/shapenet/__init__.py to __init__.cpython-310.pyc
[2.776s] byte-compiling /home/jetson/vmf/install/robot_grasping/lib/python3.10/site-packages/openpoints/dataset/matterport3d/matterport3d_dataprocessing.py to matterport3d_dataprocessing.cpython-310.pyc
[2.778s] byte-compiling /home/jetson/vmf/install/robot_grasping/lib/python3.10/site-packages/openpoints/dataset/matterport3d/__init__.py to __init__.cpython-310.pyc
[2.778s] byte-compiling /home/jetson/vmf/install/robot_grasping/lib/python3.10/site-packages/openpoints/dataset/matterport3d/matterport3d.py to matterport3d.cpython-310.pyc
[2.780s] byte-compiling /home/jetson/vmf/install/robot_grasping/lib/python3.10/site-packages/openpoints/dataset/semantic_kitti/semantickitti.py to semantickitti.cpython-310.pyc
[2.784s] byte-compiling /home/jetson/vmf/install/robot_grasping/lib/python3.10/site-packages/openpoints/dataset/semantic_kitti/helper_tool.py to helper_tool.cpython-310.pyc
[2.786s] /home/jetson/vmf/install/robot_grasping/lib/python3.10/site-packages/openpoints/dataset/semantic_kitti/helper_tool.py:212: SyntaxWarning: "is" with a literal. Did you mean "=="?
[2.787s]   if dataset_name is 'S3DIS':
[2.787s] /home/jetson/vmf/install/robot_grasping/lib/python3.10/site-packages/openpoints/dataset/semantic_kitti/helper_tool.py:215: SyntaxWarning: "is" with a literal. Did you mean "=="?
[2.787s]   elif dataset_name is 'Semantic3D':
[2.787s] byte-compiling /home/jetson/vmf/install/robot_grasping/lib/python3.10/site-packages/openpoints/dataset/semantic_kitti/__init__.py to __init__.cpython-310.pyc
[2.787s] byte-compiling /home/jetson/vmf/install/robot_grasping/lib/python3.10/site-packages/openpoints/dataset/grid_sample.py to grid_sample.cpython-310.pyc
[2.788s] byte-compiling /home/jetson/vmf/install/robot_grasping/lib/python3.10/site-packages/openpoints/dataset/molpcba/data.py to data.cpython-310.pyc
[2.789s] byte-compiling /home/jetson/vmf/install/robot_grasping/lib/python3.10/site-packages/openpoints/dataset/molpcba/__init__.py to __init__.cpython-310.pyc
[2.789s] byte-compiling /home/jetson/vmf/install/robot_grasping/lib/python3.10/site-packages/openpoints/dataset/scanobjectnn/scanobjectnn.py to scanobjectnn.cpython-310.pyc
[2.791s] byte-compiling /home/jetson/vmf/install/robot_grasping/lib/python3.10/site-packages/openpoints/dataset/scanobjectnn/__init__.py to __init__.cpython-310.pyc
[2.791s] byte-compiling /home/jetson/vmf/install/robot_grasping/lib/python3.10/site-packages/openpoints/dataset/molhiv/data.py to data.cpython-310.pyc
[2.792s] byte-compiling /home/jetson/vmf/install/robot_grasping/lib/python3.10/site-packages/openpoints/dataset/molhiv/__init__.py to __init__.cpython-310.pyc
[2.793s] byte-compiling /home/jetson/vmf/install/robot_grasping/lib/python3.10/site-packages/openpoints/dataset/parsers/parser_factory.py to parser_factory.cpython-310.pyc
[2.793s] byte-compiling /home/jetson/vmf/install/robot_grasping/lib/python3.10/site-packages/openpoints/dataset/parsers/parser_image_tar.py to parser_image_tar.cpython-310.pyc
[2.794s] byte-compiling /home/jetson/vmf/install/robot_grasping/lib/python3.10/site-packages/openpoints/dataset/parsers/parser_tfds.py to parser_tfds.cpython-310.pyc
[2.797s] byte-compiling /home/jetson/vmf/install/robot_grasping/lib/python3.10/site-packages/openpoints/dataset/parsers/parser_image_folder.py to parser_image_folder.cpython-310.pyc
[2.798s] byte-compiling /home/jetson/vmf/install/robot_grasping/lib/python3.10/site-packages/openpoints/dataset/parsers/parser_image_in_tar.py to parser_image_in_tar.cpython-310.pyc
[2.801s] byte-compiling /home/jetson/vmf/install/robot_grasping/lib/python3.10/site-packages/openpoints/dataset/parsers/constants.py to constants.cpython-310.pyc
[2.801s] byte-compiling /home/jetson/vmf/install/robot_grasping/lib/python3.10/site-packages/openpoints/dataset/parsers/parser.py to parser.cpython-310.pyc
[2.802s] byte-compiling /home/jetson/vmf/install/robot_grasping/lib/python3.10/site-packages/openpoints/dataset/parsers/class_map.py to class_map.cpython-310.pyc
[2.803s] byte-compiling /home/jetson/vmf/install/robot_grasping/lib/python3.10/site-packages/openpoints/dataset/parsers/__init__.py to __init__.cpython-310.pyc
[2.803s] byte-compiling /home/jetson/vmf/install/robot_grasping/lib/python3.10/site-packages/openpoints/dataset/vis3d.py to vis3d.cpython-310.pyc
[2.805s] byte-compiling /home/jetson/vmf/install/robot_grasping/lib/python3.10/site-packages/openpoints/dataset/scannetv2/scannet.py to scannet.cpython-310.pyc
[2.807s] byte-compiling /home/jetson/vmf/install/robot_grasping/lib/python3.10/site-packages/openpoints/dataset/scannetv2/__init__.py to __init__.cpython-310.pyc
[2.807s] byte-compiling /home/jetson/vmf/install/robot_grasping/lib/python3.10/site-packages/openpoints/dataset/datalist.py to datalist.cpython-310.pyc
[2.809s] byte-compiling /home/jetson/vmf/install/robot_grasping/lib/python3.10/site-packages/openpoints/dataset/__init__.py to __init__.cpython-310.pyc
[2.809s] byte-compiling /home/jetson/vmf/install/robot_grasping/lib/python3.10/site-packages/openpoints/__init__.py to __init__.cpython-310.pyc
[2.809s] byte-compiling /home/jetson/vmf/install/robot_grasping/lib/python3.10/site-packages/openpoints/optim/radam.py to radam.cpython-310.pyc
[2.811s] byte-compiling /home/jetson/vmf/install/robot_grasping/lib/python3.10/site-packages/openpoints/optim/adafactor.py to adafactor.cpython-310.pyc
[2.813s] byte-compiling /home/jetson/vmf/install/robot_grasping/lib/python3.10/site-packages/openpoints/optim/adamw.py to adamw.cpython-310.pyc
[2.814s] byte-compiling /home/jetson/vmf/install/robot_grasping/lib/python3.10/site-packages/openpoints/optim/sgdp.py to sgdp.cpython-310.pyc
[2.815s] byte-compiling /home/jetson/vmf/install/robot_grasping/lib/python3.10/site-packages/openpoints/optim/rmsprop_tf.py to rmsprop_tf.cpython-310.pyc
[2.816s] byte-compiling /home/jetson/vmf/install/robot_grasping/lib/python3.10/site-packages/openpoints/optim/optim_factory.py to optim_factory.cpython-310.pyc
[2.820s] byte-compiling /home/jetson/vmf/install/robot_grasping/lib/python3.10/site-packages/openpoints/optim/lars.py to lars.cpython-310.pyc
[2.821s] byte-compiling /home/jetson/vmf/install/robot_grasping/lib/python3.10/site-packages/openpoints/optim/adahessian.py to adahessian.cpython-310.pyc
[2.822s] byte-compiling /home/jetson/vmf/install/robot_grasping/lib/python3.10/site-packages/openpoints/optim/lookahead.py to lookahead.cpython-310.pyc
[2.824s] byte-compiling /home/jetson/vmf/install/robot_grasping/lib/python3.10/site-packages/openpoints/optim/nadam.py to nadam.cpython-310.pyc
[2.824s] byte-compiling /home/jetson/vmf/install/robot_grasping/lib/python3.10/site-packages/openpoints/optim/adamp.py to adamp.cpython-310.pyc
[2.826s] byte-compiling /home/jetson/vmf/install/robot_grasping/lib/python3.10/site-packages/openpoints/optim/adabelief.py to adabelief.cpython-310.pyc
[2.828s] byte-compiling /home/jetson/vmf/install/robot_grasping/lib/python3.10/site-packages/openpoints/optim/lamb.py to lamb.cpython-310.pyc
[2.829s] byte-compiling /home/jetson/vmf/install/robot_grasping/lib/python3.10/site-packages/openpoints/optim/__init__.py to __init__.cpython-310.pyc
[2.830s] byte-compiling /home/jetson/vmf/install/robot_grasping/lib/python3.10/site-packages/openpoints/optim/madgrad.py to madgrad.cpython-310.pyc
[2.831s] byte-compiling /home/jetson/vmf/install/robot_grasping/lib/python3.10/site-packages/openpoints/optim/nvnovograd.py to nvnovograd.cpython-310.pyc
[2.833s] running install_data
[2.838s] creating /home/jetson/vmf/install/robot_grasping/share/ament_index
[2.839s] creating /home/jetson/vmf/install/robot_grasping/share/ament_index/resource_index
[2.839s] creating /home/jetson/vmf/install/robot_grasping/share/ament_index/resource_index/packages
[2.839s] copying resource/robot_grasping -> /home/jetson/vmf/install/robot_grasping/share/ament_index/resource_index/packages
[2.839s] copying package.xml -> /home/jetson/vmf/install/robot_grasping/share/robot_grasping
[2.839s] running install_egg_info
[2.839s] Copying build/robot_grasping/robot_grasping.egg-info to /home/jetson/vmf/install/robot_grasping/lib/python3.10/site-packages/robot_grasping-0.0.0-py3.10.egg-info
[2.839s] running install_scripts
[2.879s] Installing data script to /home/jetson/vmf/install/robot_grasping/lib/robot_grasping
[2.880s] Installing frame_saver script to /home/jetson/vmf/install/robot_grasping/lib/robot_grasping
[2.880s] Installing giga script to /home/jetson/vmf/install/robot_grasping/lib/robot_grasping
[2.881s] Installing giga_active script to /home/jetson/vmf/install/robot_grasping/lib/robot_grasping
[2.881s] Installing visualization script to /home/jetson/vmf/install/robot_grasping/lib/robot_grasping
[2.881s] Installing vlm script to /home/jetson/vmf/install/robot_grasping/lib/robot_grasping
[2.881s] Installing vmf script to /home/jetson/vmf/install/robot_grasping/lib/robot_grasping
[2.902s] writing list of installed files to '/home/jetson/vmf/build/robot_grasping/install.log'
[2.979s] Invoked command in '/home/jetson/vmf' returned '0': PYTHONPATH=/home/jetson/vmf/build/robot_grasping/prefix_override:/usr/lib/python3/dist-packages/colcon_core/task/python/colcon_distutils_commands:/home/jetson/vmf/install/robot_grasping/lib/python3.10/site-packages:${PYTHONPATH} /usr/bin/python3 -W ignore:setup.py install is deprecated -W ignore:easy_install command is deprecated setup.py egg_info --egg-base build/robot_grasping build --build-base /home/jetson/vmf/build/robot_grasping/build install --record /home/jetson/vmf/build/robot_grasping/install.log --single-version-externally-managed install_data
