/home/jetson/vmf/install/robot_grasping/lib/python3.10/site-packages/active_grasp/baselines.py
/home/jetson/vmf/install/robot_grasping/lib/python3.10/site-packages/active_grasp/timer.py
/home/jetson/vmf/install/robot_grasping/lib/python3.10/site-packages/active_grasp/policy.py
/home/jetson/vmf/install/robot_grasping/lib/python3.10/site-packages/active_grasp/networks.py
/home/jetson/vmf/install/robot_grasping/lib/python3.10/site-packages/active_grasp/spatial.py
/home/jetson/vmf/install/robot_grasping/lib/python3.10/site-packages/active_grasp/bbox.py
/home/jetson/vmf/install/robot_grasping/lib/python3.10/site-packages/active_grasp/nbv.py
/home/jetson/vmf/install/robot_grasping/lib/python3.10/site-packages/active_grasp/vlm_policy.py
/home/jetson/vmf/install/robot_grasping/lib/python3.10/site-packages/active_grasp/perception.py
/home/jetson/vmf/install/robot_grasping/lib/python3.10/site-packages/active_grasp/__init__.py
/home/jetson/vmf/install/robot_grasping/lib/python3.10/site-packages/vmf_contact_main/train.py
/home/jetson/vmf/install/robot_grasping/lib/python3.10/site-packages/vmf_contact_main/test.py
/home/jetson/vmf/install/robot_grasping/lib/python3.10/site-packages/vmf_contact_main/remote_agent.py
/home/jetson/vmf/install/robot_grasping/lib/python3.10/site-packages/vmf_contact_main/__init__.py
/home/jetson/vmf/install/robot_grasping/lib/python3.10/site-packages/ros2_nodes/camera_utils.py
/home/jetson/vmf/install/robot_grasping/lib/python3.10/site-packages/ros2_nodes/utils_camera.py
/home/jetson/vmf/install/robot_grasping/lib/python3.10/site-packages/ros2_nodes/inference_node_vlm.py
/home/jetson/vmf/install/robot_grasping/lib/python3.10/site-packages/ros2_nodes/inference_node_data.py
/home/jetson/vmf/install/robot_grasping/lib/python3.10/site-packages/ros2_nodes/test_frame_saver.py
/home/jetson/vmf/install/robot_grasping/lib/python3.10/site-packages/ros2_nodes/inference_node_giga_active.py
/home/jetson/vmf/install/robot_grasping/lib/python3.10/site-packages/ros2_nodes/inference_node_vmf.py
/home/jetson/vmf/install/robot_grasping/lib/python3.10/site-packages/ros2_nodes/utils_node.py
/home/jetson/vmf/install/robot_grasping/lib/python3.10/site-packages/ros2_nodes/test_visualization_node.py
/home/jetson/vmf/install/robot_grasping/lib/python3.10/site-packages/ros2_nodes/inference_node_base.py
/home/jetson/vmf/install/robot_grasping/lib/python3.10/site-packages/ros2_nodes/inference_node_giga.py
/home/jetson/vmf/install/robot_grasping/lib/python3.10/site-packages/ros2_nodes/__init__.py
/home/jetson/vmf/install/robot_grasping/lib/python3.10/site-packages/openpoints/__init__.py
/home/jetson/vmf/install/robot_grasping/lib/python3.10/site-packages/vmf_contact_main/vmf_contact/__init__.py
/home/jetson/vmf/install/robot_grasping/lib/python3.10/site-packages/vmf_contact_main/openpoints/__init__.py
/home/jetson/vmf/install/robot_grasping/lib/python3.10/site-packages/vmf_contact_main/vmf_contact/datasets/pointcloud_process.py
/home/jetson/vmf/install/robot_grasping/lib/python3.10/site-packages/vmf_contact_main/vmf_contact/datasets/dataset.py
/home/jetson/vmf/install/robot_grasping/lib/python3.10/site-packages/vmf_contact_main/vmf_contact/datasets/mgn.py
/home/jetson/vmf/install/robot_grasping/lib/python3.10/site-packages/vmf_contact_main/vmf_contact/datasets/__init__.py
/home/jetson/vmf/install/robot_grasping/lib/python3.10/site-packages/vmf_contact_main/vmf_contact/metrics/ausc_ause.py
/home/jetson/vmf/install/robot_grasping/lib/python3.10/site-packages/vmf_contact_main/vmf_contact/metrics/aucpr.py
/home/jetson/vmf/install/robot_grasping/lib/python3.10/site-packages/vmf_contact_main/vmf_contact/metrics/brier.py
/home/jetson/vmf/install/robot_grasping/lib/python3.10/site-packages/vmf_contact_main/vmf_contact/metrics/__init__.py
/home/jetson/vmf/install/robot_grasping/lib/python3.10/site-packages/vmf_contact_main/vmf_contact/model/estimator.py
/home/jetson/vmf/install/robot_grasping/lib/python3.10/site-packages/vmf_contact_main/vmf_contact/model/lightning_module_flow.py
/home/jetson/vmf/install/robot_grasping/lib/python3.10/site-packages/vmf_contact_main/vmf_contact/model/lightning_module.py
/home/jetson/vmf/install/robot_grasping/lib/python3.10/site-packages/vmf_contact_main/vmf_contact/model/grasp_buffer.py
/home/jetson/vmf/install/robot_grasping/lib/python3.10/site-packages/vmf_contact_main/vmf_contact/model/utils.py
/home/jetson/vmf/install/robot_grasping/lib/python3.10/site-packages/vmf_contact_main/vmf_contact/model/__init__.py
/home/jetson/vmf/install/robot_grasping/lib/python3.10/site-packages/vmf_contact_main/vmf_contact/nn/position_encodings.py
/home/jetson/vmf/install/robot_grasping/lib/python3.10/site-packages/vmf_contact_main/vmf_contact/nn/util.py
/home/jetson/vmf/install/robot_grasping/lib/python3.10/site-packages/vmf_contact_main/vmf_contact/nn/attention.py
/home/jetson/vmf/install/robot_grasping/lib/python3.10/site-packages/vmf_contact_main/vmf_contact/nn/scaler.py
/home/jetson/vmf/install/robot_grasping/lib/python3.10/site-packages/vmf_contact_main/vmf_contact/nn/network.py
/home/jetson/vmf/install/robot_grasping/lib/python3.10/site-packages/vmf_contact_main/vmf_contact/nn/uncertainty_estimator.py
/home/jetson/vmf/install/robot_grasping/lib/python3.10/site-packages/vmf_contact_main/vmf_contact/nn/loss.py
/home/jetson/vmf/install/robot_grasping/lib/python3.10/site-packages/vmf_contact_main/vmf_contact/nn/pointr.py
/home/jetson/vmf/install/robot_grasping/lib/python3.10/site-packages/vmf_contact_main/vmf_contact/nn/multihead_custom_attention.py
/home/jetson/vmf/install/robot_grasping/lib/python3.10/site-packages/vmf_contact_main/vmf_contact/nn/__init__.py
/home/jetson/vmf/install/robot_grasping/lib/python3.10/site-packages/vmf_contact_main/vmf_contact/datasets/_utils/transforms.py
/home/jetson/vmf/install/robot_grasping/lib/python3.10/site-packages/vmf_contact_main/vmf_contact/datasets/_utils/_registry.py
/home/jetson/vmf/install/robot_grasping/lib/python3.10/site-packages/vmf_contact_main/vmf_contact/datasets/_utils/split.py
/home/jetson/vmf/install/robot_grasping/lib/python3.10/site-packages/vmf_contact_main/vmf_contact/datasets/_utils/_base.py
/home/jetson/vmf/install/robot_grasping/lib/python3.10/site-packages/vmf_contact_main/vmf_contact/datasets/_utils/__init__.py
/home/jetson/vmf/install/robot_grasping/lib/python3.10/site-packages/vmf_contact_main/vmf_contact/nn/output/normal.py
/home/jetson/vmf/install/robot_grasping/lib/python3.10/site-packages/vmf_contact_main/vmf_contact/nn/output/ps.py
/home/jetson/vmf/install/robot_grasping/lib/python3.10/site-packages/vmf_contact_main/vmf_contact/nn/output/normal_multi.py
/home/jetson/vmf/install/robot_grasping/lib/python3.10/site-packages/vmf_contact_main/vmf_contact/nn/output/_base.py
/home/jetson/vmf/install/robot_grasping/lib/python3.10/site-packages/vmf_contact_main/vmf_contact/nn/output/vmf.py
/home/jetson/vmf/install/robot_grasping/lib/python3.10/site-packages/vmf_contact_main/vmf_contact/nn/output/__init__.py
/home/jetson/vmf/install/robot_grasping/lib/python3.10/site-packages/vmf_contact_main/openpoints/cpp/__init__.py
/home/jetson/vmf/install/robot_grasping/lib/python3.10/site-packages/vmf_contact_main/openpoints/transforms/transforms_factory.py
/home/jetson/vmf/install/robot_grasping/lib/python3.10/site-packages/vmf_contact_main/openpoints/transforms/point_transform_cpu.py
/home/jetson/vmf/install/robot_grasping/lib/python3.10/site-packages/vmf_contact_main/openpoints/transforms/point_transformer_gpu.py
/home/jetson/vmf/install/robot_grasping/lib/python3.10/site-packages/vmf_contact_main/openpoints/transforms/__init__.py
/home/jetson/vmf/install/robot_grasping/lib/python3.10/site-packages/vmf_contact_main/openpoints/utils/wandb.py
/home/jetson/vmf/install/robot_grasping/lib/python3.10/site-packages/vmf_contact_main/openpoints/utils/dist_utils.py
/home/jetson/vmf/install/robot_grasping/lib/python3.10/site-packages/vmf_contact_main/openpoints/utils/registry.py
/home/jetson/vmf/install/robot_grasping/lib/python3.10/site-packages/vmf_contact_main/openpoints/utils/metrics.py
/home/jetson/vmf/install/robot_grasping/lib/python3.10/site-packages/vmf_contact_main/openpoints/utils/config.py
/home/jetson/vmf/install/robot_grasping/lib/python3.10/site-packages/vmf_contact_main/openpoints/utils/ckpt_util.py
/home/jetson/vmf/install/robot_grasping/lib/python3.10/site-packages/vmf_contact_main/openpoints/utils/random.py
/home/jetson/vmf/install/robot_grasping/lib/python3.10/site-packages/vmf_contact_main/openpoints/utils/str2bool.py
/home/jetson/vmf/install/robot_grasping/lib/python3.10/site-packages/vmf_contact_main/openpoints/utils/__init__.py
/home/jetson/vmf/install/robot_grasping/lib/python3.10/site-packages/vmf_contact_main/openpoints/utils/logger.py
/home/jetson/vmf/install/robot_grasping/lib/python3.10/site-packages/vmf_contact_main/openpoints/models/build.py
/home/jetson/vmf/install/robot_grasping/lib/python3.10/site-packages/vmf_contact_main/openpoints/models/registry.py
/home/jetson/vmf/install/robot_grasping/lib/python3.10/site-packages/vmf_contact_main/openpoints/models/__init__.py
/home/jetson/vmf/install/robot_grasping/lib/python3.10/site-packages/vmf_contact_main/openpoints/scheduler/multistep_lr.py
/home/jetson/vmf/install/robot_grasping/lib/python3.10/site-packages/vmf_contact_main/openpoints/scheduler/step_lr.py
/home/jetson/vmf/install/robot_grasping/lib/python3.10/site-packages/vmf_contact_main/openpoints/scheduler/poly_lr.py
/home/jetson/vmf/install/robot_grasping/lib/python3.10/site-packages/vmf_contact_main/openpoints/scheduler/plateau_lr.py
/home/jetson/vmf/install/robot_grasping/lib/python3.10/site-packages/vmf_contact_main/openpoints/scheduler/scheduler_factory.py
/home/jetson/vmf/install/robot_grasping/lib/python3.10/site-packages/vmf_contact_main/openpoints/scheduler/cosine_lr.py
/home/jetson/vmf/install/robot_grasping/lib/python3.10/site-packages/vmf_contact_main/openpoints/scheduler/scheduler.py
/home/jetson/vmf/install/robot_grasping/lib/python3.10/site-packages/vmf_contact_main/openpoints/scheduler/tanh_lr.py
/home/jetson/vmf/install/robot_grasping/lib/python3.10/site-packages/vmf_contact_main/openpoints/scheduler/__init__.py
/home/jetson/vmf/install/robot_grasping/lib/python3.10/site-packages/vmf_contact_main/openpoints/loss/cross_entropy.py
/home/jetson/vmf/install/robot_grasping/lib/python3.10/site-packages/vmf_contact_main/openpoints/loss/build.py
/home/jetson/vmf/install/robot_grasping/lib/python3.10/site-packages/vmf_contact_main/openpoints/loss/distill_loss.py
/home/jetson/vmf/install/robot_grasping/lib/python3.10/site-packages/vmf_contact_main/openpoints/loss/__init__.py
/home/jetson/vmf/install/robot_grasping/lib/python3.10/site-packages/vmf_contact_main/openpoints/dataset/dataset_base.py
/home/jetson/vmf/install/robot_grasping/lib/python3.10/site-packages/vmf_contact_main/openpoints/dataset/build.py
/home/jetson/vmf/install/robot_grasping/lib/python3.10/site-packages/vmf_contact_main/openpoints/dataset/data_util.py
/home/jetson/vmf/install/robot_grasping/lib/python3.10/site-packages/vmf_contact_main/openpoints/dataset/vis2d.py
/home/jetson/vmf/install/robot_grasping/lib/python3.10/site-packages/vmf_contact_main/openpoints/dataset/grid_sample.py
/home/jetson/vmf/install/robot_grasping/lib/python3.10/site-packages/vmf_contact_main/openpoints/dataset/vis3d.py
/home/jetson/vmf/install/robot_grasping/lib/python3.10/site-packages/vmf_contact_main/openpoints/dataset/datalist.py
/home/jetson/vmf/install/robot_grasping/lib/python3.10/site-packages/vmf_contact_main/openpoints/dataset/__init__.py
/home/jetson/vmf/install/robot_grasping/lib/python3.10/site-packages/vmf_contact_main/openpoints/optim/radam.py
/home/jetson/vmf/install/robot_grasping/lib/python3.10/site-packages/vmf_contact_main/openpoints/optim/adafactor.py
/home/jetson/vmf/install/robot_grasping/lib/python3.10/site-packages/vmf_contact_main/openpoints/optim/adamw.py
/home/jetson/vmf/install/robot_grasping/lib/python3.10/site-packages/vmf_contact_main/openpoints/optim/sgdp.py
/home/jetson/vmf/install/robot_grasping/lib/python3.10/site-packages/vmf_contact_main/openpoints/optim/rmsprop_tf.py
/home/jetson/vmf/install/robot_grasping/lib/python3.10/site-packages/vmf_contact_main/openpoints/optim/optim_factory.py
/home/jetson/vmf/install/robot_grasping/lib/python3.10/site-packages/vmf_contact_main/openpoints/optim/lars.py
/home/jetson/vmf/install/robot_grasping/lib/python3.10/site-packages/vmf_contact_main/openpoints/optim/adahessian.py
/home/jetson/vmf/install/robot_grasping/lib/python3.10/site-packages/vmf_contact_main/openpoints/optim/lookahead.py
/home/jetson/vmf/install/robot_grasping/lib/python3.10/site-packages/vmf_contact_main/openpoints/optim/nadam.py
/home/jetson/vmf/install/robot_grasping/lib/python3.10/site-packages/vmf_contact_main/openpoints/optim/adamp.py
/home/jetson/vmf/install/robot_grasping/lib/python3.10/site-packages/vmf_contact_main/openpoints/optim/adabelief.py
/home/jetson/vmf/install/robot_grasping/lib/python3.10/site-packages/vmf_contact_main/openpoints/optim/lamb.py
/home/jetson/vmf/install/robot_grasping/lib/python3.10/site-packages/vmf_contact_main/openpoints/optim/__init__.py
/home/jetson/vmf/install/robot_grasping/lib/python3.10/site-packages/vmf_contact_main/openpoints/optim/madgrad.py
/home/jetson/vmf/install/robot_grasping/lib/python3.10/site-packages/vmf_contact_main/openpoints/optim/nvnovograd.py
/home/jetson/vmf/install/robot_grasping/lib/python3.10/site-packages/vmf_contact_main/openpoints/cpp/emd/setup.py
/home/jetson/vmf/install/robot_grasping/lib/python3.10/site-packages/vmf_contact_main/openpoints/cpp/emd/test_emd_loss.py
/home/jetson/vmf/install/robot_grasping/lib/python3.10/site-packages/vmf_contact_main/openpoints/cpp/emd/emd.py
/home/jetson/vmf/install/robot_grasping/lib/python3.10/site-packages/vmf_contact_main/openpoints/cpp/emd/__init__.py
/home/jetson/vmf/install/robot_grasping/lib/python3.10/site-packages/vmf_contact_main/openpoints/cpp/chamfer_dist/setup.py
/home/jetson/vmf/install/robot_grasping/lib/python3.10/site-packages/vmf_contact_main/openpoints/cpp/chamfer_dist/test.py
/home/jetson/vmf/install/robot_grasping/lib/python3.10/site-packages/vmf_contact_main/openpoints/cpp/chamfer_dist/__init__.py
/home/jetson/vmf/install/robot_grasping/lib/python3.10/site-packages/vmf_contact_main/openpoints/cpp/pointops/setup.py
/home/jetson/vmf/install/robot_grasping/lib/python3.10/site-packages/vmf_contact_main/openpoints/cpp/pointops/__init__.py
/home/jetson/vmf/install/robot_grasping/lib/python3.10/site-packages/vmf_contact_main/openpoints/cpp/pointnet2_batch/setup.py
/home/jetson/vmf/install/robot_grasping/lib/python3.10/site-packages/vmf_contact_main/openpoints/cpp/pointnet2_batch/__init__.py
/home/jetson/vmf/install/robot_grasping/lib/python3.10/site-packages/vmf_contact_main/openpoints/cpp/pointops/functions/pointops.py
/home/jetson/vmf/install/robot_grasping/lib/python3.10/site-packages/vmf_contact_main/openpoints/cpp/pointops/functions/__init__.py
/home/jetson/vmf/install/robot_grasping/lib/python3.10/site-packages/vmf_contact_main/openpoints/cpp/pointops/src/__init__.py
/home/jetson/vmf/install/robot_grasping/lib/python3.10/site-packages/vmf_contact_main/openpoints/models/reconstruction/maskedpoint.py
/home/jetson/vmf/install/robot_grasping/lib/python3.10/site-packages/vmf_contact_main/openpoints/models/reconstruction/base_recontruct.py
/home/jetson/vmf/install/robot_grasping/lib/python3.10/site-packages/vmf_contact_main/openpoints/models/reconstruction/nodeshuffle.py
/home/jetson/vmf/install/robot_grasping/lib/python3.10/site-packages/vmf_contact_main/openpoints/models/reconstruction/maskedpointvit.py
/home/jetson/vmf/install/robot_grasping/lib/python3.10/site-packages/vmf_contact_main/openpoints/models/reconstruction/maskedpointgroup.py
/home/jetson/vmf/install/robot_grasping/lib/python3.10/site-packages/vmf_contact_main/openpoints/models/reconstruction/__init__.py
/home/jetson/vmf/install/robot_grasping/lib/python3.10/site-packages/vmf_contact_main/openpoints/models/grasp/vit_grasp.py
/home/jetson/vmf/install/robot_grasping/lib/python3.10/site-packages/vmf_contact_main/openpoints/models/grasp/base_grasp.py
/home/jetson/vmf/install/robot_grasping/lib/python3.10/site-packages/vmf_contact_main/openpoints/models/grasp/__init__.py
/home/jetson/vmf/install/robot_grasping/lib/python3.10/site-packages/vmf_contact_main/openpoints/models/classification/cls_base.py
/home/jetson/vmf/install/robot_grasping/lib/python3.10/site-packages/vmf_contact_main/openpoints/models/classification/point_bert.py
/home/jetson/vmf/install/robot_grasping/lib/python3.10/site-packages/vmf_contact_main/openpoints/models/classification/__init__.py
/home/jetson/vmf/install/robot_grasping/lib/python3.10/site-packages/vmf_contact_main/openpoints/models/layers/graph_conv.py
/home/jetson/vmf/install/robot_grasping/lib/python3.10/site-packages/vmf_contact_main/openpoints/models/layers/attention.py
/home/jetson/vmf/install/robot_grasping/lib/python3.10/site-packages/vmf_contact_main/openpoints/models/layers/weight_init.py
/home/jetson/vmf/install/robot_grasping/lib/python3.10/site-packages/vmf_contact_main/openpoints/models/layers/patch_embed.py
/home/jetson/vmf/install/robot_grasping/lib/python3.10/site-packages/vmf_contact_main/openpoints/models/layers/local_aggregation.py
/home/jetson/vmf/install/robot_grasping/lib/python3.10/site-packages/vmf_contact_main/openpoints/models/layers/knn.py
/home/jetson/vmf/install/robot_grasping/lib/python3.10/site-packages/vmf_contact_main/openpoints/models/layers/activation.py
/home/jetson/vmf/install/robot_grasping/lib/python3.10/site-packages/vmf_contact_main/openpoints/models/layers/helpers.py
/home/jetson/vmf/install/robot_grasping/lib/python3.10/site-packages/vmf_contact_main/openpoints/models/layers/registry.py
/home/jetson/vmf/install/robot_grasping/lib/python3.10/site-packages/vmf_contact_main/openpoints/models/layers/group_embed.py
/home/jetson/vmf/install/robot_grasping/lib/python3.10/site-packages/vmf_contact_main/openpoints/models/layers/padding.py
/home/jetson/vmf/install/robot_grasping/lib/python3.10/site-packages/vmf_contact_main/openpoints/models/layers/group.py
/home/jetson/vmf/install/robot_grasping/lib/python3.10/site-packages/vmf_contact_main/openpoints/models/layers/norm.py
/home/jetson/vmf/install/robot_grasping/lib/python3.10/site-packages/vmf_contact_main/openpoints/models/layers/mlp.py
/home/jetson/vmf/install/robot_grasping/lib/python3.10/site-packages/vmf_contact_main/openpoints/models/layers/conv.py
/home/jetson/vmf/install/robot_grasping/lib/python3.10/site-packages/vmf_contact_main/openpoints/models/layers/subsample.py
/home/jetson/vmf/install/robot_grasping/lib/python3.10/site-packages/vmf_contact_main/openpoints/models/layers/kmeans.py
/home/jetson/vmf/install/robot_grasping/lib/python3.10/site-packages/vmf_contact_main/openpoints/models/layers/upsampling.py
/home/jetson/vmf/install/robot_grasping/lib/python3.10/site-packages/vmf_contact_main/openpoints/models/layers/__init__.py
/home/jetson/vmf/install/robot_grasping/lib/python3.10/site-packages/vmf_contact_main/openpoints/models/layers/drop.py
/home/jetson/vmf/install/robot_grasping/lib/python3.10/site-packages/vmf_contact_main/openpoints/models/backbone/spotr.py
/home/jetson/vmf/install/robot_grasping/lib/python3.10/site-packages/vmf_contact_main/openpoints/models/backbone/Stratified_transformer.py
/home/jetson/vmf/install/robot_grasping/lib/python3.10/site-packages/vmf_contact_main/openpoints/models/backbone/graphvit3d.py
/home/jetson/vmf/install/robot_grasping/lib/python3.10/site-packages/vmf_contact_main/openpoints/models/backbone/randlenet.py
/home/jetson/vmf/install/robot_grasping/lib/python3.10/site-packages/vmf_contact_main/openpoints/models/backbone/simpleview.py
/home/jetson/vmf/install/robot_grasping/lib/python3.10/site-packages/vmf_contact_main/openpoints/models/backbone/baafnet.py
/home/jetson/vmf/install/robot_grasping/lib/python3.10/site-packages/vmf_contact_main/openpoints/models/backbone/deepgcn.py
/home/jetson/vmf/install/robot_grasping/lib/python3.10/site-packages/vmf_contact_main/openpoints/models/backbone/grouppointnet.py
/home/jetson/vmf/install/robot_grasping/lib/python3.10/site-packages/vmf_contact_main/openpoints/models/backbone/simpleview_util.py
/home/jetson/vmf/install/robot_grasping/lib/python3.10/site-packages/vmf_contact_main/openpoints/models/backbone/pointvit.py
/home/jetson/vmf/install/robot_grasping/lib/python3.10/site-packages/vmf_contact_main/openpoints/models/backbone/dgcnn.py
/home/jetson/vmf/install/robot_grasping/lib/python3.10/site-packages/vmf_contact_main/openpoints/models/backbone/ball_dgcnn.py
/home/jetson/vmf/install/robot_grasping/lib/python3.10/site-packages/vmf_contact_main/openpoints/models/backbone/pointnextPyG.py
/home/jetson/vmf/install/robot_grasping/lib/python3.10/site-packages/vmf_contact_main/openpoints/models/backbone/pointvit_inv_old.py
/home/jetson/vmf/install/robot_grasping/lib/python3.10/site-packages/vmf_contact_main/openpoints/models/backbone/pointvector.py
/home/jetson/vmf/install/robot_grasping/lib/python3.10/site-packages/vmf_contact_main/openpoints/models/backbone/pointmlp.py
/home/jetson/vmf/install/robot_grasping/lib/python3.10/site-packages/vmf_contact_main/openpoints/models/backbone/pointnet.py
/home/jetson/vmf/install/robot_grasping/lib/python3.10/site-packages/vmf_contact_main/openpoints/models/backbone/pct.py
/home/jetson/vmf/install/robot_grasping/lib/python3.10/site-packages/vmf_contact_main/openpoints/models/backbone/debug_invvit.py
/home/jetson/vmf/install/robot_grasping/lib/python3.10/site-packages/vmf_contact_main/openpoints/models/backbone/pointnext.py
/home/jetson/vmf/install/robot_grasping/lib/python3.10/site-packages/vmf_contact_main/openpoints/models/backbone/curvenet.py
/home/jetson/vmf/install/robot_grasping/lib/python3.10/site-packages/vmf_contact_main/openpoints/models/backbone/pointtransformer.py
/home/jetson/vmf/install/robot_grasping/lib/python3.10/site-packages/vmf_contact_main/openpoints/models/backbone/resnet.py
/home/jetson/vmf/install/robot_grasping/lib/python3.10/site-packages/vmf_contact_main/openpoints/models/backbone/pointnetv2.py
/home/jetson/vmf/install/robot_grasping/lib/python3.10/site-packages/vmf_contact_main/openpoints/models/backbone/__init__.py
/home/jetson/vmf/install/robot_grasping/lib/python3.10/site-packages/vmf_contact_main/openpoints/models/backbone/pointvit_inv.py
/home/jetson/vmf/install/robot_grasping/lib/python3.10/site-packages/vmf_contact_main/openpoints/models/segmentation/base_seg.py
/home/jetson/vmf/install/robot_grasping/lib/python3.10/site-packages/vmf_contact_main/openpoints/models/segmentation/vit_seg.py
/home/jetson/vmf/install/robot_grasping/lib/python3.10/site-packages/vmf_contact_main/openpoints/models/segmentation/__init__.py
/home/jetson/vmf/install/robot_grasping/lib/python3.10/site-packages/vmf_contact_main/openpoints/dataset/pcqm4m/data.py
/home/jetson/vmf/install/robot_grasping/lib/python3.10/site-packages/vmf_contact_main/openpoints/dataset/pcqm4m/__init__.py
/home/jetson/vmf/install/robot_grasping/lib/python3.10/site-packages/vmf_contact_main/openpoints/dataset/graph_dataset/svd_encodings_dataset.py
/home/jetson/vmf/install/robot_grasping/lib/python3.10/site-packages/vmf_contact_main/openpoints/dataset/graph_dataset/structural_dataset.py
/home/jetson/vmf/install/robot_grasping/lib/python3.10/site-packages/vmf_contact_main/openpoints/dataset/graph_dataset/stack_with_pad.py
/home/jetson/vmf/install/robot_grasping/lib/python3.10/site-packages/vmf_contact_main/openpoints/dataset/graph_dataset/graph_dataset.py
/home/jetson/vmf/install/robot_grasping/lib/python3.10/site-packages/vmf_contact_main/openpoints/dataset/graph_dataset/__init__.py
/home/jetson/vmf/install/robot_grasping/lib/python3.10/site-packages/vmf_contact_main/openpoints/dataset/pcqm4mv2/data.py
/home/jetson/vmf/install/robot_grasping/lib/python3.10/site-packages/vmf_contact_main/openpoints/dataset/pcqm4mv2/__init__.py
/home/jetson/vmf/install/robot_grasping/lib/python3.10/site-packages/vmf_contact_main/openpoints/dataset/atom3d/psr.py
/home/jetson/vmf/install/robot_grasping/lib/python3.10/site-packages/vmf_contact_main/openpoints/dataset/atom3d/__init__.py
/home/jetson/vmf/install/robot_grasping/lib/python3.10/site-packages/vmf_contact_main/openpoints/dataset/s3dis/s3dis.py
/home/jetson/vmf/install/robot_grasping/lib/python3.10/site-packages/vmf_contact_main/openpoints/dataset/s3dis/s3dis_sphere.py
/home/jetson/vmf/install/robot_grasping/lib/python3.10/site-packages/vmf_contact_main/openpoints/dataset/s3dis/s3dis_block.py
/home/jetson/vmf/install/robot_grasping/lib/python3.10/site-packages/vmf_contact_main/openpoints/dataset/s3dis/__init__.py
/home/jetson/vmf/install/robot_grasping/lib/python3.10/site-packages/vmf_contact_main/openpoints/dataset/shapenetpart/shapenetpart.py
/home/jetson/vmf/install/robot_grasping/lib/python3.10/site-packages/vmf_contact_main/openpoints/dataset/shapenetpart/shapenet55.py
/home/jetson/vmf/install/robot_grasping/lib/python3.10/site-packages/vmf_contact_main/openpoints/dataset/shapenetpart/__init__.py
/home/jetson/vmf/install/robot_grasping/lib/python3.10/site-packages/vmf_contact_main/openpoints/dataset/modelnet/modelnet40_normal_resampled_loader.py
/home/jetson/vmf/install/robot_grasping/lib/python3.10/site-packages/vmf_contact_main/openpoints/dataset/modelnet/modelnet40_ply_2048_loader.py
/home/jetson/vmf/install/robot_grasping/lib/python3.10/site-packages/vmf_contact_main/openpoints/dataset/modelnet/__init__.py
/home/jetson/vmf/install/robot_grasping/lib/python3.10/site-packages/vmf_contact_main/openpoints/dataset/shapenet/shapenetpart.py
/home/jetson/vmf/install/robot_grasping/lib/python3.10/site-packages/vmf_contact_main/openpoints/dataset/shapenet/shapenet55.py
/home/jetson/vmf/install/robot_grasping/lib/python3.10/site-packages/vmf_contact_main/openpoints/dataset/shapenet/__init__.py
/home/jetson/vmf/install/robot_grasping/lib/python3.10/site-packages/vmf_contact_main/openpoints/dataset/matterport3d/matterport3d_dataprocessing.py
/home/jetson/vmf/install/robot_grasping/lib/python3.10/site-packages/vmf_contact_main/openpoints/dataset/matterport3d/__init__.py
/home/jetson/vmf/install/robot_grasping/lib/python3.10/site-packages/vmf_contact_main/openpoints/dataset/matterport3d/matterport3d.py
/home/jetson/vmf/install/robot_grasping/lib/python3.10/site-packages/vmf_contact_main/openpoints/dataset/semantic_kitti/semantickitti.py
/home/jetson/vmf/install/robot_grasping/lib/python3.10/site-packages/vmf_contact_main/openpoints/dataset/semantic_kitti/helper_tool.py
/home/jetson/vmf/install/robot_grasping/lib/python3.10/site-packages/vmf_contact_main/openpoints/dataset/semantic_kitti/__init__.py
/home/jetson/vmf/install/robot_grasping/lib/python3.10/site-packages/vmf_contact_main/openpoints/dataset/molpcba/data.py
/home/jetson/vmf/install/robot_grasping/lib/python3.10/site-packages/vmf_contact_main/openpoints/dataset/molpcba/__init__.py
/home/jetson/vmf/install/robot_grasping/lib/python3.10/site-packages/vmf_contact_main/openpoints/dataset/scanobjectnn/scanobjectnn.py
/home/jetson/vmf/install/robot_grasping/lib/python3.10/site-packages/vmf_contact_main/openpoints/dataset/scanobjectnn/__init__.py
/home/jetson/vmf/install/robot_grasping/lib/python3.10/site-packages/vmf_contact_main/openpoints/dataset/molhiv/data.py
/home/jetson/vmf/install/robot_grasping/lib/python3.10/site-packages/vmf_contact_main/openpoints/dataset/molhiv/__init__.py
/home/jetson/vmf/install/robot_grasping/lib/python3.10/site-packages/vmf_contact_main/openpoints/dataset/parsers/parser_factory.py
/home/jetson/vmf/install/robot_grasping/lib/python3.10/site-packages/vmf_contact_main/openpoints/dataset/parsers/parser_image_tar.py
/home/jetson/vmf/install/robot_grasping/lib/python3.10/site-packages/vmf_contact_main/openpoints/dataset/parsers/parser_tfds.py
/home/jetson/vmf/install/robot_grasping/lib/python3.10/site-packages/vmf_contact_main/openpoints/dataset/parsers/parser_image_folder.py
/home/jetson/vmf/install/robot_grasping/lib/python3.10/site-packages/vmf_contact_main/openpoints/dataset/parsers/parser_image_in_tar.py
/home/jetson/vmf/install/robot_grasping/lib/python3.10/site-packages/vmf_contact_main/openpoints/dataset/parsers/constants.py
/home/jetson/vmf/install/robot_grasping/lib/python3.10/site-packages/vmf_contact_main/openpoints/dataset/parsers/parser.py
/home/jetson/vmf/install/robot_grasping/lib/python3.10/site-packages/vmf_contact_main/openpoints/dataset/parsers/class_map.py
/home/jetson/vmf/install/robot_grasping/lib/python3.10/site-packages/vmf_contact_main/openpoints/dataset/parsers/__init__.py
/home/jetson/vmf/install/robot_grasping/lib/python3.10/site-packages/vmf_contact_main/openpoints/dataset/scannetv2/scannet.py
/home/jetson/vmf/install/robot_grasping/lib/python3.10/site-packages/vmf_contact_main/openpoints/dataset/scannetv2/__init__.py
/home/jetson/vmf/install/robot_grasping/lib/python3.10/site-packages/openpoints/cpp/__init__.py
/home/jetson/vmf/install/robot_grasping/lib/python3.10/site-packages/openpoints/transforms/transforms_factory.py
/home/jetson/vmf/install/robot_grasping/lib/python3.10/site-packages/openpoints/transforms/point_transform_cpu.py
/home/jetson/vmf/install/robot_grasping/lib/python3.10/site-packages/openpoints/transforms/point_transformer_gpu.py
/home/jetson/vmf/install/robot_grasping/lib/python3.10/site-packages/openpoints/transforms/__init__.py
/home/jetson/vmf/install/robot_grasping/lib/python3.10/site-packages/openpoints/utils/wandb.py
/home/jetson/vmf/install/robot_grasping/lib/python3.10/site-packages/openpoints/utils/dist_utils.py
/home/jetson/vmf/install/robot_grasping/lib/python3.10/site-packages/openpoints/utils/registry.py
/home/jetson/vmf/install/robot_grasping/lib/python3.10/site-packages/openpoints/utils/metrics.py
/home/jetson/vmf/install/robot_grasping/lib/python3.10/site-packages/openpoints/utils/config.py
/home/jetson/vmf/install/robot_grasping/lib/python3.10/site-packages/openpoints/utils/ckpt_util.py
/home/jetson/vmf/install/robot_grasping/lib/python3.10/site-packages/openpoints/utils/random.py
/home/jetson/vmf/install/robot_grasping/lib/python3.10/site-packages/openpoints/utils/str2bool.py
/home/jetson/vmf/install/robot_grasping/lib/python3.10/site-packages/openpoints/utils/__init__.py
/home/jetson/vmf/install/robot_grasping/lib/python3.10/site-packages/openpoints/utils/logger.py
/home/jetson/vmf/install/robot_grasping/lib/python3.10/site-packages/openpoints/models/build.py
/home/jetson/vmf/install/robot_grasping/lib/python3.10/site-packages/openpoints/models/registry.py
/home/jetson/vmf/install/robot_grasping/lib/python3.10/site-packages/openpoints/models/__init__.py
/home/jetson/vmf/install/robot_grasping/lib/python3.10/site-packages/openpoints/scheduler/multistep_lr.py
/home/jetson/vmf/install/robot_grasping/lib/python3.10/site-packages/openpoints/scheduler/step_lr.py
/home/jetson/vmf/install/robot_grasping/lib/python3.10/site-packages/openpoints/scheduler/poly_lr.py
/home/jetson/vmf/install/robot_grasping/lib/python3.10/site-packages/openpoints/scheduler/plateau_lr.py
/home/jetson/vmf/install/robot_grasping/lib/python3.10/site-packages/openpoints/scheduler/scheduler_factory.py
/home/jetson/vmf/install/robot_grasping/lib/python3.10/site-packages/openpoints/scheduler/cosine_lr.py
/home/jetson/vmf/install/robot_grasping/lib/python3.10/site-packages/openpoints/scheduler/scheduler.py
/home/jetson/vmf/install/robot_grasping/lib/python3.10/site-packages/openpoints/scheduler/tanh_lr.py
/home/jetson/vmf/install/robot_grasping/lib/python3.10/site-packages/openpoints/scheduler/__init__.py
/home/jetson/vmf/install/robot_grasping/lib/python3.10/site-packages/openpoints/loss/cross_entropy.py
/home/jetson/vmf/install/robot_grasping/lib/python3.10/site-packages/openpoints/loss/build.py
/home/jetson/vmf/install/robot_grasping/lib/python3.10/site-packages/openpoints/loss/distill_loss.py
/home/jetson/vmf/install/robot_grasping/lib/python3.10/site-packages/openpoints/loss/__init__.py
/home/jetson/vmf/install/robot_grasping/lib/python3.10/site-packages/openpoints/dataset/dataset_base.py
/home/jetson/vmf/install/robot_grasping/lib/python3.10/site-packages/openpoints/dataset/build.py
/home/jetson/vmf/install/robot_grasping/lib/python3.10/site-packages/openpoints/dataset/data_util.py
/home/jetson/vmf/install/robot_grasping/lib/python3.10/site-packages/openpoints/dataset/vis2d.py
/home/jetson/vmf/install/robot_grasping/lib/python3.10/site-packages/openpoints/dataset/grid_sample.py
/home/jetson/vmf/install/robot_grasping/lib/python3.10/site-packages/openpoints/dataset/vis3d.py
/home/jetson/vmf/install/robot_grasping/lib/python3.10/site-packages/openpoints/dataset/datalist.py
/home/jetson/vmf/install/robot_grasping/lib/python3.10/site-packages/openpoints/dataset/__init__.py
/home/jetson/vmf/install/robot_grasping/lib/python3.10/site-packages/openpoints/optim/radam.py
/home/jetson/vmf/install/robot_grasping/lib/python3.10/site-packages/openpoints/optim/adafactor.py
/home/jetson/vmf/install/robot_grasping/lib/python3.10/site-packages/openpoints/optim/adamw.py
/home/jetson/vmf/install/robot_grasping/lib/python3.10/site-packages/openpoints/optim/sgdp.py
/home/jetson/vmf/install/robot_grasping/lib/python3.10/site-packages/openpoints/optim/rmsprop_tf.py
/home/jetson/vmf/install/robot_grasping/lib/python3.10/site-packages/openpoints/optim/optim_factory.py
/home/jetson/vmf/install/robot_grasping/lib/python3.10/site-packages/openpoints/optim/lars.py
/home/jetson/vmf/install/robot_grasping/lib/python3.10/site-packages/openpoints/optim/adahessian.py
/home/jetson/vmf/install/robot_grasping/lib/python3.10/site-packages/openpoints/optim/lookahead.py
/home/jetson/vmf/install/robot_grasping/lib/python3.10/site-packages/openpoints/optim/nadam.py
/home/jetson/vmf/install/robot_grasping/lib/python3.10/site-packages/openpoints/optim/adamp.py
/home/jetson/vmf/install/robot_grasping/lib/python3.10/site-packages/openpoints/optim/adabelief.py
/home/jetson/vmf/install/robot_grasping/lib/python3.10/site-packages/openpoints/optim/lamb.py
/home/jetson/vmf/install/robot_grasping/lib/python3.10/site-packages/openpoints/optim/__init__.py
/home/jetson/vmf/install/robot_grasping/lib/python3.10/site-packages/openpoints/optim/madgrad.py
/home/jetson/vmf/install/robot_grasping/lib/python3.10/site-packages/openpoints/optim/nvnovograd.py
/home/jetson/vmf/install/robot_grasping/lib/python3.10/site-packages/openpoints/cpp/emd/setup.py
/home/jetson/vmf/install/robot_grasping/lib/python3.10/site-packages/openpoints/cpp/emd/test_emd_loss.py
/home/jetson/vmf/install/robot_grasping/lib/python3.10/site-packages/openpoints/cpp/emd/emd.py
/home/jetson/vmf/install/robot_grasping/lib/python3.10/site-packages/openpoints/cpp/emd/__init__.py
/home/jetson/vmf/install/robot_grasping/lib/python3.10/site-packages/openpoints/cpp/chamfer_dist/setup.py
/home/jetson/vmf/install/robot_grasping/lib/python3.10/site-packages/openpoints/cpp/chamfer_dist/test.py
/home/jetson/vmf/install/robot_grasping/lib/python3.10/site-packages/openpoints/cpp/chamfer_dist/__init__.py
/home/jetson/vmf/install/robot_grasping/lib/python3.10/site-packages/openpoints/cpp/pointops/setup.py
/home/jetson/vmf/install/robot_grasping/lib/python3.10/site-packages/openpoints/cpp/pointops/__init__.py
/home/jetson/vmf/install/robot_grasping/lib/python3.10/site-packages/openpoints/cpp/pointnet2_batch/setup.py
/home/jetson/vmf/install/robot_grasping/lib/python3.10/site-packages/openpoints/cpp/pointnet2_batch/__init__.py
/home/jetson/vmf/install/robot_grasping/lib/python3.10/site-packages/openpoints/cpp/pointops/functions/pointops.py
/home/jetson/vmf/install/robot_grasping/lib/python3.10/site-packages/openpoints/cpp/pointops/functions/__init__.py
/home/jetson/vmf/install/robot_grasping/lib/python3.10/site-packages/openpoints/cpp/pointops/src/__init__.py
/home/jetson/vmf/install/robot_grasping/lib/python3.10/site-packages/openpoints/models/reconstruction/maskedpoint.py
/home/jetson/vmf/install/robot_grasping/lib/python3.10/site-packages/openpoints/models/reconstruction/base_recontruct.py
/home/jetson/vmf/install/robot_grasping/lib/python3.10/site-packages/openpoints/models/reconstruction/nodeshuffle.py
/home/jetson/vmf/install/robot_grasping/lib/python3.10/site-packages/openpoints/models/reconstruction/maskedpointvit.py
/home/jetson/vmf/install/robot_grasping/lib/python3.10/site-packages/openpoints/models/reconstruction/maskedpointgroup.py
/home/jetson/vmf/install/robot_grasping/lib/python3.10/site-packages/openpoints/models/reconstruction/__init__.py
/home/jetson/vmf/install/robot_grasping/lib/python3.10/site-packages/openpoints/models/grasp/vit_grasp.py
/home/jetson/vmf/install/robot_grasping/lib/python3.10/site-packages/openpoints/models/grasp/base_grasp.py
/home/jetson/vmf/install/robot_grasping/lib/python3.10/site-packages/openpoints/models/grasp/__init__.py
/home/jetson/vmf/install/robot_grasping/lib/python3.10/site-packages/openpoints/models/classification/cls_base.py
/home/jetson/vmf/install/robot_grasping/lib/python3.10/site-packages/openpoints/models/classification/point_bert.py
/home/jetson/vmf/install/robot_grasping/lib/python3.10/site-packages/openpoints/models/classification/__init__.py
/home/jetson/vmf/install/robot_grasping/lib/python3.10/site-packages/openpoints/models/layers/graph_conv.py
/home/jetson/vmf/install/robot_grasping/lib/python3.10/site-packages/openpoints/models/layers/attention.py
/home/jetson/vmf/install/robot_grasping/lib/python3.10/site-packages/openpoints/models/layers/weight_init.py
/home/jetson/vmf/install/robot_grasping/lib/python3.10/site-packages/openpoints/models/layers/patch_embed.py
/home/jetson/vmf/install/robot_grasping/lib/python3.10/site-packages/openpoints/models/layers/local_aggregation.py
/home/jetson/vmf/install/robot_grasping/lib/python3.10/site-packages/openpoints/models/layers/knn.py
/home/jetson/vmf/install/robot_grasping/lib/python3.10/site-packages/openpoints/models/layers/activation.py
/home/jetson/vmf/install/robot_grasping/lib/python3.10/site-packages/openpoints/models/layers/helpers.py
/home/jetson/vmf/install/robot_grasping/lib/python3.10/site-packages/openpoints/models/layers/registry.py
/home/jetson/vmf/install/robot_grasping/lib/python3.10/site-packages/openpoints/models/layers/group_embed.py
/home/jetson/vmf/install/robot_grasping/lib/python3.10/site-packages/openpoints/models/layers/padding.py
/home/jetson/vmf/install/robot_grasping/lib/python3.10/site-packages/openpoints/models/layers/group.py
/home/jetson/vmf/install/robot_grasping/lib/python3.10/site-packages/openpoints/models/layers/norm.py
/home/jetson/vmf/install/robot_grasping/lib/python3.10/site-packages/openpoints/models/layers/mlp.py
/home/jetson/vmf/install/robot_grasping/lib/python3.10/site-packages/openpoints/models/layers/conv.py
/home/jetson/vmf/install/robot_grasping/lib/python3.10/site-packages/openpoints/models/layers/subsample.py
/home/jetson/vmf/install/robot_grasping/lib/python3.10/site-packages/openpoints/models/layers/kmeans.py
/home/jetson/vmf/install/robot_grasping/lib/python3.10/site-packages/openpoints/models/layers/upsampling.py
/home/jetson/vmf/install/robot_grasping/lib/python3.10/site-packages/openpoints/models/layers/__init__.py
/home/jetson/vmf/install/robot_grasping/lib/python3.10/site-packages/openpoints/models/layers/drop.py
/home/jetson/vmf/install/robot_grasping/lib/python3.10/site-packages/openpoints/models/backbone/spotr.py
/home/jetson/vmf/install/robot_grasping/lib/python3.10/site-packages/openpoints/models/backbone/Stratified_transformer.py
/home/jetson/vmf/install/robot_grasping/lib/python3.10/site-packages/openpoints/models/backbone/graphvit3d.py
/home/jetson/vmf/install/robot_grasping/lib/python3.10/site-packages/openpoints/models/backbone/randlenet.py
/home/jetson/vmf/install/robot_grasping/lib/python3.10/site-packages/openpoints/models/backbone/simpleview.py
/home/jetson/vmf/install/robot_grasping/lib/python3.10/site-packages/openpoints/models/backbone/baafnet.py
/home/jetson/vmf/install/robot_grasping/lib/python3.10/site-packages/openpoints/models/backbone/deepgcn.py
/home/jetson/vmf/install/robot_grasping/lib/python3.10/site-packages/openpoints/models/backbone/grouppointnet.py
/home/jetson/vmf/install/robot_grasping/lib/python3.10/site-packages/openpoints/models/backbone/simpleview_util.py
/home/jetson/vmf/install/robot_grasping/lib/python3.10/site-packages/openpoints/models/backbone/pointvit.py
/home/jetson/vmf/install/robot_grasping/lib/python3.10/site-packages/openpoints/models/backbone/dgcnn.py
/home/jetson/vmf/install/robot_grasping/lib/python3.10/site-packages/openpoints/models/backbone/ball_dgcnn.py
/home/jetson/vmf/install/robot_grasping/lib/python3.10/site-packages/openpoints/models/backbone/pointnextPyG.py
/home/jetson/vmf/install/robot_grasping/lib/python3.10/site-packages/openpoints/models/backbone/pointvit_inv_old.py
/home/jetson/vmf/install/robot_grasping/lib/python3.10/site-packages/openpoints/models/backbone/pointvector.py
/home/jetson/vmf/install/robot_grasping/lib/python3.10/site-packages/openpoints/models/backbone/pointmlp.py
/home/jetson/vmf/install/robot_grasping/lib/python3.10/site-packages/openpoints/models/backbone/pointnet.py
/home/jetson/vmf/install/robot_grasping/lib/python3.10/site-packages/openpoints/models/backbone/pct.py
/home/jetson/vmf/install/robot_grasping/lib/python3.10/site-packages/openpoints/models/backbone/debug_invvit.py
/home/jetson/vmf/install/robot_grasping/lib/python3.10/site-packages/openpoints/models/backbone/pointnext.py
/home/jetson/vmf/install/robot_grasping/lib/python3.10/site-packages/openpoints/models/backbone/curvenet.py
/home/jetson/vmf/install/robot_grasping/lib/python3.10/site-packages/openpoints/models/backbone/pointtransformer.py
/home/jetson/vmf/install/robot_grasping/lib/python3.10/site-packages/openpoints/models/backbone/resnet.py
/home/jetson/vmf/install/robot_grasping/lib/python3.10/site-packages/openpoints/models/backbone/pointnetv2.py
/home/jetson/vmf/install/robot_grasping/lib/python3.10/site-packages/openpoints/models/backbone/__init__.py
/home/jetson/vmf/install/robot_grasping/lib/python3.10/site-packages/openpoints/models/backbone/pointvit_inv.py
/home/jetson/vmf/install/robot_grasping/lib/python3.10/site-packages/openpoints/models/segmentation/base_seg.py
/home/jetson/vmf/install/robot_grasping/lib/python3.10/site-packages/openpoints/models/segmentation/vit_seg.py
/home/jetson/vmf/install/robot_grasping/lib/python3.10/site-packages/openpoints/models/segmentation/__init__.py
/home/jetson/vmf/install/robot_grasping/lib/python3.10/site-packages/openpoints/dataset/pcqm4m/data.py
/home/jetson/vmf/install/robot_grasping/lib/python3.10/site-packages/openpoints/dataset/pcqm4m/__init__.py
/home/jetson/vmf/install/robot_grasping/lib/python3.10/site-packages/openpoints/dataset/graph_dataset/svd_encodings_dataset.py
/home/jetson/vmf/install/robot_grasping/lib/python3.10/site-packages/openpoints/dataset/graph_dataset/structural_dataset.py
/home/jetson/vmf/install/robot_grasping/lib/python3.10/site-packages/openpoints/dataset/graph_dataset/stack_with_pad.py
/home/jetson/vmf/install/robot_grasping/lib/python3.10/site-packages/openpoints/dataset/graph_dataset/graph_dataset.py
/home/jetson/vmf/install/robot_grasping/lib/python3.10/site-packages/openpoints/dataset/graph_dataset/__init__.py
/home/jetson/vmf/install/robot_grasping/lib/python3.10/site-packages/openpoints/dataset/pcqm4mv2/data.py
/home/jetson/vmf/install/robot_grasping/lib/python3.10/site-packages/openpoints/dataset/pcqm4mv2/__init__.py
/home/jetson/vmf/install/robot_grasping/lib/python3.10/site-packages/openpoints/dataset/atom3d/psr.py
/home/jetson/vmf/install/robot_grasping/lib/python3.10/site-packages/openpoints/dataset/atom3d/__init__.py
/home/jetson/vmf/install/robot_grasping/lib/python3.10/site-packages/openpoints/dataset/s3dis/s3dis.py
/home/jetson/vmf/install/robot_grasping/lib/python3.10/site-packages/openpoints/dataset/s3dis/s3dis_sphere.py
/home/jetson/vmf/install/robot_grasping/lib/python3.10/site-packages/openpoints/dataset/s3dis/s3dis_block.py
/home/jetson/vmf/install/robot_grasping/lib/python3.10/site-packages/openpoints/dataset/s3dis/__init__.py
/home/jetson/vmf/install/robot_grasping/lib/python3.10/site-packages/openpoints/dataset/shapenetpart/shapenetpart.py
/home/jetson/vmf/install/robot_grasping/lib/python3.10/site-packages/openpoints/dataset/shapenetpart/shapenet55.py
/home/jetson/vmf/install/robot_grasping/lib/python3.10/site-packages/openpoints/dataset/shapenetpart/__init__.py
/home/jetson/vmf/install/robot_grasping/lib/python3.10/site-packages/openpoints/dataset/modelnet/modelnet40_normal_resampled_loader.py
/home/jetson/vmf/install/robot_grasping/lib/python3.10/site-packages/openpoints/dataset/modelnet/modelnet40_ply_2048_loader.py
/home/jetson/vmf/install/robot_grasping/lib/python3.10/site-packages/openpoints/dataset/modelnet/__init__.py
/home/jetson/vmf/install/robot_grasping/lib/python3.10/site-packages/openpoints/dataset/shapenet/shapenetpart.py
/home/jetson/vmf/install/robot_grasping/lib/python3.10/site-packages/openpoints/dataset/shapenet/shapenet55.py
/home/jetson/vmf/install/robot_grasping/lib/python3.10/site-packages/openpoints/dataset/shapenet/__init__.py
/home/jetson/vmf/install/robot_grasping/lib/python3.10/site-packages/openpoints/dataset/matterport3d/matterport3d_dataprocessing.py
/home/jetson/vmf/install/robot_grasping/lib/python3.10/site-packages/openpoints/dataset/matterport3d/__init__.py
/home/jetson/vmf/install/robot_grasping/lib/python3.10/site-packages/openpoints/dataset/matterport3d/matterport3d.py
/home/jetson/vmf/install/robot_grasping/lib/python3.10/site-packages/openpoints/dataset/semantic_kitti/semantickitti.py
/home/jetson/vmf/install/robot_grasping/lib/python3.10/site-packages/openpoints/dataset/semantic_kitti/helper_tool.py
/home/jetson/vmf/install/robot_grasping/lib/python3.10/site-packages/openpoints/dataset/semantic_kitti/__init__.py
/home/jetson/vmf/install/robot_grasping/lib/python3.10/site-packages/openpoints/dataset/molpcba/data.py
/home/jetson/vmf/install/robot_grasping/lib/python3.10/site-packages/openpoints/dataset/molpcba/__init__.py
/home/jetson/vmf/install/robot_grasping/lib/python3.10/site-packages/openpoints/dataset/scanobjectnn/scanobjectnn.py
/home/jetson/vmf/install/robot_grasping/lib/python3.10/site-packages/openpoints/dataset/scanobjectnn/__init__.py
/home/jetson/vmf/install/robot_grasping/lib/python3.10/site-packages/openpoints/dataset/molhiv/data.py
/home/jetson/vmf/install/robot_grasping/lib/python3.10/site-packages/openpoints/dataset/molhiv/__init__.py
/home/jetson/vmf/install/robot_grasping/lib/python3.10/site-packages/openpoints/dataset/parsers/parser_factory.py
/home/jetson/vmf/install/robot_grasping/lib/python3.10/site-packages/openpoints/dataset/parsers/parser_image_tar.py
/home/jetson/vmf/install/robot_grasping/lib/python3.10/site-packages/openpoints/dataset/parsers/parser_tfds.py
/home/jetson/vmf/install/robot_grasping/lib/python3.10/site-packages/openpoints/dataset/parsers/parser_image_folder.py
/home/jetson/vmf/install/robot_grasping/lib/python3.10/site-packages/openpoints/dataset/parsers/parser_image_in_tar.py
/home/jetson/vmf/install/robot_grasping/lib/python3.10/site-packages/openpoints/dataset/parsers/constants.py
/home/jetson/vmf/install/robot_grasping/lib/python3.10/site-packages/openpoints/dataset/parsers/parser.py
/home/jetson/vmf/install/robot_grasping/lib/python3.10/site-packages/openpoints/dataset/parsers/class_map.py
/home/jetson/vmf/install/robot_grasping/lib/python3.10/site-packages/openpoints/dataset/parsers/__init__.py
/home/jetson/vmf/install/robot_grasping/lib/python3.10/site-packages/openpoints/dataset/scannetv2/scannet.py
/home/jetson/vmf/install/robot_grasping/lib/python3.10/site-packages/openpoints/dataset/scannetv2/__init__.py
/home/jetson/vmf/install/robot_grasping/lib/python3.10/site-packages/active_grasp/__pycache__/baselines.cpython-310.pyc
/home/jetson/vmf/install/robot_grasping/lib/python3.10/site-packages/active_grasp/__pycache__/timer.cpython-310.pyc
/home/jetson/vmf/install/robot_grasping/lib/python3.10/site-packages/active_grasp/__pycache__/policy.cpython-310.pyc
/home/jetson/vmf/install/robot_grasping/lib/python3.10/site-packages/active_grasp/__pycache__/networks.cpython-310.pyc
/home/jetson/vmf/install/robot_grasping/lib/python3.10/site-packages/active_grasp/__pycache__/spatial.cpython-310.pyc
/home/jetson/vmf/install/robot_grasping/lib/python3.10/site-packages/active_grasp/__pycache__/bbox.cpython-310.pyc
/home/jetson/vmf/install/robot_grasping/lib/python3.10/site-packages/active_grasp/__pycache__/nbv.cpython-310.pyc
/home/jetson/vmf/install/robot_grasping/lib/python3.10/site-packages/active_grasp/__pycache__/vlm_policy.cpython-310.pyc
/home/jetson/vmf/install/robot_grasping/lib/python3.10/site-packages/active_grasp/__pycache__/perception.cpython-310.pyc
/home/jetson/vmf/install/robot_grasping/lib/python3.10/site-packages/active_grasp/__pycache__/__init__.cpython-310.pyc
/home/jetson/vmf/install/robot_grasping/lib/python3.10/site-packages/vmf_contact_main/__pycache__/train.cpython-310.pyc
/home/jetson/vmf/install/robot_grasping/lib/python3.10/site-packages/vmf_contact_main/__pycache__/test.cpython-310.pyc
/home/jetson/vmf/install/robot_grasping/lib/python3.10/site-packages/vmf_contact_main/__pycache__/remote_agent.cpython-310.pyc
/home/jetson/vmf/install/robot_grasping/lib/python3.10/site-packages/vmf_contact_main/__pycache__/__init__.cpython-310.pyc
/home/jetson/vmf/install/robot_grasping/lib/python3.10/site-packages/ros2_nodes/__pycache__/camera_utils.cpython-310.pyc
/home/jetson/vmf/install/robot_grasping/lib/python3.10/site-packages/ros2_nodes/__pycache__/utils_camera.cpython-310.pyc
/home/jetson/vmf/install/robot_grasping/lib/python3.10/site-packages/ros2_nodes/__pycache__/inference_node_vlm.cpython-310.pyc
/home/jetson/vmf/install/robot_grasping/lib/python3.10/site-packages/ros2_nodes/__pycache__/inference_node_data.cpython-310.pyc
/home/jetson/vmf/install/robot_grasping/lib/python3.10/site-packages/ros2_nodes/__pycache__/test_frame_saver.cpython-310.pyc
/home/jetson/vmf/install/robot_grasping/lib/python3.10/site-packages/ros2_nodes/__pycache__/inference_node_giga_active.cpython-310.pyc
/home/jetson/vmf/install/robot_grasping/lib/python3.10/site-packages/ros2_nodes/__pycache__/inference_node_vmf.cpython-310.pyc
/home/jetson/vmf/install/robot_grasping/lib/python3.10/site-packages/ros2_nodes/__pycache__/utils_node.cpython-310.pyc
/home/jetson/vmf/install/robot_grasping/lib/python3.10/site-packages/ros2_nodes/__pycache__/test_visualization_node.cpython-310.pyc
/home/jetson/vmf/install/robot_grasping/lib/python3.10/site-packages/ros2_nodes/__pycache__/inference_node_base.cpython-310.pyc
/home/jetson/vmf/install/robot_grasping/lib/python3.10/site-packages/ros2_nodes/__pycache__/inference_node_giga.cpython-310.pyc
/home/jetson/vmf/install/robot_grasping/lib/python3.10/site-packages/ros2_nodes/__pycache__/__init__.cpython-310.pyc
/home/jetson/vmf/install/robot_grasping/lib/python3.10/site-packages/openpoints/__pycache__/__init__.cpython-310.pyc
/home/jetson/vmf/install/robot_grasping/lib/python3.10/site-packages/vmf_contact_main/vmf_contact/__pycache__/__init__.cpython-310.pyc
/home/jetson/vmf/install/robot_grasping/lib/python3.10/site-packages/vmf_contact_main/openpoints/__pycache__/__init__.cpython-310.pyc
/home/jetson/vmf/install/robot_grasping/lib/python3.10/site-packages/vmf_contact_main/vmf_contact/datasets/__pycache__/pointcloud_process.cpython-310.pyc
/home/jetson/vmf/install/robot_grasping/lib/python3.10/site-packages/vmf_contact_main/vmf_contact/datasets/__pycache__/dataset.cpython-310.pyc
/home/jetson/vmf/install/robot_grasping/lib/python3.10/site-packages/vmf_contact_main/vmf_contact/datasets/__pycache__/mgn.cpython-310.pyc
/home/jetson/vmf/install/robot_grasping/lib/python3.10/site-packages/vmf_contact_main/vmf_contact/datasets/__pycache__/__init__.cpython-310.pyc
/home/jetson/vmf/install/robot_grasping/lib/python3.10/site-packages/vmf_contact_main/vmf_contact/metrics/__pycache__/ausc_ause.cpython-310.pyc
/home/jetson/vmf/install/robot_grasping/lib/python3.10/site-packages/vmf_contact_main/vmf_contact/metrics/__pycache__/aucpr.cpython-310.pyc
/home/jetson/vmf/install/robot_grasping/lib/python3.10/site-packages/vmf_contact_main/vmf_contact/metrics/__pycache__/brier.cpython-310.pyc
/home/jetson/vmf/install/robot_grasping/lib/python3.10/site-packages/vmf_contact_main/vmf_contact/metrics/__pycache__/__init__.cpython-310.pyc
/home/jetson/vmf/install/robot_grasping/lib/python3.10/site-packages/vmf_contact_main/vmf_contact/model/__pycache__/estimator.cpython-310.pyc
/home/jetson/vmf/install/robot_grasping/lib/python3.10/site-packages/vmf_contact_main/vmf_contact/model/__pycache__/lightning_module_flow.cpython-310.pyc
/home/jetson/vmf/install/robot_grasping/lib/python3.10/site-packages/vmf_contact_main/vmf_contact/model/__pycache__/lightning_module.cpython-310.pyc
/home/jetson/vmf/install/robot_grasping/lib/python3.10/site-packages/vmf_contact_main/vmf_contact/model/__pycache__/grasp_buffer.cpython-310.pyc
/home/jetson/vmf/install/robot_grasping/lib/python3.10/site-packages/vmf_contact_main/vmf_contact/model/__pycache__/utils.cpython-310.pyc
/home/jetson/vmf/install/robot_grasping/lib/python3.10/site-packages/vmf_contact_main/vmf_contact/model/__pycache__/__init__.cpython-310.pyc
/home/jetson/vmf/install/robot_grasping/lib/python3.10/site-packages/vmf_contact_main/vmf_contact/nn/__pycache__/position_encodings.cpython-310.pyc
/home/jetson/vmf/install/robot_grasping/lib/python3.10/site-packages/vmf_contact_main/vmf_contact/nn/__pycache__/util.cpython-310.pyc
/home/jetson/vmf/install/robot_grasping/lib/python3.10/site-packages/vmf_contact_main/vmf_contact/nn/__pycache__/attention.cpython-310.pyc
/home/jetson/vmf/install/robot_grasping/lib/python3.10/site-packages/vmf_contact_main/vmf_contact/nn/__pycache__/scaler.cpython-310.pyc
/home/jetson/vmf/install/robot_grasping/lib/python3.10/site-packages/vmf_contact_main/vmf_contact/nn/__pycache__/network.cpython-310.pyc
/home/jetson/vmf/install/robot_grasping/lib/python3.10/site-packages/vmf_contact_main/vmf_contact/nn/__pycache__/uncertainty_estimator.cpython-310.pyc
/home/jetson/vmf/install/robot_grasping/lib/python3.10/site-packages/vmf_contact_main/vmf_contact/nn/__pycache__/loss.cpython-310.pyc
/home/jetson/vmf/install/robot_grasping/lib/python3.10/site-packages/vmf_contact_main/vmf_contact/nn/__pycache__/pointr.cpython-310.pyc
/home/jetson/vmf/install/robot_grasping/lib/python3.10/site-packages/vmf_contact_main/vmf_contact/nn/__pycache__/multihead_custom_attention.cpython-310.pyc
/home/jetson/vmf/install/robot_grasping/lib/python3.10/site-packages/vmf_contact_main/vmf_contact/nn/__pycache__/__init__.cpython-310.pyc
/home/jetson/vmf/install/robot_grasping/lib/python3.10/site-packages/vmf_contact_main/vmf_contact/datasets/_utils/__pycache__/transforms.cpython-310.pyc
/home/jetson/vmf/install/robot_grasping/lib/python3.10/site-packages/vmf_contact_main/vmf_contact/datasets/_utils/__pycache__/_registry.cpython-310.pyc
/home/jetson/vmf/install/robot_grasping/lib/python3.10/site-packages/vmf_contact_main/vmf_contact/datasets/_utils/__pycache__/split.cpython-310.pyc
/home/jetson/vmf/install/robot_grasping/lib/python3.10/site-packages/vmf_contact_main/vmf_contact/datasets/_utils/__pycache__/_base.cpython-310.pyc
/home/jetson/vmf/install/robot_grasping/lib/python3.10/site-packages/vmf_contact_main/vmf_contact/datasets/_utils/__pycache__/__init__.cpython-310.pyc
/home/jetson/vmf/install/robot_grasping/lib/python3.10/site-packages/vmf_contact_main/vmf_contact/nn/output/__pycache__/normal.cpython-310.pyc
/home/jetson/vmf/install/robot_grasping/lib/python3.10/site-packages/vmf_contact_main/vmf_contact/nn/output/__pycache__/ps.cpython-310.pyc
/home/jetson/vmf/install/robot_grasping/lib/python3.10/site-packages/vmf_contact_main/vmf_contact/nn/output/__pycache__/normal_multi.cpython-310.pyc
/home/jetson/vmf/install/robot_grasping/lib/python3.10/site-packages/vmf_contact_main/vmf_contact/nn/output/__pycache__/_base.cpython-310.pyc
/home/jetson/vmf/install/robot_grasping/lib/python3.10/site-packages/vmf_contact_main/vmf_contact/nn/output/__pycache__/vmf.cpython-310.pyc
/home/jetson/vmf/install/robot_grasping/lib/python3.10/site-packages/vmf_contact_main/vmf_contact/nn/output/__pycache__/__init__.cpython-310.pyc
/home/jetson/vmf/install/robot_grasping/lib/python3.10/site-packages/vmf_contact_main/openpoints/cpp/__pycache__/__init__.cpython-310.pyc
/home/jetson/vmf/install/robot_grasping/lib/python3.10/site-packages/vmf_contact_main/openpoints/transforms/__pycache__/transforms_factory.cpython-310.pyc
/home/jetson/vmf/install/robot_grasping/lib/python3.10/site-packages/vmf_contact_main/openpoints/transforms/__pycache__/point_transform_cpu.cpython-310.pyc
/home/jetson/vmf/install/robot_grasping/lib/python3.10/site-packages/vmf_contact_main/openpoints/transforms/__pycache__/point_transformer_gpu.cpython-310.pyc
/home/jetson/vmf/install/robot_grasping/lib/python3.10/site-packages/vmf_contact_main/openpoints/transforms/__pycache__/__init__.cpython-310.pyc
/home/jetson/vmf/install/robot_grasping/lib/python3.10/site-packages/vmf_contact_main/openpoints/utils/__pycache__/wandb.cpython-310.pyc
/home/jetson/vmf/install/robot_grasping/lib/python3.10/site-packages/vmf_contact_main/openpoints/utils/__pycache__/dist_utils.cpython-310.pyc
/home/jetson/vmf/install/robot_grasping/lib/python3.10/site-packages/vmf_contact_main/openpoints/utils/__pycache__/registry.cpython-310.pyc
/home/jetson/vmf/install/robot_grasping/lib/python3.10/site-packages/vmf_contact_main/openpoints/utils/__pycache__/metrics.cpython-310.pyc
/home/jetson/vmf/install/robot_grasping/lib/python3.10/site-packages/vmf_contact_main/openpoints/utils/__pycache__/config.cpython-310.pyc
/home/jetson/vmf/install/robot_grasping/lib/python3.10/site-packages/vmf_contact_main/openpoints/utils/__pycache__/ckpt_util.cpython-310.pyc
/home/jetson/vmf/install/robot_grasping/lib/python3.10/site-packages/vmf_contact_main/openpoints/utils/__pycache__/random.cpython-310.pyc
/home/jetson/vmf/install/robot_grasping/lib/python3.10/site-packages/vmf_contact_main/openpoints/utils/__pycache__/str2bool.cpython-310.pyc
/home/jetson/vmf/install/robot_grasping/lib/python3.10/site-packages/vmf_contact_main/openpoints/utils/__pycache__/__init__.cpython-310.pyc
/home/jetson/vmf/install/robot_grasping/lib/python3.10/site-packages/vmf_contact_main/openpoints/utils/__pycache__/logger.cpython-310.pyc
/home/jetson/vmf/install/robot_grasping/lib/python3.10/site-packages/vmf_contact_main/openpoints/models/__pycache__/build.cpython-310.pyc
/home/jetson/vmf/install/robot_grasping/lib/python3.10/site-packages/vmf_contact_main/openpoints/models/__pycache__/registry.cpython-310.pyc
/home/jetson/vmf/install/robot_grasping/lib/python3.10/site-packages/vmf_contact_main/openpoints/models/__pycache__/__init__.cpython-310.pyc
/home/jetson/vmf/install/robot_grasping/lib/python3.10/site-packages/vmf_contact_main/openpoints/scheduler/__pycache__/multistep_lr.cpython-310.pyc
/home/jetson/vmf/install/robot_grasping/lib/python3.10/site-packages/vmf_contact_main/openpoints/scheduler/__pycache__/step_lr.cpython-310.pyc
/home/jetson/vmf/install/robot_grasping/lib/python3.10/site-packages/vmf_contact_main/openpoints/scheduler/__pycache__/poly_lr.cpython-310.pyc
/home/jetson/vmf/install/robot_grasping/lib/python3.10/site-packages/vmf_contact_main/openpoints/scheduler/__pycache__/plateau_lr.cpython-310.pyc
/home/jetson/vmf/install/robot_grasping/lib/python3.10/site-packages/vmf_contact_main/openpoints/scheduler/__pycache__/scheduler_factory.cpython-310.pyc
/home/jetson/vmf/install/robot_grasping/lib/python3.10/site-packages/vmf_contact_main/openpoints/scheduler/__pycache__/cosine_lr.cpython-310.pyc
/home/jetson/vmf/install/robot_grasping/lib/python3.10/site-packages/vmf_contact_main/openpoints/scheduler/__pycache__/scheduler.cpython-310.pyc
/home/jetson/vmf/install/robot_grasping/lib/python3.10/site-packages/vmf_contact_main/openpoints/scheduler/__pycache__/tanh_lr.cpython-310.pyc
/home/jetson/vmf/install/robot_grasping/lib/python3.10/site-packages/vmf_contact_main/openpoints/scheduler/__pycache__/__init__.cpython-310.pyc
/home/jetson/vmf/install/robot_grasping/lib/python3.10/site-packages/vmf_contact_main/openpoints/loss/__pycache__/cross_entropy.cpython-310.pyc
/home/jetson/vmf/install/robot_grasping/lib/python3.10/site-packages/vmf_contact_main/openpoints/loss/__pycache__/build.cpython-310.pyc
/home/jetson/vmf/install/robot_grasping/lib/python3.10/site-packages/vmf_contact_main/openpoints/loss/__pycache__/distill_loss.cpython-310.pyc
/home/jetson/vmf/install/robot_grasping/lib/python3.10/site-packages/vmf_contact_main/openpoints/loss/__pycache__/__init__.cpython-310.pyc
/home/jetson/vmf/install/robot_grasping/lib/python3.10/site-packages/vmf_contact_main/openpoints/dataset/__pycache__/dataset_base.cpython-310.pyc
/home/jetson/vmf/install/robot_grasping/lib/python3.10/site-packages/vmf_contact_main/openpoints/dataset/__pycache__/build.cpython-310.pyc
/home/jetson/vmf/install/robot_grasping/lib/python3.10/site-packages/vmf_contact_main/openpoints/dataset/__pycache__/data_util.cpython-310.pyc
/home/jetson/vmf/install/robot_grasping/lib/python3.10/site-packages/vmf_contact_main/openpoints/dataset/__pycache__/vis2d.cpython-310.pyc
/home/jetson/vmf/install/robot_grasping/lib/python3.10/site-packages/vmf_contact_main/openpoints/dataset/__pycache__/grid_sample.cpython-310.pyc
/home/jetson/vmf/install/robot_grasping/lib/python3.10/site-packages/vmf_contact_main/openpoints/dataset/__pycache__/vis3d.cpython-310.pyc
/home/jetson/vmf/install/robot_grasping/lib/python3.10/site-packages/vmf_contact_main/openpoints/dataset/__pycache__/datalist.cpython-310.pyc
/home/jetson/vmf/install/robot_grasping/lib/python3.10/site-packages/vmf_contact_main/openpoints/dataset/__pycache__/__init__.cpython-310.pyc
/home/jetson/vmf/install/robot_grasping/lib/python3.10/site-packages/vmf_contact_main/openpoints/optim/__pycache__/radam.cpython-310.pyc
/home/jetson/vmf/install/robot_grasping/lib/python3.10/site-packages/vmf_contact_main/openpoints/optim/__pycache__/adafactor.cpython-310.pyc
/home/jetson/vmf/install/robot_grasping/lib/python3.10/site-packages/vmf_contact_main/openpoints/optim/__pycache__/adamw.cpython-310.pyc
/home/jetson/vmf/install/robot_grasping/lib/python3.10/site-packages/vmf_contact_main/openpoints/optim/__pycache__/sgdp.cpython-310.pyc
/home/jetson/vmf/install/robot_grasping/lib/python3.10/site-packages/vmf_contact_main/openpoints/optim/__pycache__/rmsprop_tf.cpython-310.pyc
/home/jetson/vmf/install/robot_grasping/lib/python3.10/site-packages/vmf_contact_main/openpoints/optim/__pycache__/optim_factory.cpython-310.pyc
/home/jetson/vmf/install/robot_grasping/lib/python3.10/site-packages/vmf_contact_main/openpoints/optim/__pycache__/lars.cpython-310.pyc
/home/jetson/vmf/install/robot_grasping/lib/python3.10/site-packages/vmf_contact_main/openpoints/optim/__pycache__/adahessian.cpython-310.pyc
/home/jetson/vmf/install/robot_grasping/lib/python3.10/site-packages/vmf_contact_main/openpoints/optim/__pycache__/lookahead.cpython-310.pyc
/home/jetson/vmf/install/robot_grasping/lib/python3.10/site-packages/vmf_contact_main/openpoints/optim/__pycache__/nadam.cpython-310.pyc
/home/jetson/vmf/install/robot_grasping/lib/python3.10/site-packages/vmf_contact_main/openpoints/optim/__pycache__/adamp.cpython-310.pyc
/home/jetson/vmf/install/robot_grasping/lib/python3.10/site-packages/vmf_contact_main/openpoints/optim/__pycache__/adabelief.cpython-310.pyc
/home/jetson/vmf/install/robot_grasping/lib/python3.10/site-packages/vmf_contact_main/openpoints/optim/__pycache__/lamb.cpython-310.pyc
/home/jetson/vmf/install/robot_grasping/lib/python3.10/site-packages/vmf_contact_main/openpoints/optim/__pycache__/__init__.cpython-310.pyc
/home/jetson/vmf/install/robot_grasping/lib/python3.10/site-packages/vmf_contact_main/openpoints/optim/__pycache__/madgrad.cpython-310.pyc
/home/jetson/vmf/install/robot_grasping/lib/python3.10/site-packages/vmf_contact_main/openpoints/optim/__pycache__/nvnovograd.cpython-310.pyc
/home/jetson/vmf/install/robot_grasping/lib/python3.10/site-packages/vmf_contact_main/openpoints/cpp/emd/__pycache__/setup.cpython-310.pyc
/home/jetson/vmf/install/robot_grasping/lib/python3.10/site-packages/vmf_contact_main/openpoints/cpp/emd/__pycache__/test_emd_loss.cpython-310.pyc
/home/jetson/vmf/install/robot_grasping/lib/python3.10/site-packages/vmf_contact_main/openpoints/cpp/emd/__pycache__/emd.cpython-310.pyc
/home/jetson/vmf/install/robot_grasping/lib/python3.10/site-packages/vmf_contact_main/openpoints/cpp/emd/__pycache__/__init__.cpython-310.pyc
/home/jetson/vmf/install/robot_grasping/lib/python3.10/site-packages/vmf_contact_main/openpoints/cpp/chamfer_dist/__pycache__/setup.cpython-310.pyc
/home/jetson/vmf/install/robot_grasping/lib/python3.10/site-packages/vmf_contact_main/openpoints/cpp/chamfer_dist/__pycache__/test.cpython-310.pyc
/home/jetson/vmf/install/robot_grasping/lib/python3.10/site-packages/vmf_contact_main/openpoints/cpp/chamfer_dist/__pycache__/__init__.cpython-310.pyc
/home/jetson/vmf/install/robot_grasping/lib/python3.10/site-packages/vmf_contact_main/openpoints/cpp/pointops/__pycache__/setup.cpython-310.pyc
/home/jetson/vmf/install/robot_grasping/lib/python3.10/site-packages/vmf_contact_main/openpoints/cpp/pointops/__pycache__/__init__.cpython-310.pyc
/home/jetson/vmf/install/robot_grasping/lib/python3.10/site-packages/vmf_contact_main/openpoints/cpp/pointnet2_batch/__pycache__/setup.cpython-310.pyc
/home/jetson/vmf/install/robot_grasping/lib/python3.10/site-packages/vmf_contact_main/openpoints/cpp/pointnet2_batch/__pycache__/__init__.cpython-310.pyc
/home/jetson/vmf/install/robot_grasping/lib/python3.10/site-packages/vmf_contact_main/openpoints/cpp/pointops/functions/__pycache__/pointops.cpython-310.pyc
/home/jetson/vmf/install/robot_grasping/lib/python3.10/site-packages/vmf_contact_main/openpoints/cpp/pointops/functions/__pycache__/__init__.cpython-310.pyc
/home/jetson/vmf/install/robot_grasping/lib/python3.10/site-packages/vmf_contact_main/openpoints/cpp/pointops/src/__pycache__/__init__.cpython-310.pyc
/home/jetson/vmf/install/robot_grasping/lib/python3.10/site-packages/vmf_contact_main/openpoints/models/reconstruction/__pycache__/maskedpoint.cpython-310.pyc
/home/jetson/vmf/install/robot_grasping/lib/python3.10/site-packages/vmf_contact_main/openpoints/models/reconstruction/__pycache__/base_recontruct.cpython-310.pyc
/home/jetson/vmf/install/robot_grasping/lib/python3.10/site-packages/vmf_contact_main/openpoints/models/reconstruction/__pycache__/nodeshuffle.cpython-310.pyc
/home/jetson/vmf/install/robot_grasping/lib/python3.10/site-packages/vmf_contact_main/openpoints/models/reconstruction/__pycache__/maskedpointvit.cpython-310.pyc
/home/jetson/vmf/install/robot_grasping/lib/python3.10/site-packages/vmf_contact_main/openpoints/models/reconstruction/__pycache__/maskedpointgroup.cpython-310.pyc
/home/jetson/vmf/install/robot_grasping/lib/python3.10/site-packages/vmf_contact_main/openpoints/models/reconstruction/__pycache__/__init__.cpython-310.pyc
/home/jetson/vmf/install/robot_grasping/lib/python3.10/site-packages/vmf_contact_main/openpoints/models/grasp/__pycache__/vit_grasp.cpython-310.pyc
/home/jetson/vmf/install/robot_grasping/lib/python3.10/site-packages/vmf_contact_main/openpoints/models/grasp/__pycache__/base_grasp.cpython-310.pyc
/home/jetson/vmf/install/robot_grasping/lib/python3.10/site-packages/vmf_contact_main/openpoints/models/grasp/__pycache__/__init__.cpython-310.pyc
/home/jetson/vmf/install/robot_grasping/lib/python3.10/site-packages/vmf_contact_main/openpoints/models/classification/__pycache__/cls_base.cpython-310.pyc
/home/jetson/vmf/install/robot_grasping/lib/python3.10/site-packages/vmf_contact_main/openpoints/models/classification/__pycache__/point_bert.cpython-310.pyc
/home/jetson/vmf/install/robot_grasping/lib/python3.10/site-packages/vmf_contact_main/openpoints/models/classification/__pycache__/__init__.cpython-310.pyc
/home/jetson/vmf/install/robot_grasping/lib/python3.10/site-packages/vmf_contact_main/openpoints/models/layers/__pycache__/graph_conv.cpython-310.pyc
/home/jetson/vmf/install/robot_grasping/lib/python3.10/site-packages/vmf_contact_main/openpoints/models/layers/__pycache__/attention.cpython-310.pyc
/home/jetson/vmf/install/robot_grasping/lib/python3.10/site-packages/vmf_contact_main/openpoints/models/layers/__pycache__/weight_init.cpython-310.pyc
/home/jetson/vmf/install/robot_grasping/lib/python3.10/site-packages/vmf_contact_main/openpoints/models/layers/__pycache__/patch_embed.cpython-310.pyc
/home/jetson/vmf/install/robot_grasping/lib/python3.10/site-packages/vmf_contact_main/openpoints/models/layers/__pycache__/local_aggregation.cpython-310.pyc
/home/jetson/vmf/install/robot_grasping/lib/python3.10/site-packages/vmf_contact_main/openpoints/models/layers/__pycache__/knn.cpython-310.pyc
/home/jetson/vmf/install/robot_grasping/lib/python3.10/site-packages/vmf_contact_main/openpoints/models/layers/__pycache__/activation.cpython-310.pyc
/home/jetson/vmf/install/robot_grasping/lib/python3.10/site-packages/vmf_contact_main/openpoints/models/layers/__pycache__/helpers.cpython-310.pyc
/home/jetson/vmf/install/robot_grasping/lib/python3.10/site-packages/vmf_contact_main/openpoints/models/layers/__pycache__/registry.cpython-310.pyc
/home/jetson/vmf/install/robot_grasping/lib/python3.10/site-packages/vmf_contact_main/openpoints/models/layers/__pycache__/group_embed.cpython-310.pyc
/home/jetson/vmf/install/robot_grasping/lib/python3.10/site-packages/vmf_contact_main/openpoints/models/layers/__pycache__/padding.cpython-310.pyc
/home/jetson/vmf/install/robot_grasping/lib/python3.10/site-packages/vmf_contact_main/openpoints/models/layers/__pycache__/group.cpython-310.pyc
/home/jetson/vmf/install/robot_grasping/lib/python3.10/site-packages/vmf_contact_main/openpoints/models/layers/__pycache__/norm.cpython-310.pyc
/home/jetson/vmf/install/robot_grasping/lib/python3.10/site-packages/vmf_contact_main/openpoints/models/layers/__pycache__/mlp.cpython-310.pyc
/home/jetson/vmf/install/robot_grasping/lib/python3.10/site-packages/vmf_contact_main/openpoints/models/layers/__pycache__/conv.cpython-310.pyc
/home/jetson/vmf/install/robot_grasping/lib/python3.10/site-packages/vmf_contact_main/openpoints/models/layers/__pycache__/subsample.cpython-310.pyc
/home/jetson/vmf/install/robot_grasping/lib/python3.10/site-packages/vmf_contact_main/openpoints/models/layers/__pycache__/kmeans.cpython-310.pyc
/home/jetson/vmf/install/robot_grasping/lib/python3.10/site-packages/vmf_contact_main/openpoints/models/layers/__pycache__/upsampling.cpython-310.pyc
/home/jetson/vmf/install/robot_grasping/lib/python3.10/site-packages/vmf_contact_main/openpoints/models/layers/__pycache__/__init__.cpython-310.pyc
/home/jetson/vmf/install/robot_grasping/lib/python3.10/site-packages/vmf_contact_main/openpoints/models/layers/__pycache__/drop.cpython-310.pyc
/home/jetson/vmf/install/robot_grasping/lib/python3.10/site-packages/vmf_contact_main/openpoints/models/backbone/__pycache__/spotr.cpython-310.pyc
/home/jetson/vmf/install/robot_grasping/lib/python3.10/site-packages/vmf_contact_main/openpoints/models/backbone/__pycache__/Stratified_transformer.cpython-310.pyc
/home/jetson/vmf/install/robot_grasping/lib/python3.10/site-packages/vmf_contact_main/openpoints/models/backbone/__pycache__/graphvit3d.cpython-310.pyc
/home/jetson/vmf/install/robot_grasping/lib/python3.10/site-packages/vmf_contact_main/openpoints/models/backbone/__pycache__/randlenet.cpython-310.pyc
/home/jetson/vmf/install/robot_grasping/lib/python3.10/site-packages/vmf_contact_main/openpoints/models/backbone/__pycache__/simpleview.cpython-310.pyc
/home/jetson/vmf/install/robot_grasping/lib/python3.10/site-packages/vmf_contact_main/openpoints/models/backbone/__pycache__/baafnet.cpython-310.pyc
/home/jetson/vmf/install/robot_grasping/lib/python3.10/site-packages/vmf_contact_main/openpoints/models/backbone/__pycache__/deepgcn.cpython-310.pyc
/home/jetson/vmf/install/robot_grasping/lib/python3.10/site-packages/vmf_contact_main/openpoints/models/backbone/__pycache__/grouppointnet.cpython-310.pyc
/home/jetson/vmf/install/robot_grasping/lib/python3.10/site-packages/vmf_contact_main/openpoints/models/backbone/__pycache__/simpleview_util.cpython-310.pyc
/home/jetson/vmf/install/robot_grasping/lib/python3.10/site-packages/vmf_contact_main/openpoints/models/backbone/__pycache__/pointvit.cpython-310.pyc
/home/jetson/vmf/install/robot_grasping/lib/python3.10/site-packages/vmf_contact_main/openpoints/models/backbone/__pycache__/dgcnn.cpython-310.pyc
/home/jetson/vmf/install/robot_grasping/lib/python3.10/site-packages/vmf_contact_main/openpoints/models/backbone/__pycache__/ball_dgcnn.cpython-310.pyc
/home/jetson/vmf/install/robot_grasping/lib/python3.10/site-packages/vmf_contact_main/openpoints/models/backbone/__pycache__/pointnextPyG.cpython-310.pyc
/home/jetson/vmf/install/robot_grasping/lib/python3.10/site-packages/vmf_contact_main/openpoints/models/backbone/__pycache__/pointvit_inv_old.cpython-310.pyc
/home/jetson/vmf/install/robot_grasping/lib/python3.10/site-packages/vmf_contact_main/openpoints/models/backbone/__pycache__/pointvector.cpython-310.pyc
/home/jetson/vmf/install/robot_grasping/lib/python3.10/site-packages/vmf_contact_main/openpoints/models/backbone/__pycache__/pointmlp.cpython-310.pyc
/home/jetson/vmf/install/robot_grasping/lib/python3.10/site-packages/vmf_contact_main/openpoints/models/backbone/__pycache__/pointnet.cpython-310.pyc
/home/jetson/vmf/install/robot_grasping/lib/python3.10/site-packages/vmf_contact_main/openpoints/models/backbone/__pycache__/pct.cpython-310.pyc
/home/jetson/vmf/install/robot_grasping/lib/python3.10/site-packages/vmf_contact_main/openpoints/models/backbone/__pycache__/debug_invvit.cpython-310.pyc
/home/jetson/vmf/install/robot_grasping/lib/python3.10/site-packages/vmf_contact_main/openpoints/models/backbone/__pycache__/pointnext.cpython-310.pyc
/home/jetson/vmf/install/robot_grasping/lib/python3.10/site-packages/vmf_contact_main/openpoints/models/backbone/__pycache__/curvenet.cpython-310.pyc
/home/jetson/vmf/install/robot_grasping/lib/python3.10/site-packages/vmf_contact_main/openpoints/models/backbone/__pycache__/pointtransformer.cpython-310.pyc
/home/jetson/vmf/install/robot_grasping/lib/python3.10/site-packages/vmf_contact_main/openpoints/models/backbone/__pycache__/resnet.cpython-310.pyc
/home/jetson/vmf/install/robot_grasping/lib/python3.10/site-packages/vmf_contact_main/openpoints/models/backbone/__pycache__/pointnetv2.cpython-310.pyc
/home/jetson/vmf/install/robot_grasping/lib/python3.10/site-packages/vmf_contact_main/openpoints/models/backbone/__pycache__/__init__.cpython-310.pyc
/home/jetson/vmf/install/robot_grasping/lib/python3.10/site-packages/vmf_contact_main/openpoints/models/backbone/__pycache__/pointvit_inv.cpython-310.pyc
/home/jetson/vmf/install/robot_grasping/lib/python3.10/site-packages/vmf_contact_main/openpoints/models/segmentation/__pycache__/base_seg.cpython-310.pyc
/home/jetson/vmf/install/robot_grasping/lib/python3.10/site-packages/vmf_contact_main/openpoints/models/segmentation/__pycache__/vit_seg.cpython-310.pyc
/home/jetson/vmf/install/robot_grasping/lib/python3.10/site-packages/vmf_contact_main/openpoints/models/segmentation/__pycache__/__init__.cpython-310.pyc
/home/jetson/vmf/install/robot_grasping/lib/python3.10/site-packages/vmf_contact_main/openpoints/dataset/pcqm4m/__pycache__/data.cpython-310.pyc
/home/jetson/vmf/install/robot_grasping/lib/python3.10/site-packages/vmf_contact_main/openpoints/dataset/pcqm4m/__pycache__/__init__.cpython-310.pyc
/home/jetson/vmf/install/robot_grasping/lib/python3.10/site-packages/vmf_contact_main/openpoints/dataset/graph_dataset/__pycache__/svd_encodings_dataset.cpython-310.pyc
/home/jetson/vmf/install/robot_grasping/lib/python3.10/site-packages/vmf_contact_main/openpoints/dataset/graph_dataset/__pycache__/structural_dataset.cpython-310.pyc
/home/jetson/vmf/install/robot_grasping/lib/python3.10/site-packages/vmf_contact_main/openpoints/dataset/graph_dataset/__pycache__/stack_with_pad.cpython-310.pyc
/home/jetson/vmf/install/robot_grasping/lib/python3.10/site-packages/vmf_contact_main/openpoints/dataset/graph_dataset/__pycache__/graph_dataset.cpython-310.pyc
/home/jetson/vmf/install/robot_grasping/lib/python3.10/site-packages/vmf_contact_main/openpoints/dataset/graph_dataset/__pycache__/__init__.cpython-310.pyc
/home/jetson/vmf/install/robot_grasping/lib/python3.10/site-packages/vmf_contact_main/openpoints/dataset/pcqm4mv2/__pycache__/data.cpython-310.pyc
/home/jetson/vmf/install/robot_grasping/lib/python3.10/site-packages/vmf_contact_main/openpoints/dataset/pcqm4mv2/__pycache__/__init__.cpython-310.pyc
/home/jetson/vmf/install/robot_grasping/lib/python3.10/site-packages/vmf_contact_main/openpoints/dataset/atom3d/__pycache__/psr.cpython-310.pyc
/home/jetson/vmf/install/robot_grasping/lib/python3.10/site-packages/vmf_contact_main/openpoints/dataset/atom3d/__pycache__/__init__.cpython-310.pyc
/home/jetson/vmf/install/robot_grasping/lib/python3.10/site-packages/vmf_contact_main/openpoints/dataset/s3dis/__pycache__/s3dis.cpython-310.pyc
/home/jetson/vmf/install/robot_grasping/lib/python3.10/site-packages/vmf_contact_main/openpoints/dataset/s3dis/__pycache__/s3dis_sphere.cpython-310.pyc
/home/jetson/vmf/install/robot_grasping/lib/python3.10/site-packages/vmf_contact_main/openpoints/dataset/s3dis/__pycache__/s3dis_block.cpython-310.pyc
/home/jetson/vmf/install/robot_grasping/lib/python3.10/site-packages/vmf_contact_main/openpoints/dataset/s3dis/__pycache__/__init__.cpython-310.pyc
/home/jetson/vmf/install/robot_grasping/lib/python3.10/site-packages/vmf_contact_main/openpoints/dataset/shapenetpart/__pycache__/shapenetpart.cpython-310.pyc
/home/jetson/vmf/install/robot_grasping/lib/python3.10/site-packages/vmf_contact_main/openpoints/dataset/shapenetpart/__pycache__/shapenet55.cpython-310.pyc
/home/jetson/vmf/install/robot_grasping/lib/python3.10/site-packages/vmf_contact_main/openpoints/dataset/shapenetpart/__pycache__/__init__.cpython-310.pyc
/home/jetson/vmf/install/robot_grasping/lib/python3.10/site-packages/vmf_contact_main/openpoints/dataset/modelnet/__pycache__/modelnet40_normal_resampled_loader.cpython-310.pyc
/home/jetson/vmf/install/robot_grasping/lib/python3.10/site-packages/vmf_contact_main/openpoints/dataset/modelnet/__pycache__/modelnet40_ply_2048_loader.cpython-310.pyc
/home/jetson/vmf/install/robot_grasping/lib/python3.10/site-packages/vmf_contact_main/openpoints/dataset/modelnet/__pycache__/__init__.cpython-310.pyc
/home/jetson/vmf/install/robot_grasping/lib/python3.10/site-packages/vmf_contact_main/openpoints/dataset/shapenet/__pycache__/shapenetpart.cpython-310.pyc
/home/jetson/vmf/install/robot_grasping/lib/python3.10/site-packages/vmf_contact_main/openpoints/dataset/shapenet/__pycache__/shapenet55.cpython-310.pyc
/home/jetson/vmf/install/robot_grasping/lib/python3.10/site-packages/vmf_contact_main/openpoints/dataset/shapenet/__pycache__/__init__.cpython-310.pyc
/home/jetson/vmf/install/robot_grasping/lib/python3.10/site-packages/vmf_contact_main/openpoints/dataset/matterport3d/__pycache__/matterport3d_dataprocessing.cpython-310.pyc
/home/jetson/vmf/install/robot_grasping/lib/python3.10/site-packages/vmf_contact_main/openpoints/dataset/matterport3d/__pycache__/__init__.cpython-310.pyc
/home/jetson/vmf/install/robot_grasping/lib/python3.10/site-packages/vmf_contact_main/openpoints/dataset/matterport3d/__pycache__/matterport3d.cpython-310.pyc
/home/jetson/vmf/install/robot_grasping/lib/python3.10/site-packages/vmf_contact_main/openpoints/dataset/semantic_kitti/__pycache__/semantickitti.cpython-310.pyc
/home/jetson/vmf/install/robot_grasping/lib/python3.10/site-packages/vmf_contact_main/openpoints/dataset/semantic_kitti/__pycache__/helper_tool.cpython-310.pyc
/home/jetson/vmf/install/robot_grasping/lib/python3.10/site-packages/vmf_contact_main/openpoints/dataset/semantic_kitti/__pycache__/__init__.cpython-310.pyc
/home/jetson/vmf/install/robot_grasping/lib/python3.10/site-packages/vmf_contact_main/openpoints/dataset/molpcba/__pycache__/data.cpython-310.pyc
/home/jetson/vmf/install/robot_grasping/lib/python3.10/site-packages/vmf_contact_main/openpoints/dataset/molpcba/__pycache__/__init__.cpython-310.pyc
/home/jetson/vmf/install/robot_grasping/lib/python3.10/site-packages/vmf_contact_main/openpoints/dataset/scanobjectnn/__pycache__/scanobjectnn.cpython-310.pyc
/home/jetson/vmf/install/robot_grasping/lib/python3.10/site-packages/vmf_contact_main/openpoints/dataset/scanobjectnn/__pycache__/__init__.cpython-310.pyc
/home/jetson/vmf/install/robot_grasping/lib/python3.10/site-packages/vmf_contact_main/openpoints/dataset/molhiv/__pycache__/data.cpython-310.pyc
/home/jetson/vmf/install/robot_grasping/lib/python3.10/site-packages/vmf_contact_main/openpoints/dataset/molhiv/__pycache__/__init__.cpython-310.pyc
/home/jetson/vmf/install/robot_grasping/lib/python3.10/site-packages/vmf_contact_main/openpoints/dataset/parsers/__pycache__/parser_factory.cpython-310.pyc
/home/jetson/vmf/install/robot_grasping/lib/python3.10/site-packages/vmf_contact_main/openpoints/dataset/parsers/__pycache__/parser_image_tar.cpython-310.pyc
/home/jetson/vmf/install/robot_grasping/lib/python3.10/site-packages/vmf_contact_main/openpoints/dataset/parsers/__pycache__/parser_tfds.cpython-310.pyc
/home/jetson/vmf/install/robot_grasping/lib/python3.10/site-packages/vmf_contact_main/openpoints/dataset/parsers/__pycache__/parser_image_folder.cpython-310.pyc
/home/jetson/vmf/install/robot_grasping/lib/python3.10/site-packages/vmf_contact_main/openpoints/dataset/parsers/__pycache__/parser_image_in_tar.cpython-310.pyc
/home/jetson/vmf/install/robot_grasping/lib/python3.10/site-packages/vmf_contact_main/openpoints/dataset/parsers/__pycache__/constants.cpython-310.pyc
/home/jetson/vmf/install/robot_grasping/lib/python3.10/site-packages/vmf_contact_main/openpoints/dataset/parsers/__pycache__/parser.cpython-310.pyc
/home/jetson/vmf/install/robot_grasping/lib/python3.10/site-packages/vmf_contact_main/openpoints/dataset/parsers/__pycache__/class_map.cpython-310.pyc
/home/jetson/vmf/install/robot_grasping/lib/python3.10/site-packages/vmf_contact_main/openpoints/dataset/parsers/__pycache__/__init__.cpython-310.pyc
/home/jetson/vmf/install/robot_grasping/lib/python3.10/site-packages/vmf_contact_main/openpoints/dataset/scannetv2/__pycache__/scannet.cpython-310.pyc
/home/jetson/vmf/install/robot_grasping/lib/python3.10/site-packages/vmf_contact_main/openpoints/dataset/scannetv2/__pycache__/__init__.cpython-310.pyc
/home/jetson/vmf/install/robot_grasping/lib/python3.10/site-packages/openpoints/cpp/__pycache__/__init__.cpython-310.pyc
/home/jetson/vmf/install/robot_grasping/lib/python3.10/site-packages/openpoints/transforms/__pycache__/transforms_factory.cpython-310.pyc
/home/jetson/vmf/install/robot_grasping/lib/python3.10/site-packages/openpoints/transforms/__pycache__/point_transform_cpu.cpython-310.pyc
/home/jetson/vmf/install/robot_grasping/lib/python3.10/site-packages/openpoints/transforms/__pycache__/point_transformer_gpu.cpython-310.pyc
/home/jetson/vmf/install/robot_grasping/lib/python3.10/site-packages/openpoints/transforms/__pycache__/__init__.cpython-310.pyc
/home/jetson/vmf/install/robot_grasping/lib/python3.10/site-packages/openpoints/utils/__pycache__/wandb.cpython-310.pyc
/home/jetson/vmf/install/robot_grasping/lib/python3.10/site-packages/openpoints/utils/__pycache__/dist_utils.cpython-310.pyc
/home/jetson/vmf/install/robot_grasping/lib/python3.10/site-packages/openpoints/utils/__pycache__/registry.cpython-310.pyc
/home/jetson/vmf/install/robot_grasping/lib/python3.10/site-packages/openpoints/utils/__pycache__/metrics.cpython-310.pyc
/home/jetson/vmf/install/robot_grasping/lib/python3.10/site-packages/openpoints/utils/__pycache__/config.cpython-310.pyc
/home/jetson/vmf/install/robot_grasping/lib/python3.10/site-packages/openpoints/utils/__pycache__/ckpt_util.cpython-310.pyc
/home/jetson/vmf/install/robot_grasping/lib/python3.10/site-packages/openpoints/utils/__pycache__/random.cpython-310.pyc
/home/jetson/vmf/install/robot_grasping/lib/python3.10/site-packages/openpoints/utils/__pycache__/str2bool.cpython-310.pyc
/home/jetson/vmf/install/robot_grasping/lib/python3.10/site-packages/openpoints/utils/__pycache__/__init__.cpython-310.pyc
/home/jetson/vmf/install/robot_grasping/lib/python3.10/site-packages/openpoints/utils/__pycache__/logger.cpython-310.pyc
/home/jetson/vmf/install/robot_grasping/lib/python3.10/site-packages/openpoints/models/__pycache__/build.cpython-310.pyc
/home/jetson/vmf/install/robot_grasping/lib/python3.10/site-packages/openpoints/models/__pycache__/registry.cpython-310.pyc
/home/jetson/vmf/install/robot_grasping/lib/python3.10/site-packages/openpoints/models/__pycache__/__init__.cpython-310.pyc
/home/jetson/vmf/install/robot_grasping/lib/python3.10/site-packages/openpoints/scheduler/__pycache__/multistep_lr.cpython-310.pyc
/home/jetson/vmf/install/robot_grasping/lib/python3.10/site-packages/openpoints/scheduler/__pycache__/step_lr.cpython-310.pyc
/home/jetson/vmf/install/robot_grasping/lib/python3.10/site-packages/openpoints/scheduler/__pycache__/poly_lr.cpython-310.pyc
/home/jetson/vmf/install/robot_grasping/lib/python3.10/site-packages/openpoints/scheduler/__pycache__/plateau_lr.cpython-310.pyc
/home/jetson/vmf/install/robot_grasping/lib/python3.10/site-packages/openpoints/scheduler/__pycache__/scheduler_factory.cpython-310.pyc
/home/jetson/vmf/install/robot_grasping/lib/python3.10/site-packages/openpoints/scheduler/__pycache__/cosine_lr.cpython-310.pyc
/home/jetson/vmf/install/robot_grasping/lib/python3.10/site-packages/openpoints/scheduler/__pycache__/scheduler.cpython-310.pyc
/home/jetson/vmf/install/robot_grasping/lib/python3.10/site-packages/openpoints/scheduler/__pycache__/tanh_lr.cpython-310.pyc
/home/jetson/vmf/install/robot_grasping/lib/python3.10/site-packages/openpoints/scheduler/__pycache__/__init__.cpython-310.pyc
/home/jetson/vmf/install/robot_grasping/lib/python3.10/site-packages/openpoints/loss/__pycache__/cross_entropy.cpython-310.pyc
/home/jetson/vmf/install/robot_grasping/lib/python3.10/site-packages/openpoints/loss/__pycache__/build.cpython-310.pyc
/home/jetson/vmf/install/robot_grasping/lib/python3.10/site-packages/openpoints/loss/__pycache__/distill_loss.cpython-310.pyc
/home/jetson/vmf/install/robot_grasping/lib/python3.10/site-packages/openpoints/loss/__pycache__/__init__.cpython-310.pyc
/home/jetson/vmf/install/robot_grasping/lib/python3.10/site-packages/openpoints/dataset/__pycache__/dataset_base.cpython-310.pyc
/home/jetson/vmf/install/robot_grasping/lib/python3.10/site-packages/openpoints/dataset/__pycache__/build.cpython-310.pyc
/home/jetson/vmf/install/robot_grasping/lib/python3.10/site-packages/openpoints/dataset/__pycache__/data_util.cpython-310.pyc
/home/jetson/vmf/install/robot_grasping/lib/python3.10/site-packages/openpoints/dataset/__pycache__/vis2d.cpython-310.pyc
/home/jetson/vmf/install/robot_grasping/lib/python3.10/site-packages/openpoints/dataset/__pycache__/grid_sample.cpython-310.pyc
/home/jetson/vmf/install/robot_grasping/lib/python3.10/site-packages/openpoints/dataset/__pycache__/vis3d.cpython-310.pyc
/home/jetson/vmf/install/robot_grasping/lib/python3.10/site-packages/openpoints/dataset/__pycache__/datalist.cpython-310.pyc
/home/jetson/vmf/install/robot_grasping/lib/python3.10/site-packages/openpoints/dataset/__pycache__/__init__.cpython-310.pyc
/home/jetson/vmf/install/robot_grasping/lib/python3.10/site-packages/openpoints/optim/__pycache__/radam.cpython-310.pyc
/home/jetson/vmf/install/robot_grasping/lib/python3.10/site-packages/openpoints/optim/__pycache__/adafactor.cpython-310.pyc
/home/jetson/vmf/install/robot_grasping/lib/python3.10/site-packages/openpoints/optim/__pycache__/adamw.cpython-310.pyc
/home/jetson/vmf/install/robot_grasping/lib/python3.10/site-packages/openpoints/optim/__pycache__/sgdp.cpython-310.pyc
/home/jetson/vmf/install/robot_grasping/lib/python3.10/site-packages/openpoints/optim/__pycache__/rmsprop_tf.cpython-310.pyc
/home/jetson/vmf/install/robot_grasping/lib/python3.10/site-packages/openpoints/optim/__pycache__/optim_factory.cpython-310.pyc
/home/jetson/vmf/install/robot_grasping/lib/python3.10/site-packages/openpoints/optim/__pycache__/lars.cpython-310.pyc
/home/jetson/vmf/install/robot_grasping/lib/python3.10/site-packages/openpoints/optim/__pycache__/adahessian.cpython-310.pyc
/home/jetson/vmf/install/robot_grasping/lib/python3.10/site-packages/openpoints/optim/__pycache__/lookahead.cpython-310.pyc
/home/jetson/vmf/install/robot_grasping/lib/python3.10/site-packages/openpoints/optim/__pycache__/nadam.cpython-310.pyc
/home/jetson/vmf/install/robot_grasping/lib/python3.10/site-packages/openpoints/optim/__pycache__/adamp.cpython-310.pyc
/home/jetson/vmf/install/robot_grasping/lib/python3.10/site-packages/openpoints/optim/__pycache__/adabelief.cpython-310.pyc
/home/jetson/vmf/install/robot_grasping/lib/python3.10/site-packages/openpoints/optim/__pycache__/lamb.cpython-310.pyc
/home/jetson/vmf/install/robot_grasping/lib/python3.10/site-packages/openpoints/optim/__pycache__/__init__.cpython-310.pyc
/home/jetson/vmf/install/robot_grasping/lib/python3.10/site-packages/openpoints/optim/__pycache__/madgrad.cpython-310.pyc
/home/jetson/vmf/install/robot_grasping/lib/python3.10/site-packages/openpoints/optim/__pycache__/nvnovograd.cpython-310.pyc
/home/jetson/vmf/install/robot_grasping/lib/python3.10/site-packages/openpoints/cpp/emd/__pycache__/setup.cpython-310.pyc
/home/jetson/vmf/install/robot_grasping/lib/python3.10/site-packages/openpoints/cpp/emd/__pycache__/test_emd_loss.cpython-310.pyc
/home/jetson/vmf/install/robot_grasping/lib/python3.10/site-packages/openpoints/cpp/emd/__pycache__/emd.cpython-310.pyc
/home/jetson/vmf/install/robot_grasping/lib/python3.10/site-packages/openpoints/cpp/emd/__pycache__/__init__.cpython-310.pyc
/home/jetson/vmf/install/robot_grasping/lib/python3.10/site-packages/openpoints/cpp/chamfer_dist/__pycache__/setup.cpython-310.pyc
/home/jetson/vmf/install/robot_grasping/lib/python3.10/site-packages/openpoints/cpp/chamfer_dist/__pycache__/test.cpython-310.pyc
/home/jetson/vmf/install/robot_grasping/lib/python3.10/site-packages/openpoints/cpp/chamfer_dist/__pycache__/__init__.cpython-310.pyc
/home/jetson/vmf/install/robot_grasping/lib/python3.10/site-packages/openpoints/cpp/pointops/__pycache__/setup.cpython-310.pyc
/home/jetson/vmf/install/robot_grasping/lib/python3.10/site-packages/openpoints/cpp/pointops/__pycache__/__init__.cpython-310.pyc
/home/jetson/vmf/install/robot_grasping/lib/python3.10/site-packages/openpoints/cpp/pointnet2_batch/__pycache__/setup.cpython-310.pyc
/home/jetson/vmf/install/robot_grasping/lib/python3.10/site-packages/openpoints/cpp/pointnet2_batch/__pycache__/__init__.cpython-310.pyc
/home/jetson/vmf/install/robot_grasping/lib/python3.10/site-packages/openpoints/cpp/pointops/functions/__pycache__/pointops.cpython-310.pyc
/home/jetson/vmf/install/robot_grasping/lib/python3.10/site-packages/openpoints/cpp/pointops/functions/__pycache__/__init__.cpython-310.pyc
/home/jetson/vmf/install/robot_grasping/lib/python3.10/site-packages/openpoints/cpp/pointops/src/__pycache__/__init__.cpython-310.pyc
/home/jetson/vmf/install/robot_grasping/lib/python3.10/site-packages/openpoints/models/reconstruction/__pycache__/maskedpoint.cpython-310.pyc
/home/jetson/vmf/install/robot_grasping/lib/python3.10/site-packages/openpoints/models/reconstruction/__pycache__/base_recontruct.cpython-310.pyc
/home/jetson/vmf/install/robot_grasping/lib/python3.10/site-packages/openpoints/models/reconstruction/__pycache__/nodeshuffle.cpython-310.pyc
/home/jetson/vmf/install/robot_grasping/lib/python3.10/site-packages/openpoints/models/reconstruction/__pycache__/maskedpointvit.cpython-310.pyc
/home/jetson/vmf/install/robot_grasping/lib/python3.10/site-packages/openpoints/models/reconstruction/__pycache__/maskedpointgroup.cpython-310.pyc
/home/jetson/vmf/install/robot_grasping/lib/python3.10/site-packages/openpoints/models/reconstruction/__pycache__/__init__.cpython-310.pyc
/home/jetson/vmf/install/robot_grasping/lib/python3.10/site-packages/openpoints/models/grasp/__pycache__/vit_grasp.cpython-310.pyc
/home/jetson/vmf/install/robot_grasping/lib/python3.10/site-packages/openpoints/models/grasp/__pycache__/base_grasp.cpython-310.pyc
/home/jetson/vmf/install/robot_grasping/lib/python3.10/site-packages/openpoints/models/grasp/__pycache__/__init__.cpython-310.pyc
/home/jetson/vmf/install/robot_grasping/lib/python3.10/site-packages/openpoints/models/classification/__pycache__/cls_base.cpython-310.pyc
/home/jetson/vmf/install/robot_grasping/lib/python3.10/site-packages/openpoints/models/classification/__pycache__/point_bert.cpython-310.pyc
/home/jetson/vmf/install/robot_grasping/lib/python3.10/site-packages/openpoints/models/classification/__pycache__/__init__.cpython-310.pyc
/home/jetson/vmf/install/robot_grasping/lib/python3.10/site-packages/openpoints/models/layers/__pycache__/graph_conv.cpython-310.pyc
/home/jetson/vmf/install/robot_grasping/lib/python3.10/site-packages/openpoints/models/layers/__pycache__/attention.cpython-310.pyc
/home/jetson/vmf/install/robot_grasping/lib/python3.10/site-packages/openpoints/models/layers/__pycache__/weight_init.cpython-310.pyc
/home/jetson/vmf/install/robot_grasping/lib/python3.10/site-packages/openpoints/models/layers/__pycache__/patch_embed.cpython-310.pyc
/home/jetson/vmf/install/robot_grasping/lib/python3.10/site-packages/openpoints/models/layers/__pycache__/local_aggregation.cpython-310.pyc
/home/jetson/vmf/install/robot_grasping/lib/python3.10/site-packages/openpoints/models/layers/__pycache__/knn.cpython-310.pyc
/home/jetson/vmf/install/robot_grasping/lib/python3.10/site-packages/openpoints/models/layers/__pycache__/activation.cpython-310.pyc
/home/jetson/vmf/install/robot_grasping/lib/python3.10/site-packages/openpoints/models/layers/__pycache__/helpers.cpython-310.pyc
/home/jetson/vmf/install/robot_grasping/lib/python3.10/site-packages/openpoints/models/layers/__pycache__/registry.cpython-310.pyc
/home/jetson/vmf/install/robot_grasping/lib/python3.10/site-packages/openpoints/models/layers/__pycache__/group_embed.cpython-310.pyc
/home/jetson/vmf/install/robot_grasping/lib/python3.10/site-packages/openpoints/models/layers/__pycache__/padding.cpython-310.pyc
/home/jetson/vmf/install/robot_grasping/lib/python3.10/site-packages/openpoints/models/layers/__pycache__/group.cpython-310.pyc
/home/jetson/vmf/install/robot_grasping/lib/python3.10/site-packages/openpoints/models/layers/__pycache__/norm.cpython-310.pyc
/home/jetson/vmf/install/robot_grasping/lib/python3.10/site-packages/openpoints/models/layers/__pycache__/mlp.cpython-310.pyc
/home/jetson/vmf/install/robot_grasping/lib/python3.10/site-packages/openpoints/models/layers/__pycache__/conv.cpython-310.pyc
/home/jetson/vmf/install/robot_grasping/lib/python3.10/site-packages/openpoints/models/layers/__pycache__/subsample.cpython-310.pyc
/home/jetson/vmf/install/robot_grasping/lib/python3.10/site-packages/openpoints/models/layers/__pycache__/kmeans.cpython-310.pyc
/home/jetson/vmf/install/robot_grasping/lib/python3.10/site-packages/openpoints/models/layers/__pycache__/upsampling.cpython-310.pyc
/home/jetson/vmf/install/robot_grasping/lib/python3.10/site-packages/openpoints/models/layers/__pycache__/__init__.cpython-310.pyc
/home/jetson/vmf/install/robot_grasping/lib/python3.10/site-packages/openpoints/models/layers/__pycache__/drop.cpython-310.pyc
/home/jetson/vmf/install/robot_grasping/lib/python3.10/site-packages/openpoints/models/backbone/__pycache__/spotr.cpython-310.pyc
/home/jetson/vmf/install/robot_grasping/lib/python3.10/site-packages/openpoints/models/backbone/__pycache__/Stratified_transformer.cpython-310.pyc
/home/jetson/vmf/install/robot_grasping/lib/python3.10/site-packages/openpoints/models/backbone/__pycache__/graphvit3d.cpython-310.pyc
/home/jetson/vmf/install/robot_grasping/lib/python3.10/site-packages/openpoints/models/backbone/__pycache__/randlenet.cpython-310.pyc
/home/jetson/vmf/install/robot_grasping/lib/python3.10/site-packages/openpoints/models/backbone/__pycache__/simpleview.cpython-310.pyc
/home/jetson/vmf/install/robot_grasping/lib/python3.10/site-packages/openpoints/models/backbone/__pycache__/baafnet.cpython-310.pyc
/home/jetson/vmf/install/robot_grasping/lib/python3.10/site-packages/openpoints/models/backbone/__pycache__/deepgcn.cpython-310.pyc
/home/jetson/vmf/install/robot_grasping/lib/python3.10/site-packages/openpoints/models/backbone/__pycache__/grouppointnet.cpython-310.pyc
/home/jetson/vmf/install/robot_grasping/lib/python3.10/site-packages/openpoints/models/backbone/__pycache__/simpleview_util.cpython-310.pyc
/home/jetson/vmf/install/robot_grasping/lib/python3.10/site-packages/openpoints/models/backbone/__pycache__/pointvit.cpython-310.pyc
/home/jetson/vmf/install/robot_grasping/lib/python3.10/site-packages/openpoints/models/backbone/__pycache__/dgcnn.cpython-310.pyc
/home/jetson/vmf/install/robot_grasping/lib/python3.10/site-packages/openpoints/models/backbone/__pycache__/ball_dgcnn.cpython-310.pyc
/home/jetson/vmf/install/robot_grasping/lib/python3.10/site-packages/openpoints/models/backbone/__pycache__/pointnextPyG.cpython-310.pyc
/home/jetson/vmf/install/robot_grasping/lib/python3.10/site-packages/openpoints/models/backbone/__pycache__/pointvit_inv_old.cpython-310.pyc
/home/jetson/vmf/install/robot_grasping/lib/python3.10/site-packages/openpoints/models/backbone/__pycache__/pointvector.cpython-310.pyc
/home/jetson/vmf/install/robot_grasping/lib/python3.10/site-packages/openpoints/models/backbone/__pycache__/pointmlp.cpython-310.pyc
/home/jetson/vmf/install/robot_grasping/lib/python3.10/site-packages/openpoints/models/backbone/__pycache__/pointnet.cpython-310.pyc
/home/jetson/vmf/install/robot_grasping/lib/python3.10/site-packages/openpoints/models/backbone/__pycache__/pct.cpython-310.pyc
/home/jetson/vmf/install/robot_grasping/lib/python3.10/site-packages/openpoints/models/backbone/__pycache__/debug_invvit.cpython-310.pyc
/home/jetson/vmf/install/robot_grasping/lib/python3.10/site-packages/openpoints/models/backbone/__pycache__/pointnext.cpython-310.pyc
/home/jetson/vmf/install/robot_grasping/lib/python3.10/site-packages/openpoints/models/backbone/__pycache__/curvenet.cpython-310.pyc
/home/jetson/vmf/install/robot_grasping/lib/python3.10/site-packages/openpoints/models/backbone/__pycache__/pointtransformer.cpython-310.pyc
/home/jetson/vmf/install/robot_grasping/lib/python3.10/site-packages/openpoints/models/backbone/__pycache__/resnet.cpython-310.pyc
/home/jetson/vmf/install/robot_grasping/lib/python3.10/site-packages/openpoints/models/backbone/__pycache__/pointnetv2.cpython-310.pyc
/home/jetson/vmf/install/robot_grasping/lib/python3.10/site-packages/openpoints/models/backbone/__pycache__/__init__.cpython-310.pyc
/home/jetson/vmf/install/robot_grasping/lib/python3.10/site-packages/openpoints/models/backbone/__pycache__/pointvit_inv.cpython-310.pyc
/home/jetson/vmf/install/robot_grasping/lib/python3.10/site-packages/openpoints/models/segmentation/__pycache__/base_seg.cpython-310.pyc
/home/jetson/vmf/install/robot_grasping/lib/python3.10/site-packages/openpoints/models/segmentation/__pycache__/vit_seg.cpython-310.pyc
/home/jetson/vmf/install/robot_grasping/lib/python3.10/site-packages/openpoints/models/segmentation/__pycache__/__init__.cpython-310.pyc
/home/jetson/vmf/install/robot_grasping/lib/python3.10/site-packages/openpoints/dataset/pcqm4m/__pycache__/data.cpython-310.pyc
/home/jetson/vmf/install/robot_grasping/lib/python3.10/site-packages/openpoints/dataset/pcqm4m/__pycache__/__init__.cpython-310.pyc
/home/jetson/vmf/install/robot_grasping/lib/python3.10/site-packages/openpoints/dataset/graph_dataset/__pycache__/svd_encodings_dataset.cpython-310.pyc
/home/jetson/vmf/install/robot_grasping/lib/python3.10/site-packages/openpoints/dataset/graph_dataset/__pycache__/structural_dataset.cpython-310.pyc
/home/jetson/vmf/install/robot_grasping/lib/python3.10/site-packages/openpoints/dataset/graph_dataset/__pycache__/stack_with_pad.cpython-310.pyc
/home/jetson/vmf/install/robot_grasping/lib/python3.10/site-packages/openpoints/dataset/graph_dataset/__pycache__/graph_dataset.cpython-310.pyc
/home/jetson/vmf/install/robot_grasping/lib/python3.10/site-packages/openpoints/dataset/graph_dataset/__pycache__/__init__.cpython-310.pyc
/home/jetson/vmf/install/robot_grasping/lib/python3.10/site-packages/openpoints/dataset/pcqm4mv2/__pycache__/data.cpython-310.pyc
/home/jetson/vmf/install/robot_grasping/lib/python3.10/site-packages/openpoints/dataset/pcqm4mv2/__pycache__/__init__.cpython-310.pyc
/home/jetson/vmf/install/robot_grasping/lib/python3.10/site-packages/openpoints/dataset/atom3d/__pycache__/psr.cpython-310.pyc
/home/jetson/vmf/install/robot_grasping/lib/python3.10/site-packages/openpoints/dataset/atom3d/__pycache__/__init__.cpython-310.pyc
/home/jetson/vmf/install/robot_grasping/lib/python3.10/site-packages/openpoints/dataset/s3dis/__pycache__/s3dis.cpython-310.pyc
/home/jetson/vmf/install/robot_grasping/lib/python3.10/site-packages/openpoints/dataset/s3dis/__pycache__/s3dis_sphere.cpython-310.pyc
/home/jetson/vmf/install/robot_grasping/lib/python3.10/site-packages/openpoints/dataset/s3dis/__pycache__/s3dis_block.cpython-310.pyc
/home/jetson/vmf/install/robot_grasping/lib/python3.10/site-packages/openpoints/dataset/s3dis/__pycache__/__init__.cpython-310.pyc
/home/jetson/vmf/install/robot_grasping/lib/python3.10/site-packages/openpoints/dataset/shapenetpart/__pycache__/shapenetpart.cpython-310.pyc
/home/jetson/vmf/install/robot_grasping/lib/python3.10/site-packages/openpoints/dataset/shapenetpart/__pycache__/shapenet55.cpython-310.pyc
/home/jetson/vmf/install/robot_grasping/lib/python3.10/site-packages/openpoints/dataset/shapenetpart/__pycache__/__init__.cpython-310.pyc
/home/jetson/vmf/install/robot_grasping/lib/python3.10/site-packages/openpoints/dataset/modelnet/__pycache__/modelnet40_normal_resampled_loader.cpython-310.pyc
/home/jetson/vmf/install/robot_grasping/lib/python3.10/site-packages/openpoints/dataset/modelnet/__pycache__/modelnet40_ply_2048_loader.cpython-310.pyc
/home/jetson/vmf/install/robot_grasping/lib/python3.10/site-packages/openpoints/dataset/modelnet/__pycache__/__init__.cpython-310.pyc
/home/jetson/vmf/install/robot_grasping/lib/python3.10/site-packages/openpoints/dataset/shapenet/__pycache__/shapenetpart.cpython-310.pyc
/home/jetson/vmf/install/robot_grasping/lib/python3.10/site-packages/openpoints/dataset/shapenet/__pycache__/shapenet55.cpython-310.pyc
/home/jetson/vmf/install/robot_grasping/lib/python3.10/site-packages/openpoints/dataset/shapenet/__pycache__/__init__.cpython-310.pyc
/home/jetson/vmf/install/robot_grasping/lib/python3.10/site-packages/openpoints/dataset/matterport3d/__pycache__/matterport3d_dataprocessing.cpython-310.pyc
/home/jetson/vmf/install/robot_grasping/lib/python3.10/site-packages/openpoints/dataset/matterport3d/__pycache__/__init__.cpython-310.pyc
/home/jetson/vmf/install/robot_grasping/lib/python3.10/site-packages/openpoints/dataset/matterport3d/__pycache__/matterport3d.cpython-310.pyc
/home/jetson/vmf/install/robot_grasping/lib/python3.10/site-packages/openpoints/dataset/semantic_kitti/__pycache__/semantickitti.cpython-310.pyc
/home/jetson/vmf/install/robot_grasping/lib/python3.10/site-packages/openpoints/dataset/semantic_kitti/__pycache__/helper_tool.cpython-310.pyc
/home/jetson/vmf/install/robot_grasping/lib/python3.10/site-packages/openpoints/dataset/semantic_kitti/__pycache__/__init__.cpython-310.pyc
/home/jetson/vmf/install/robot_grasping/lib/python3.10/site-packages/openpoints/dataset/molpcba/__pycache__/data.cpython-310.pyc
/home/jetson/vmf/install/robot_grasping/lib/python3.10/site-packages/openpoints/dataset/molpcba/__pycache__/__init__.cpython-310.pyc
/home/jetson/vmf/install/robot_grasping/lib/python3.10/site-packages/openpoints/dataset/scanobjectnn/__pycache__/scanobjectnn.cpython-310.pyc
/home/jetson/vmf/install/robot_grasping/lib/python3.10/site-packages/openpoints/dataset/scanobjectnn/__pycache__/__init__.cpython-310.pyc
/home/jetson/vmf/install/robot_grasping/lib/python3.10/site-packages/openpoints/dataset/molhiv/__pycache__/data.cpython-310.pyc
/home/jetson/vmf/install/robot_grasping/lib/python3.10/site-packages/openpoints/dataset/molhiv/__pycache__/__init__.cpython-310.pyc
/home/jetson/vmf/install/robot_grasping/lib/python3.10/site-packages/openpoints/dataset/parsers/__pycache__/parser_factory.cpython-310.pyc
/home/jetson/vmf/install/robot_grasping/lib/python3.10/site-packages/openpoints/dataset/parsers/__pycache__/parser_image_tar.cpython-310.pyc
/home/jetson/vmf/install/robot_grasping/lib/python3.10/site-packages/openpoints/dataset/parsers/__pycache__/parser_tfds.cpython-310.pyc
/home/jetson/vmf/install/robot_grasping/lib/python3.10/site-packages/openpoints/dataset/parsers/__pycache__/parser_image_folder.cpython-310.pyc
/home/jetson/vmf/install/robot_grasping/lib/python3.10/site-packages/openpoints/dataset/parsers/__pycache__/parser_image_in_tar.cpython-310.pyc
/home/jetson/vmf/install/robot_grasping/lib/python3.10/site-packages/openpoints/dataset/parsers/__pycache__/constants.cpython-310.pyc
/home/jetson/vmf/install/robot_grasping/lib/python3.10/site-packages/openpoints/dataset/parsers/__pycache__/parser.cpython-310.pyc
/home/jetson/vmf/install/robot_grasping/lib/python3.10/site-packages/openpoints/dataset/parsers/__pycache__/class_map.cpython-310.pyc
/home/jetson/vmf/install/robot_grasping/lib/python3.10/site-packages/openpoints/dataset/parsers/__pycache__/__init__.cpython-310.pyc
/home/jetson/vmf/install/robot_grasping/lib/python3.10/site-packages/openpoints/dataset/scannetv2/__pycache__/scannet.cpython-310.pyc
/home/jetson/vmf/install/robot_grasping/lib/python3.10/site-packages/openpoints/dataset/scannetv2/__pycache__/__init__.cpython-310.pyc
/home/jetson/vmf/install/robot_grasping/share/ament_index/resource_index/packages/robot_grasping
/home/jetson/vmf/install/robot_grasping/share/robot_grasping/package.xml
/home/jetson/vmf/install/robot_grasping/lib/python3.10/site-packages/robot_grasping-0.0.0-py3.10.egg-info/top_level.txt
/home/jetson/vmf/install/robot_grasping/lib/python3.10/site-packages/robot_grasping-0.0.0-py3.10.egg-info/zip-safe
/home/jetson/vmf/install/robot_grasping/lib/python3.10/site-packages/robot_grasping-0.0.0-py3.10.egg-info/SOURCES.txt
/home/jetson/vmf/install/robot_grasping/lib/python3.10/site-packages/robot_grasping-0.0.0-py3.10.egg-info/requires.txt
/home/jetson/vmf/install/robot_grasping/lib/python3.10/site-packages/robot_grasping-0.0.0-py3.10.egg-info/entry_points.txt
/home/jetson/vmf/install/robot_grasping/lib/python3.10/site-packages/robot_grasping-0.0.0-py3.10.egg-info/PKG-INFO
/home/jetson/vmf/install/robot_grasping/lib/python3.10/site-packages/robot_grasping-0.0.0-py3.10.egg-info/dependency_links.txt
/home/jetson/vmf/install/robot_grasping/lib/robot_grasping/data
/home/jetson/vmf/install/robot_grasping/lib/robot_grasping/frame_saver
/home/jetson/vmf/install/robot_grasping/lib/robot_grasping/giga
/home/jetson/vmf/install/robot_grasping/lib/robot_grasping/giga_active
/home/jetson/vmf/install/robot_grasping/lib/robot_grasping/visualization
/home/jetson/vmf/install/robot_grasping/lib/robot_grasping/vlm
/home/jetson/vmf/install/robot_grasping/lib/robot_grasping/vmf
